tender_no,source_files,folder_path
(No.1 Elect /25-26)dt.13.10.2025,"[""14648_11zon_(1).pdf_1762842812_67957666.pdf""]",tender-documents
- CE/EHV PC O&M Zone/Pune/T-67/2024-25,"[""mahatransco5.pdf_1732946517_2036529599.pdf""]",tender-documents
-KTPS/PUR/2024-25/EM&T-660/RFX T- 3000051999,"[""1727508222.pdf""]",tender-documents
. 021/383/2482000111/02/00/500010525,"[""1727932732.pdf""]",tender-documents
. TGPMM21-30/2025,"[""TCTL.pdf_1764235619_525652451.pdf""]",tender-documents
0000091,"[""MSETCL.pdf_1737530415_2075204052.pdf""]",tender-documents
01/2026-27,"[""1779357063078_1_gen_terms___condition_hvac.pdf"", ""1779357063215_1_gen_terms___conditon.pdf"", ""1779357063285_4_hvac_gen_condittion.pdf"", ""1779357063307_5_boq_hvac.pdf"", ""1779357063321_6_boq_tfas.pdf""]",tender-documents
01261979,"[""1770879499910_194678386__1_.pdf""]",tender-documents
01261979B,"[""1785393426488_viewNitPdf_5491547__1_.pdf""]",tender-documents
01265084,"[""1778050758384_viewNitPdf_5380083__1_.pdf""]",tender-documents
01EE(E)I/AIIMS/2025-26,"[""169679972_(1).pdf_1746857401_1258710514.pdf""]",tender-documents
02-03/ED (S&P)/SEP-IV/NIT/2805,"[""172793494.pdf_1751363700_65317331.pdf""]",tender-documents
02/SEE/NGP/CCW/NIT/2026-27,"[""1782470911420_Instructions_to_bidders.pdf"", ""1782470911523_PriceBid02202627.xlsx"", ""1782470911537_SEENIT02202627.pdf""]",tender-documents
02251123,"[""viewNitPdf_4951537.pdf_1746770450_1630680428.pdf""]",tender-documents
02252518B,"[""viewNitPdf_5271076.pdf_1769840944_844377428.pdf"", ""1771227970258_correction_slip_no_.pdf"", ""1771227970487_ITT_Rev_1_21_April_2024.pdf""]",tender-documents
02255167,"[""viewNitPdf_5243956_(1).pdf_1767858909_373711495.pdf""]",tender-documents
02255167A,"[""1780473771222_5114518.pdf"", ""1780473771347_5590677.pdf"", ""1780473771433_5590827.pdf"", ""1780473771592_5114517.pdf"", ""1780473771681_100891999.pdf""]",tender-documents
02255168,"[""1779275019996_viewNitPdf_5399661__1_.pdf""]",tender-documents
0226080A,"[""1778322120089_viewNitPdf_5359926__1_.pdf""]",tender-documents
02261776,"[""1776406845192_viewNitPdf_5357690__2_.pdf""]",tender-documents
02265013,"[""viewNitPdf_5269445.pdf_1769843211_1439200837.pdf"", ""Railway_UPS.pdf_1769843211_2106110585.pdf"", ""5114518.pdf_1769843211_1557142998.pdf""]",tender-documents
02265046,"[""1773901691383_viewNitPdf_5326144__1_.pdf""]",tender-documents
02265056,"[""1775545610709_viewNitPdf_5345141__1_.pdf""]",tender-documents
02265266,"[""1780642969456_viewNitPdf_5414734__1_.pdf""]",tender-documents
02RT-T-CharBatt-MB-25-26,"[""1779262609033_100426829.pdf""]",tender-documents
03-01/Add(CE Gen)/GangrelHEP/TS-11/2024-25/2160,"[""169622956.pdf_1746534156_2110173058.pdf""]",tender-documents
03-02/TENDER/E-BIDDING/TR-233/1976,"[""CSPTCL.pdf_1731997692_777700142.pdf""]",tender-documents
03-03/SE-II/TN-309/HP-384/25-26,"[""93246179_(1).pdf_1759920377_1004550446.pdf""]",tender-documents
03-03/TN-398/25-26/5877,"[""NIT_TD8713_(1).pdf_1768474503_1495630716.pdf""]",tender-documents
03/EE/2024-25,"[""gup.pdf_1735556005_80114438.pdf""]",tender-documents
03/NIT/SEE/CCW/NGP/2026-27,"[""1783664970248_Instructions_to_bidders.pdf"", ""1783664970370_PriceBid03202627.xlsx"", ""1783664970372_SEENIT03202627.pdf""]",tender-documents
0326D0043A,"[""1773390751597_197611172__2_.pdf""]",tender-documents
04251015,,tender-documents
04251096,"[""RCF.pdf_1756706268_733934132.pdf""]",tender-documents
04261025,"[""1778738837744_RCF.pdf""]",tender-documents
04261149,"[""1775545336567_viewNitPdf_5345433__1_.pdf""]",tender-documents
04261294,"[""1770968782044_viewNitPdf_5287371.pdf""]",tender-documents
04261885,"[""1783067547279_viewNitPdf_5454332__1_.pdf""]",tender-documents
0526085,"[""1779346572245_viewNitPdf_5392887__1_.pdf""]",tender-documents
0526086,"[""1779346705336_viewNitPdf_5392890__1_.pdf""]",tender-documents
05261029,"[""1781598132074_viewNitPdf_5430245__1_.pdf""]",tender-documents
05261203A,"[""1780640979763_viewNitPdf_5414017__1_.pdf""]",tender-documents
05261203C,"[""1783157637832_viewNitPdf_5457211__1_.pdf""]",tender-documents
05261212,"[""1783578861068_viewNitPdf_5463654__1_.pdf""]",tender-documents
05R2of2025-26,"[""doc1594913284384109049.pdf_1769671627_1923449227.pdf""]",tender-documents
06245040C,"[""viewNitPdf_4945730.pdf_1746600773_2036370732.pdf""]",tender-documents
06255013,"[""doc9626473222242438701.pdf_1753509434_1826885844.pdf""]",tender-documents
06261201,"[""1775804264555_viewNitPdf_5349779__1_.pdf""]",tender-documents
06261202,"[""1780641576265_viewNitPdf_5409735__1_.pdf""]",tender-documents
06261731,"[""1780642115216_viewNitPdf_5409717__1_.pdf""]",tender-documents
06265046,"[""1778524951331_1778323033849_viewNitPdf_5384510__1_.pdf"", ""1778524951398_5736555.pdf"", ""1778524951677_5747974.pdf""]",tender-documents
07-01/EITC/Tr-403/456,"[""172931152_(1).pdf_1749809918_694894644.pdf""]",tender-documents
07261326A,"[""1781767984065_viewNitPdf_5436677__1_.pdf""]",tender-documents
08245077C,"[""1726744167.pdf""]",tender-documents
08255072,"[""1784016870975_5789473.pdf"", ""1784016871077_5823134.pdf"", ""1784016871123_101828309.pdf""]",tender-documents
08260023A,"[""1781683602665_viewNitPdf_5426601__1_.pdf""]",tender-documents
08261507,"[""1779346477544_viewNitPdf_5401546__1___1_.pdf""]",tender-documents
09-12/AU/EO/TPA/2025-26,"[""94910536.pdf_1763984155_22441363.pdf""]",tender-documents
09/NIT/SEE/CCE/NGP/2025-26,"[""1775127363572_Instructions_to_bidders.pdf""]",tender-documents
1000013712,"[""ppcl.pdf_1758873315_1001623810.pdf""]",tender-documents
1000439344,"[""Annexure_I_ITB.pdf_1753686627_793171258.pdf"", ""Annexure_II_BQC.pdf_1753686627_78373885.pdf"", ""Annexure_III_SPC.pdf_1753686627_639287332.pdf"", ""Annexure_IV_Tech.pdf_1753686627_664651736.pdf"", ""Annexure_V_GPC_Updated_080125.pdf_1753686627_901756608.pdf"", ""Annexure_VI_Integrity_Pact.pdf_1753686627_1484399064.pdf"", ""Annexure_VII_Policy.pdf_1753686628_1392171479.pdf"", ""Annexure_VIII_Format_of_Forms.pdf_1753686628_1480904064.pdf"", ""GPC_Updated_171224.pdf_1753686628_1123538208.pdf"", ""HSSE_POLICY.pdf_1753686628_366015049.pdf"", ""IP_PAC.pdf_1753686628_1636200412.pdf"", ""NIT_PAC.pdf_1753686628_435665109.pdf"", ""BUDGETDOC_21690.xlsx_1753686628_643694110.xlsx""]",tender-documents
1000447185,"[""NIT_UPS.pdf_1765442444_674823176.pdf"", ""Annexure_VII_Policy.pdf_1765442444_813175008.pdf"", ""Annexure_V_HSSE_POLICY.pdf_1765442444_885336120.pdf"", ""Annexure_VI_Format_of_Forms.pdf_1765442444_429338444.pdf"", ""Annexure_III_SOW_(2).pdf_1765442444_664373230.pdf"", ""Annexure_III_SOW_(1).pdf_1765442444_54671883.pdf""]",tender-documents
1000448308,"[""23662_(1).pdf_1766734373_1037845560.pdf""]",tender-documents
1000453692,"[""1773819176392_24823__1_.pdf""]",tender-documents
1025058,"[""viewNitPdf_5141679_(1).pdf_1761820954_1470855808.pdf""]",tender-documents
1025059,"[""viewNitPdf_5148866_(1).pdf_1761821082_920545857.pdf""]",tender-documents
11/EE(TEST)/DKP/2024-25,"[""UJVNL.pdf_1735556449_1236051184.pdf""]",tender-documents
11250637A,"[""1779264032718_viewNitPdf_5397998__1_.pdf""]",tender-documents
11260629,"[""1782816558321_viewNitPdf_5449571__1_.pdf""]",tender-documents
120 2025 2026 dated 13 03 2026 / 01,"[""1774338068498_NIT120.pdf""]",tender-documents
129532,"[""getco2.pdf_1732531628_1288460764.pdf""]",tender-documents
129732,"[""GSECL.pdf_1737010379_1903703148.pdf""]",tender-documents
13/PR/BSPTCL/2026,"[""1775716564603_5396_231.pdf"", ""1776257173049_BSPTCL_Tender.pdf"", ""1776257178252_BSPTCL_NIT_TENDER_DOC_battery_bank_VRLA-26_03_26.pdf"", ""1776257183274_08596_rfqCreation.xls""]",tender-documents
1320/2025,"[""CSPGCL.pdf_1737529966_1101705701.pdf""]",tender-documents
134665,"[""GETCL.html_1734102183_1659862685.html""]",tender-documents
138604,"[""NIT138_(1).pdf_1767605999_2064870355.pdf""]",tender-documents
139356,"[""GSPL.pdf_1736699214_718330906.pdf""]",tender-documents
140266,"[""gwrdl.html_1735204504_682992006.html""]",tender-documents
14251164,"[""1773481757848_IREPS__1_.pdf""]",tender-documents
14251164A,"[""1782891376142_viewNitPdf_5452340__1_.pdf""]",tender-documents
14254941A,"[""1773480643558_97607326__2___1_.pdf""]",tender-documents
14255093,"[""R5.pdf_1745043813_1950145481.pdf""]",tender-documents
14264939,"[""1780572487689_viewNitPdf_5417936__1_.pdf""]",tender-documents
147479,"[""GSECL.pdf_1737372194_390620333.pdf""]",tender-documents
15-2 - For 2024-25,"[""DWR.pdf_1735883764_1323067739.pdf""]",tender-documents
15-3- - For 2024-25,"[""DWR.pdf_1735883999_903382136.pdf""]",tender-documents
15250026,"[""1773388076223_viewNitPdf_5318451__1_.pdf""]",tender-documents
15250545,"[""1780985846799_viewNitPdf_5422800__1_.pdf"", ""1781173314112_Conditions.pdf"", ""1781173314271_SR_Tender_Docs.pdf"", ""1781173314382_Annexure_B.pdf""]",tender-documents
16241206,"[""1725353433.pdf""]",tender-documents
17-ElectDYCEECT167,"[""1781171532574_TendrebookletWR-BPQ2026-27-02.pdf"", ""1781171532938_viewNitPdf_5389202.pdf""]",tender-documents
17/2025-26/EE (E)/PHEWD,"[""NIT17PHEWD.pdf_1749732133_987421149.pdf""]",tender-documents
19256761,"[""viewNitPdf_5045838.pdf_1752825272_1186993030.pdf""]",tender-documents
19265155,"[""viewNitPdf_5268175.pdf_1769671108_162721828.pdf""]",tender-documents
19265228,"[""viewNitPdf_5259793_(3).pdf_1769065052_1229975233.pdf""]",tender-documents
19265301,"[""1772879565083_viewNitPdf_5300529__1___2_.pdf""]",tender-documents
19265556,"[""1773654157475_viewNitPdf_5313585__1_.pdf""]",tender-documents
19266222,"[""1780646901618_viewNitPdf_5419892__1_.pdf""]",tender-documents
19266222A,"[""1785571339166_viewNitPdf_5493291__1_.pdf""]",tender-documents
19266230,"[""1780646311486_viewNitPdf_5420440__1_.pdf""]",tender-documents
19266251,"[""1780987750507_viewNitPdf_5424934__2_.pdf""]",tender-documents
2024-25/Estate/2B/LNM-769,"[""LNMIIT.docx_1735536098_1816782928.docx""]",tender-documents
2024_AEGCL_40002_1,"[""AEGCL2.html_1731995531_629122383.html""]",tender-documents
2024_ANERT_687282_1,"[""1730701542.htm""]",tender-documents
2024_BEST_1125660_1,"[""BEST.html_1735217200_546742255.html""]",tender-documents
2024_BHEL_38669_3,"[""BHEL_E.html_1732362040_447608385.html""]",tender-documents
2024_BHEL_40014_1,"[""1727934184.pdf""]",tender-documents
2024_BHEL_41198_1,"[""BHEL_RAMMAM.html_1731995239_906511356.html""]",tender-documents
2024_BHEL_41284_1,"[""1730702015.html""]",tender-documents
2024_BHEL_41284_2,"[""BHEL.html_1734147177_1598806870.html""]",tender-documents
2024_BHEL_42900_1,"[""BHEL.html_1734441073_189518454.html""]",tender-documents
2024_BHEL_43146_1,"[""BHEL.html_1735891394_39941268.html""]",tender-documents
2024_BRBCL_93055_1,"[""BRBCL.html_1735287926_1266353828.html""]",tender-documents
2024_BSF_830752_1,"[""1729663713.html""]",tender-documents
2024_BSF_830754_1,"[""1729662776.html""]",tender-documents
2024_BSF_832922_1,"[""1730716105.html""]",tender-documents
2024_BSF_832923_1,"[""1730716451.html""]",tender-documents
2024_BSF_832924_1,"[""1730717311.html""]",tender-documents
2024_BSF_832925_1,"[""1730715789.html""]",tender-documents
2024_BSF_838266_1,"[""bsf.html_1735193234_1241029066.html""]",tender-documents
2024_BSF_839057_1,"[""bsf.html_1735194090_1056938915.html""]",tender-documents
2024_BSF_840644_1,"[""bsf.html_1735193792_427087757.html""]",tender-documents
2024_BSF_841189_1,"[""bsf.html_1735193501_1944684065.html""]",tender-documents
2024_DMRC_823016_1,"[""1725100665.docx""]",tender-documents
2024_DMRC_839589_1,"[""DMRC.html_1735194319_1696021471.html""]",tender-documents
2024_DOLBU_974736_1,"[""municipal_corporation.pdf_1732270038_184720897.pdf""]",tender-documents
2024_DTIDC_263131_1,"[""DTIDCL.html_1735293674_1429057119.html""]",tender-documents
2024_DVVNL_972211_2,"[""DVVNL.pdf_1737010736_613577165.pdf""]",tender-documents
2024_DVVNL_973416_1,"[""1731585694.zip""]",tender-documents
2024_EB_496204_1,"[""TNEB2.html_1732261962_1750653761.html""]",tender-documents
2024_EB_496507_1,"[""TNEB4.html_1732362443_403927860.html""]",tender-documents
2024_FACT_823240_1,"[""1725341422.zip""]",tender-documents
2024_HBC_412633_1,"[""hvpnl.html_1732881798_311445690.html""]",tender-documents
2024_HPSEB_96319_1,"[""HPSEB.html_1734110986_1941656789.html""]",tender-documents
2024_HRY_419071_1,"[""PHED.html_1735301463_2017940450.html""]",tender-documents
2024_ICD_40263_1,"[""DNPL.pdf_1732272439_800249112.pdf"", ""dnpl_assam.html_1732344605_876609066.html""]",tender-documents
2024_ICD_41788_1,"[""ICD.pdf_1739357935_980727187.pdf""]",tender-documents
2024_ID_41440_1,"[""ID.html_1735300360_1483653571.html""]",tender-documents
2024_ID_41443_1,"[""ID.html_1735300672_1977134489.html""]",tender-documents
2024_ID_41444_1,"[""ID.html_1735300934_1740398277.html""]",tender-documents
2024_ID_41454_1,"[""ID.html_1735301106_1656103400.html""]",tender-documents
2024_IOL_220244_1,"[""IOL.html_1735195342_2134806518.html""]",tender-documents
2024_IPGCL_266724_1,"[""amc.pdf_1746689430_915091924.pdf""]",tender-documents
2024_IUST_266842_1,"[""IUST.html_1735214056_763486616.html""]",tender-documents
2024_JKEDA_263500_1,"[""JKEDA.html_1732273237_1930598168.html""]",tender-documents
2024_JR_180790_1,"[""1728645233.pdf""]",tender-documents
2024_MCD_215297_1,"[""MCD2.html_1732358977_452849241.html""]",tender-documents
2024_MCD_215455_1,"[""MCD.html_1732358752_626840588.html""]",tender-documents
2024_MES_690217_1,"[""mes.html_1735214416_1131030293.html""]",tender-documents
2024_MPPGC_363640_1,"[""1725858229.zip""]",tender-documents
2024_MPUVN_383987_1,"[""mpuvnl.pdf_1736772310_855866287.pdf""]",tender-documents
2024_NBCC_769858_1,"[""1725366184.zip""]",tender-documents
2024_NBCC_774594_5,"[""NBCCL.html_1735207038_48730118.html""]",tender-documents
2024_NDMC_266792_1,"[""NMDC.pdf_1735296655_206053618.pdf""]",tender-documents
2024_NHPC_821806_1,"[""nhp.html_1732511478_1903035928.html""]",tender-documents
2024_NHPC_838781_1,"[""NHPC.html_1735195042_188859836.html""]",tender-documents
2024_NMRCL_981759_1,"[""NMDC.pdf_1734148750_514332436.pdf""]",tender-documents
2024_NTPC_90205_1,"[""1731561387.html""]",tender-documents
2024_NTPC_91726_1,"[""1730875319.pdf""]",tender-documents
2024_NTPC_91783_2,"[""NTPCL.pdf_1737533761_1773318387.pdf""]",tender-documents
2024_NTPC_91796_1,"[""NTPC.pdf_1737010159_947600838.pdf""]",tender-documents
2024_NTPC_91853_1,"[""ntpc_vent_plug.html_1732261370_1707420093.html""]",tender-documents
2024_NTPC_91891_1,"[""NTPC.pdf_1737369744_380081312.pdf""]",tender-documents
2024_NTPC_93031_1,"[""NTPC.pdf_1740830628_1948170937.pdf""]",tender-documents
2024_OIDB_838963_1,"[""OIDB.pdf_1734101034_557763384.pdf""]",tender-documents
2024_ONGC_211423_2,"[""ongc2.html_1731736940_1807495591.html""]",tender-documents
2024_PDD_254231_1,"[""1725104675.docx""]",tender-documents
2024_PDD_256332_1,"[""1725343878.zip""]",tender-documents
2024_PDD_265098_1,"[""PDD.html_1732264184_2115923517.html""]",tender-documents
2024_PKVVC_382170_1,"[""mp.html_1732359588_402961297.html""]",tender-documents
2024_POWER_125553_1,"[""PSPCL.html_1731998442_442789946.html""]",tender-documents
2024_POWER_126149_2,"[""1725103193.docx""]",tender-documents
2024_PTC21_76012_1,"[""ptcul.html_1733832245_1172431680.html""]",tender-documents
2024_PTC21_76688_1,"[""1728543304.pdf""]",tender-documents
2024_PTC21_77468_1,"[""1730875720.jpeg""]",tender-documents
2024_PTC21_78460_1,"[""PTCUL2.html_1733833632_248708445.html""]",tender-documents
2024_PTC21_78962_1,"[""ptcul.html_1735285415_1790600897.html""]",tender-documents
2024_PTC21_78969_1,"[""ptcul.html_1735286168_677047908.html""]",tender-documents
2024_PVVNV_970417_1,"[""1730710844.html""]",tender-documents
2024_PWD_264312_1,"[""PWD.html_1732516289_1310851727.html""]",tender-documents
2024_RPI_715073_1,"[""RPI.html_1734439268_2028253278.html""]",tender-documents
2024_RRVPN_423808_1,"[""rrvpn2.html_1732880209_230664576.html""]",tender-documents
2024_RRVUN_429248_1,"[""rrv.html_1732951023_2066576585.html""]",tender-documents
2024_RTCIL_781157_1,"[""RAILTEL.html_1734096838_120060366.html""]",tender-documents
2024_RVUNL_968211_1,"[""1730710344.html""]",tender-documents
2024_SJVNL_775994_1,"[""SJVN.html_1732269478_132784966.html""]",tender-documents
2024_SPDC_266702_1,"[""JKSPDC.html_1733833345_334613126.html""]",tender-documents
2024_TCIL_206591_1,"[""1725426864.zip""]",tender-documents
2024_TCIL_216708_1,"[""TCIL.html_1735294219_135091366.html""]",tender-documents
2024_TRANS_131957_1,"[""PRTC.pdf_1736709376_1625416622.pdf""]",tender-documents
2024_UAD_374585_1,"[""1728539585.pdf""]",tender-documents
2024_UAD_384628_9,"[""UAD.html_1734439659_1629450077.html""]",tender-documents
2024_UCIL_218499_1,"[""ucil.pdf_1734150858_1406486891.pdf""]",tender-documents
2024_UDD_96673_1,"[""UDD.pdf_1734438522_4098212.pdf""]",tender-documents
2024_UPJVN_959309_1,"[""1727509395.pdf""]",tender-documents
2024_UPNED_968976_1,"[""UP_SOLAR.html_1732271758_994065160.html""]",tender-documents
2024_UPTCL_976560_1,"[""UPT.html_1732947021_2034673332.html""]",tender-documents
2024_UPTCL_976560_2,"[""UPPTCL.pdf_1738140485_2114143272.pdf""]",tender-documents
2024_UTDNH_7323_1,"[""UT.html_1731750353_1493159739.html""]",tender-documents
2024_WRRAJ_181598_2,"[""IOCL_RAJKOT.html_1732953851_1215537070.html""]",tender-documents
2024_ZPHD_772058_1,"[""zp.html_1732532098_1833980385.html""]",tender-documents
2025-26/Estate/2B/LNM-1229,"[""supply-and-installation-of-variable-refrigerant-volume-vrv-variable-refrigerant-flow-vrf-air-conditioning-machines-for-boys-hostel1-and-girls-hostel_1766585169.docx_1767428693_1239012154.docx""]",tender-documents
2025245212054R,"[""viewNitPdf_5249877.pdf_1769458214_931100169.pdf""]",tender-documents
2025_AAI_234581_1,"[""Tendernotice_1_(8).pdf_1749547544_822747555.pdf""]",tender-documents
2025_AAI_236054_1,"[""3.pdf_1748244019_660791624.pdf""]",tender-documents
2025_AAI_236102_1,"[""Government_eProcurement_System.pdf_1748675616_615219191.pdf""]",tender-documents
2025_AAI_236781_1,"[""GeM-Bidding-7759152.pdf_1750418750_1097168880.pdf"", ""Tendernotice_1_(15).pdf_1750419164_2054556217.pdf""]",tender-documents
2025_AAI_239329_1,,tender-documents
2025_AAI_240520_1,"[""BOQ_275049.xls_1754045658_823922067.xls"", ""TD_pub.pdf_1754045658_713776807.pdf"", ""Tendernotice_1_(33).pdf_1754045658_1093862610.pdf""]",tender-documents
2025_AAI_245986_1,"[""BOQ_282127.xls_1756551640_1309024190.xls"", ""tenderdoc.pdf_1756551640_878581155.pdf"", ""Tendernotice_1_(1).pdf_1756551640_2120036701.pdf""]",tender-documents
2025_AAI_246253_1,"[""Tendernotice_1_(3).pdf_1757156220_2111979285.pdf"", ""BOQ_281989.xls_1757156220_1525378514.xls"", ""tender_book.pdf_1757156220_270587407.pdf""]",tender-documents
2025_AAI_248578_1,"[""92406718.pdf_1758522140_992756650.pdf""]",tender-documents
2025_AAI_248744_1,"[""92718744.pdf_1758785610_852989972.pdf"", ""92718744_(1).xls_1758785610_77009180.xls""]",tender-documents
2025_AAI_248919_1,"[""Tendernotice_1_(36).pdf_1759146463_1517162535.pdf""]",tender-documents
2025_AAI_249165_1,"[""Tendernotice_1_(17).pdf_1758534268_96507386.pdf""]",tender-documents
2025_AAI_250397_1,"[""Tendernotice_1_(23).pdf_1758974357_1456546983.pdf"", ""AAI.pdf_1758974357_122260185.pdf""]",tender-documents
2025_AAI_250674_1,"[""92974483.pdf_1759491058_1044085854.pdf"", ""92974483.xls_1759491058_1138860185.xls""]",tender-documents
2025_AAI_250993_1,"[""Tendernotice_1_(6).pdf_1760343433_1335130344.pdf""]",tender-documents
2025_AAI_251587_1,"[""Tendernotice_1_(7).pdf_1760343993_391349032.pdf""]",tender-documents
2025_AAI_253469_1,"[""93926084.xls_1763105844_1197461977.xls"", ""93926084.pdf_1763105844_1020308817.pdf""]",tender-documents
2025_AAI_255086_1,"[""94762149.pdf_1764586598_2139139029.pdf"", ""94762149.xls_1764586598_306606636.xls""]",tender-documents
2025_AAI_256261_1,"[""94866935.pdf_1764067475_1365248890.pdf"", ""94866935.xls_1764067475_679730125.xls""]",tender-documents
2025_AAI_256657_1,"[""Tendernotice_1_(6).pdf_1764592539_1045483117.pdf""]",tender-documents
2025_AAI_256926_1,"[""95085945.pdf_1764832243_1861546488.pdf"", ""95085945.xls_1764832243_670710345.xls""]",tender-documents
2025_AAI_257985_1,"[""95492630.pdf_1765971957_2018572643.pdf"", ""95492630.xls_1765971957_1382679203.xls""]",tender-documents
2025_AAI_259097_1,"[""95730824.pdf_1767348387_858334251.pdf"", ""95730824.xls_1767348387_995042487.xls""]",tender-documents
2025_AEGCL_46991_1,"[""AEGCL.pdf_1757333718_2119021406.pdf"", ""eProcurement_System_Government_of_Assam_(2).pdf_1757333718_1546528778.pdf""]",tender-documents
2025_AEGCL_48064_1,"[""93590867_(4).pdf_1763972522_1289637771.pdf"", ""93590867_(1).pdf_1763972522_97456882.pdf"", ""93590867_(2).pdf_1763972522_2123507241.pdf"", ""93590867_(3).pdf_1763972522_145882538.pdf"", ""93590867.pdf_1763972522_1954565002.pdf"", ""93590867.xls_1763972522_149349340.xls""]",tender-documents
2025_AIIMB_883291_1,"[""94035553.pdf_1762337952_1119874854.pdf""]",tender-documents
2025_AIMSJ_887015_1,"[""94996960.pdf_1764419289_668260268.pdf"", ""94996960.xls_1764419289_608203960.xls""]",tender-documents
2025_AIMSJ_887015_2,"[""Bid.pdf_1768543414_1394704930.pdf"", ""BOQ_938535.xls_1768543414_1589366791.xls"", ""NIT.pdf_1768543414_269877452.pdf"", ""Tendernotice_1_(36).pdf_1768543414_1737991783.pdf""]",tender-documents
2025_ALIMC_890507_1,"[""AMLCI.pdf_1766140252_894432295.pdf"", ""Tendernotice_1_-_2025-12-19T155228.890.pdf_1766140252_1915140684.pdf""]",tender-documents
2025_AMSPA_878850_1,"[""tenderdoc.pdf_1759225667_85100795.pdf"", ""AIIMS2.pdf_1759225667_1044990334.pdf"", ""aiims.pdf_1759225667_1055281116.pdf""]",tender-documents
2025_APDCL_48268_1,"[""RFP.pdf_1761812137_1993348099.pdf"", ""UPS.pdf_1761812137_1843552065.pdf"", ""Tendernotice_1_(53).pdf_1761812137_116194483.pdf""]",tender-documents
2025_AVVNL_514256_1,"[""94730749_(1).pdf_1763623978_1241235238.pdf""]",tender-documents
2025_BARC_880669_1,"[""93441315.pdf_1760598432_1799292614.pdf"", ""93441315.xls_1760598432_711120020.xls""]",tender-documents
2025_BARC_885884_1,"[""94695234.pdf_1764074473_485854223.pdf""]",tender-documents
2025_BARC_891069_1,"[""95971636.xls_1767867118_558452073.xls"", ""95971636_(1).pdf_1767867118_1934263237.pdf"", ""95971636.pdf_1767867118_961493358.pdf""]",tender-documents
2025_BBMB_236016_1,"[""Tendernotice_1_(7).pdf_1749533528_1471757225.pdf""]",tender-documents
2025_BBMB_244052_1,"[""BOQ_278787.xls_1755934459_1657832110.xls"", ""Tendernotice_1.pdf_1755934459_1494177012.pdf""]",tender-documents
2025_BCPL_820027_1,"[""BCPL2025-26_ET_53.pdf_1765535202_946635696.pdf"", ""Tendernotice_1_(8).pdf_1765535202_806821158.pdf""]",tender-documents
2025_BEL_98298_1,"[""Tendernotice_1_(45).pdf_1761388585_1251726097.pdf"", ""BEL.pdf_1761388585_72823126.pdf""]",tender-documents
2025_BEL_98527_1,"[""WhatsApp_Image_2025-12-01_at_3.15.41_PM.jpeg_1764582432_1150124383.jpeg""]",tender-documents
2025_BHEL_47370_1,"[""Government_eProcurement_System.pdf_1745655829_2002065153.pdf""]",tender-documents
2025_BHEL_47385_1,"[""BHEL.pdf_1745039602_704820515.pdf""]",tender-documents
2025_BHEL_51810_1,"[""Government_eProcurement_System.pdf_1755674085_1057298018.pdf""]",tender-documents
2025_BHEL_54793_1,"[""BOQ_59198.xls_1763372692_2096720495.xls"", ""Tendernotice_1_(74).pdf_1763372692_1730078515.pdf""]",tender-documents
2025_BHEL_54839_1,"[""Tendernotice_1_(37).pdf_1763374775_1627026504.pdf""]",tender-documents
2025_BHEL_55092_1,"[""Tendernotice_1_(43).pdf_1763970217_19346100.pdf""]",tender-documents
2025_BHEL_56156_1,"[""BOQ_60710.xls_1768032982_1746578299.xls"", ""Tendernotice_1_(32).pdf_1768032982_1178937382.pdf""]",tender-documents
2025_BPSCL_246426_1,"[""bpscl.pdf_1756294092_1642234720.pdf""]",tender-documents
2025_BPSCL_250675_1,"[""B.pdf_1760181191_1912147078.pdf"", ""Tendernotice_1_(33).pdf_1760181191_76468139.pdf""]",tender-documents
2025_BSER_466752_1,"[""Tendernotice_1_(3).pdf_1748841624_1841879033.pdf""]",tender-documents
2025_BSNL_228755_1,"[""bsnl.pdf_1741177413_1109996168.pdf""]",tender-documents
2025_CCL_348566_1,"[""ccl.pdf_1764847207_2070803986.pdf"", ""Tendernotice_1_-_2025-12-04T164553.348.pdf_1764847207_773032615.pdf""]",tender-documents
2025_CCL_349603_1,"[""UPS.pdf_1766131029_2049348601.pdf"", ""Tendernotice_1_-_2025-12-19T132543.053.pdf_1766131029_405962324.pdf""]",tender-documents
2025_CCL_349603_3,"[""FCBC.pdf_1766137854_1974281378.pdf"", ""Tendernotice_1_-_2025-12-19T151941.493.pdf_1766137854_1845929732.pdf""]",tender-documents
2025_CEL_247013_1,"[""179735732.xls_1757498701_1122777138.xls"", ""179735733.pdf_1757498701_417186007.pdf"", ""91967039.pdf_1757498701_1363728295.pdf""]",tender-documents
2025_CEPWD_518344_2,"[""Tendernotice_2_(10).pdf_1765180459_1027709977.pdf"", ""Tendernotice_1_-_2025-12-08T132355.314.pdf_1765180459_1564567554.pdf""]",tender-documents
2025_CEPWD_67476_1,"[""94865255.pdf_1763976508_1291601420.pdf"", ""94865255.xls_1763976508_1912703975.xls""]",tender-documents
2025_CHD_84132_1,"[""ced.pdf_1736855098_812548463.pdf""]",tender-documents
2025_CIAL_807427_1,"[""93336146.pdf_1761905694_342190385.pdf"", ""93336146.xls_1761905694_684656624.xls""]",tender-documents
2025_CMPBC_121063_1,"[""1.pdf_1762947991_1459412651.pdf"", ""UPS.pdf_1762947991_1232905306.pdf""]",tender-documents
2025_CMPBC_121063_2,"[""VRLA1.pdf_1765264063_2142924329.pdf"", ""1.pdf_1765264063_1759113507.pdf"", ""vrla.pdf_1765264063_1747405662.pdf"", ""Tendernotice_1_-_2025-12-09T123241.724.pdf_1765264063_1239452393.pdf""]",tender-documents
2025_CONCR_820783_1,"[""Enq_Letter_Cooling_Tower_Office_Copy_28-11-2025.pdf_1765263643_922461796.pdf"", ""95195423.pdf_1765263643_1454377111.pdf""]",tender-documents
2025_CRIS_ELECT_11,"[""1782369392298_CRIS_Tender_doc.pdf""]",tender-documents
2025_CRIS_ELECT_14,"[""1773823248352_viewNitPdf_5231301__1___3_.pdf""]",tender-documents
2025_CSIR_238226_1,"[""Tendernotice_1_(27).pdf_1752233226_607691621.pdf""]",tender-documents
2025_CSIR_239186_1,"[""Tendernotice_1_(17).pdf_1750760119_974864530.pdf""]",tender-documents
2025_CSIR_240969_1,"[""BOQ_274549.xls_1753350429_759478044.xls"", ""TES.pdf_1753350429_545296191.pdf"", ""Tendernotice_1_(28).pdf_1753350429_222982297.pdf""]",tender-documents
2025_CSIR_246761_1,"[""BOQ_282428.xls_1757157117_1671528366.xls"", ""TenderVRFVRV.pdf_1757157117_414970473.pdf"", ""Tendernotice_1_(4).pdf_1757157117_1338622012.pdf""]",tender-documents
2025_CSIR_248985_1,"[""Tendernotice_1_(18).pdf_1758537542_1881585722.pdf"", ""92510933.pdf_1758537542_1214292443.pdf"", ""92510933.xls_1758537542_775968311.xls""]",tender-documents
2025_CSIR_248986_1,"[""Tendernotice_1_(19).pdf_1758623392_915265525.pdf""]",tender-documents
2025_CSIR_252937_1,"[""Tendernotice_1_(12).pdf_1761983832_648500333.pdf""]",tender-documents
2025_CSIR_254775_1,"[""94376746.pdf_1763640975_355658693.pdf"", ""94376746.xls_1763640975_888828173.xls""]",tender-documents
2025_CSIR_257792_1,"[""95295356.xls_1766484474_801703005.xls"", ""95295356.pdf_1766484474_268160286.pdf""]",tender-documents
2025_CSIR_259746_1,"[""95840649.pdf_1766486305_769726816.pdf"", ""95840649.xls_1766486305_1605215891.xls""]",tender-documents
2025_CURAJ_864552_1,"[""Tendernotice_1_(14).pdf_1750240718_815757770.pdf""]",tender-documents
2025_CoC_571827_1,"[""gcc.pdf_1751358395_116384760.pdf""]",tender-documents
2025_DAE_877490_1,"[""92469818.pdf_1758361171_1839673820.pdf"", ""92469818.xls_1758361171_694658895.xls""]",tender-documents
2025_DAE_882389_1,"[""93758756.pdf_1761904123_917409250.pdf"", ""93758756.xls_1761904123_1262987337.xls""]",tender-documents
2025_DAE_886009_1,"[""94766062_(1).pdf_1763728428_914164700.pdf""]",tender-documents
2025_DARE_886090_1,"[""94875570.pdf_1763986615_2051717021.pdf""]",tender-documents
2025_DARE_887725_1,"[""95165663.pdf_1765005677_989588611.pdf"", ""95165663.xls_1765005677_98139899.xls""]",tender-documents
2025_DDA_877456_1,"[""92466507.pdf_1758179024_736472973.pdf"", ""92466507.xls_1758179024_1250562086.xls""]",tender-documents
2025_DDA_883797_1,,tender-documents
2025_DDA_886096_1,"[""Tendernotice_1_(42).pdf_1763635427_143708336.pdf""]",tender-documents
2025_DDA_890396_1,"[""95803359.pdf_1767168218_1135299489.pdf"", ""95803359.xls_1767168218_1745792532.xls""]",tender-documents
2025_DGLL_872300_1,"[""tender_(2).pdf_1754895628_1392392114.pdf""]",tender-documents
2025_DHI_815182_1,"[""93329104_(1).pdf_1760438001_1353432455.pdf"", ""PriceBid.xls_1760438001_73541001.xls"", ""TechnicalComplianceSheet.pdf_1760438001_1839940100.pdf"", ""TechnicalTender.pdf_1760438001_1922260747.pdf""]",tender-documents
2025_DHI_886565_1,"[""bb.pdf_1763984856_1242821918.pdf"", ""Tendernotice_1_(93).pdf_1763984856_1357693524.pdf""]",tender-documents
2025_DMRC_859021_1,"[""dmrc.pdf_1746682391_970795452.pdf""]",tender-documents
2025_DMRC_859857_1,"[""1.pdf_1748242634_486735514.pdf""]",tender-documents
2025_DMRC_884540_1,"[""DMRC.pdf_1766051663_1066572442.pdf"", ""Tendernotice_1_-_2025-12-18T152319.100.pdf_1766051663_1516103855.pdf""]",tender-documents
2025_DOP_888229_1,"[""UPS.pdf_1764835254_316995144.pdf"", ""Tendernotice_1_-_2025-12-04T132958.592.pdf_1764835254_432748560.pdf""]",tender-documents
2025_DOP_888755_1,"[""95381950_(1).pdf_1765457829_609438721.pdf"", ""95381950.pdf_1765457829_1065250967.pdf"", ""95381950.xls_1765457829_1060722603.xls""]",tender-documents
2025_DOP_891493_1,"[""Tendernotice_2_(11).pdf_1766819280_137778849.pdf"", ""Tendernotice_1_-_2025-12-27T123530.224.pdf_1766819280_930415163.pdf""]",tender-documents
2025_DPHAR_876691_1,"[""Tendernotice_1_(15).pdf_1758528757_640108102.pdf""]",tender-documents
2025_DRDO_886653_1,"[""Tendernotice_1_(5).pdf_1764588213_2107758856.pdf""]",tender-documents
2025_DREV_874926_1,"[""92015389.pdf_1757497174_292560662.pdf""]",tender-documents
2025_DTCP_450748_1,"[""Tendernotice_1_(7).pdf_1758004160_2130110038.pdf""]",tender-documents
2025_DTCP_459912_1,"[""Tendernotice_1_(79).pdf_1763537657_519439108.pdf"", ""mp.pdf_1763537657_1083926160.pdf""]",tender-documents
2025_DU_49406_1,"[""95730571.pdf_1767352552_799230639.pdf"", ""95730571.xls_1767352552_73610803.xls""]",tender-documents
2025_DVC_232848_1,"[""TS_250MW-500MWh_BESS_withDF_R.pdf_1748930717_1853687373.pdf""]",tender-documents
2025_DVC_244223_1,"[""177748384.pdf_1754651678_1534287067.pdf""]",tender-documents
2025_DVC_259120_1,"[""95690544_(1).pdf_1767358226_1736506809.pdf"", ""95690544.pdf_1767358226_727951610.pdf"", ""95690544.xls_1767358226_55873509.xls""]",tender-documents
2025_DoHE_813021_1,"[""92601971.pdf_1758612385_1212386796.pdf""]",tender-documents
2025_DoS_816863_1,"[""93886685.pdf_1762330839_556665763.pdf""]",tender-documents
2025_EB_598205_1,"[""M195TenderSpecification.pdf_1758105377_1898428889.pdf"", ""EB.pdf_1758105377_434566746.pdf""]",tender-documents
2025_EB_611762_1,"[""TenderSpecificationM-202.pdf_1761388260_316516872.pdf"", ""TNEB.pdf_1761388260_1747321862.pdf"", ""Tendernotice_1_(44).pdf_1761388260_1417935223.pdf""]",tender-documents
2025_EB_631200_1,"[""T2353BatteryCharger.pdf_1765798095_1359142570.pdf""]",tender-documents
2025_ENRGY_97275_1,"[""OEE.html_1735896836_1640377711.html""]",tender-documents
2025_EPI_259014_1,"[""95653513.pdf_1765967616_875422801.pdf"", ""95653513.xls_1765967616_1570149011.xls""]",tender-documents
2025_GAIL_248348_1,"[""Tendernotice_1_(9).pdf_1758350813_1679181716.pdf""]",tender-documents
2025_GU_23996_1,"[""BOQ_24423.xls_1754387172_609593192.xls"", ""Tn09Technical_Compliance_Sheet.xls_1754387172_659618785.xls"", ""Tendernotice_1_(34).pdf_1754387172_1455760115.pdf""]",tender-documents
2025_HBC_424022_1,"[""HPGCL.pdf_1737097942_134324041.pdf""]",tender-documents
2025_HBC_441098_1,"[""HPGCL.pdf_1745045632_1559778229.pdf""]",tender-documents
2025_HBC_453450_1,"[""Tendernotice_1_(16).pdf_1750485326_1989611094.pdf""]",tender-documents
2025_HBC_454462_1,"[""Tendernotice_1_(20).pdf_1751096784_947418951.pdf""]",tender-documents
2025_HBC_457131_1,"[""BOQ_534824.xls_1752225986_646296893.xls"", ""OT0054921.pdf_1752225986_592106938.pdf"", ""Tendernotice_1_(25).pdf_1752225986_1529453239.pdf""]",tender-documents
2025_HBC_462980_1,"[""HBC2.pdf_1758863735_955329209.pdf"", ""Tendernotice_1_(19).pdf_1758863735_899960334.pdf"", ""HBC.pdf_1758863735_2141149765.pdf""]",tender-documents
2025_HBC_468433_1,"[""91948988_(2).pdf_1757491219_718356321.pdf""]",tender-documents
2025_HBC_470076_1,"[""CHECKLIST.pdf_1757503475_615454078.pdf"", ""TenderdocumentBattery.pdf_1757503475_1328147971.pdf""]",tender-documents
2025_HBC_473128_1,"[""HBC1.pdf_1758350959_872150916.pdf"", ""HBS.pdf_1758350959_801255677.pdf""]",tender-documents
2025_HBC_476928_1,"[""Tendernotice_1_(5).pdf_1760179378_1498681702.pdf""]",tender-documents
2025_HBC_477354_1,"[""Tendernotice_1_(20).pdf_1763032912_1042857906.pdf""]",tender-documents
2025_HBC_478698_1,"[""HBC.pdf_1761292280_1918481034.pdf"", ""Tendernotice_1_(41).pdf_1761292280_693840200.pdf""]",tender-documents
2025_HBC_479713_1,,tender-documents
2025_HBC_483720_1,"[""94680406.pdf_1763535321_1329078095.pdf"", ""94680406.xls_1763535321_243587683.xls""]",tender-documents
2025_HBC_493298_1,"[""Tendernotice_1_-_2026-01-03T171550.614.pdf_1767440826_996129020.pdf"", ""HBC.pdf_1767440826_2023895733.pdf""]",tender-documents
2025_HFFN_1192379_1,"[""D1.pdf_1751272210_574511833.pdf""]",tender-documents
2025_HOCL_845588_1,"[""HOCL.pdf_1739358544_621669127.pdf""]",tender-documents
2025_HPCLB_249107_1,"[""Tendernotice_1_(2).pdf_1758176661_1398554753.pdf"", ""HPCL.pdf_1758176661_1514981981.pdf""]",tender-documents
2025_HPCLB_256457_1,"[""Tendernotice_1_(90).pdf_1763983609_543775935.pdf"", ""HPCL.pdf_1763983609_981936368.pdf""]",tender-documents
2025_HPSEB_114705_1,"[""HP.pdf_1760603615_289495185.pdf"", ""Detailed_BOQ_cum_Estimate.pdf_1760603615_1862635850.pdf"", ""Tendernotice_1_(36).pdf_1760603615_1102086791.pdf""]",tender-documents
2025_HRY_421468_1,"[""igu4.pdf_1735971676_1376168876.pdf""]",tender-documents
2025_HRY_449459_1,"[""DOT.pdf_1748498086_1267869829.pdf""]",tender-documents
2025_HRY_484480_1,"[""smf.pdf_1763727778_216862491.pdf"", ""Tendernotice_1_(85).pdf_1763727778_1884450941.pdf""]",tender-documents
2025_HR_183105_1,"[""IOCL.pdf_1736835774_1979740425.pdf""]",tender-documents
2025_HSL_98382_1,"[""Tendernotice_1_(35).pdf_1763363340_631987930.pdf""]",tender-documents
2025_HWB_842996_1,"[""HWB.pdf_1736712522_757635237.pdf""]",tender-documents
2025_IAF_736481_1,"[""93838990.pdf_1761639166_757707848.pdf"", ""93838990.xls_1761639166_1681198229.xls""]",tender-documents
2025_ICD_48182_1,"[""ICD2.pdf_1761291475_295958725.pdf"", ""ICD.pdf_1761291475_1175468428.pdf""]",tender-documents
2025_IC_155010_1,"[""Tendernotice_1_-_2025-12-02T170256.339.pdf_1764675192_697671514.pdf"", ""UPS.pdf_1764675256_2102657609.pdf""]",tender-documents
2025_IIMB_887359_1,"[""95077260.pdf_1764582010_845889543.pdf"", ""95077260.xls_1764582010_461997762.xls""]",tender-documents
2025_IIMID_889523_1,"[""Tendernotice_1_-_2025-12-12T135811.502.pdf_1765528106_1134159809.pdf""]",tender-documents
2025_IIML_861067_1,"[""eProcurement_System_Government_of_India3.pdf_1748679533_27208901.pdf""]",tender-documents
2025_IIPM_185189_1,"[""TENDER_8230.pdf_1749895278_923282713.pdf""]",tender-documents
2025_IISC_868154_1,"[""SERC_BatteryPurchase.pdf_1752486730_985847484.pdf""]",tender-documents
2025_IISC_868154_2,"[""iisc.pdf_1756291875_87821833.pdf""]",tender-documents
2025_IISER_887363_1,"[""95080937_(1).xls_1765802465_636393827.xls"", ""95080937_(1).pdf_1765802465_2008864218.pdf""]",tender-documents
2025_IITGN_877553_1,"[""IIT2.pdf_1759226787_383336875.pdf"", ""iit.pdf_1759226787_946627484.pdf""]",tender-documents
2025_IITGN_885499_2,"[""iit.pdf_1763122117_172303160.pdf"", ""Tendernotice_1_(70).pdf_1763122117_1435439670.pdf""]",tender-documents
2025_IITGN_887688_1,"[""95129508.pdf_1765022557_1414556163.pdf"", ""95129508.xls_1765022557_154897893.xls""]",tender-documents
2025_IITGN_890717_1,"[""95847405.pdf_1766485708_997120532.pdf"", ""95847405.xls_1766485708_2028313049.xls""]",tender-documents
2025_IITJ_884581_2,"[""UPS.pdf_1766213799_1532193528.pdf"", ""Tendernotice_1_-_2025-12-20T122546.961.pdf_1766213799_143539365.pdf""]",tender-documents
2025_IITKG_883937_1,"[""Tendernotice_1_(19).pdf_1763025496_19948200.pdf"", ""94172727_(2).xls_1763025496_991417439.xls""]",tender-documents
2025_IITKG_885448_1,"[""Tendernotice_1_(21).pdf_1763203025_1959431457.pdf""]",tender-documents
2025_IITKG_885837_1,"[""Tendernotice_1_(45).pdf_1763984563_786956294.pdf""]",tender-documents
2025_IITM_245905_1,"[""IIT.pdf_1755857316_1344029962.pdf""]",tender-documents
2025_IITRP_844427_1,"[""IIT.pdf_1737524718_1554811978.pdf""]",tender-documents
2025_IITR_851976_1,"[""ROORKEE.pdf_1741178395_690110429.pdf""]",tender-documents
2025_IITR_860441_1,"[""Tendernotice_1.pdf_1748686861_1232971500.pdf""]",tender-documents
2025_IITR_890566_1,"[""iitr.pdf_1766402508_329836558.pdf"", ""iit.pdf_1766402508_163891168.pdf""]",tender-documents
2025_IITS_889508_2,"[""96194303.xls_1767866192_1132912387.xls"", ""96194303.pdf_1767866192_194606727.pdf""]",tender-documents
2025_IIT_846288_1,"[""IIT.pdf_1738139708_2006643657.pdf""]",tender-documents
2025_IIT_861746_1,"[""eProcurement_System_Government_of_India1.pdf_1748678767_1806688644.pdf""]",tender-documents
2025_IMSR_867230_1,"[""AIIMS.pdf_1751540924_826245585.pdf""]",tender-documents
2025_IPGCL_273333_1,"[""GEMC-511687739754188-29092023_(1).pdf_1750936711_1387735049.pdf"", ""ipgcl.pdf_1750938777_1031411693.pdf""]",tender-documents
2025_IPGCL_274481_1,"[""IPGCL2.pdf_1750999495_1057121772.pdf""]",tender-documents
2025_IPPL_237117_1,"[""Tendernotice_1_(1).pdf_1749623772_1046519066.pdf""]",tender-documents
2025_ISRO_812074_1,"[""0108_TE.pdf_1758105051_915741493.pdf""]",tender-documents
2025_ITI_812605_1,"[""ITI_NNI_BEES_2025_01_DT.16.09.25.pdf_1758106799_21100943.pdf"", ""ITI.pdf_1758106799_1582382600.pdf""]",tender-documents
2025_ITPO_885852_1,"[""94687998.pdf_1763536884_262676055.pdf"", ""94687998_(1).xls_1763536884_1751959969.xls""]",tender-documents
2025_ITPO_889269_1,"[""95526709.xls_1765791819_1921971770.xls"", ""95526709.pdf_1765791819_643185074.pdf""]",tender-documents
2025_JMRC_478514_1,"[""Tendernotice_2.pdf_1751094699_542071197.pdf""]",tender-documents
2025_JMRC_493031_1,"[""eProcurement_System_Government_of_Rajasthan.pdf_1755929828_227101504.pdf""]",tender-documents
2025_JMRC_503732_1,"[""J2.pdf_1758959564_1640956183.pdf"", ""JMRC.pdf_1758959564_1509004716.pdf""]",tender-documents
2025_KMML_821556_1,"[""KMML.pdf_1765008899_920168319.pdf"", ""Tendernotice_1_-_2025-12-06T134436.824.pdf_1765008899_1562886901.pdf""]",tender-documents
2025_KSEB_729631_1,"[""KSEB.pdf_1738145108_1036558546.pdf""]",tender-documents
2025_KSEB_816561_1,"[""kseb.pdf_1764247197_1155455552.pdf"", ""Tendernotice_1_(95).pdf_1764247197_815571062.pdf""]",tender-documents
2025_KSEDC_804581_1,"[""kseb.pdf_1760084981_679277572.pdf"", ""UPS.pdf_1760084981_1792708790.pdf""]",tender-documents
2025_KTDC_791549_1,"[""Tendernotice_1_(12).pdf_1758363608_571197943.pdf""]",tender-documents
2025_KWA_722799_1,"[""KWA.pdf_1736834982_1683461570.pdf""]",tender-documents
2025_MAWS_614359_1,"[""TN.pdf_1760607632_617330973.pdf"", ""Tendernotice_2_(2).pdf_1760607632_1728033389.pdf"", ""Tendernotice_1_(37).pdf_1760607632_953540591.pdf""]",tender-documents
2025_MCGM_1231854_1,"[""Tendernotice_1_(61).pdf_1762339277_361126676.pdf"", ""UPS.pdf_1762339277_1004758928.pdf""]",tender-documents
2025_MEDA_1191396_1,"[""anganwaditender.pdf_1751273170_523884713.pdf""]",tender-documents
2025_MEDIC_520907_2,"[""Tendernotice_4.pdf_1766488336_518271663.pdf"", ""Tendernotice_5.pdf_1766488336_1528487539.pdf"", ""Tendernotice_2_(2).pdf_1766488336_503267727.pdf"", ""Tendernotice_3_(1).pdf_1766488336_1206659685.pdf"", ""Tendernotice_3.pdf_1766488336_1129116762.pdf"", ""Tendernotice_1_(11).pdf_1766488336_1575543780.pdf""]",tender-documents
2025_MES_742103_1,"[""Tendernotice_1_(17).pdf_1767003304_1544091821.pdf""]",tender-documents
2025_MES_746313_1,,tender-documents
2025_MKVVC_416498_1,"[""MPKVVCNL.pdf_1744975190_865140226.pdf""]",tender-documents
2025_MKVVC_416507_1,"[""mpmkvvcl.pdf_1744974909_1703863150.pdf""]",tender-documents
2025_MKVVC_463511_1,"[""Tendernotice_1_(80).pdf_1763640809_1939984427.pdf"", ""1.pdf_1763640809_1897685487.pdf"", ""TS1236BatterySet.pdf_1764670677_1306816085.pdf""]",tender-documents
2025_MKVVC_465448_1,"[""Tendernotice_1_(100).pdf_1764661176_1195359428.pdf""]",tender-documents
2025_MNRE_2557_1,"[""MREDA.pdf_1736772680_358752344.pdf""]",tender-documents
2025_MPHC_452573_1,"[""UPS2.pdf_1758864407_1799077020.pdf"", ""UPS.pdf_1758864407_1500470004.pdf""]",tender-documents
2025_MPPGC_394692_1,"[""MPPGC.pdf_1736768215_389397035.pdf""]",tender-documents
2025_MPPGC_414887_1,"[""SBD_SUPPLY.pdf_1751260430_956034276.pdf""]",tender-documents
2025_MPPGC_464752_1,"[""Tendernotice_3_(2).pdf_1764848491_294911743.pdf"", ""Tendernotice_2_(8).pdf_1764848491_42486236.pdf"", ""Tendernotice_2_(7).pdf_1764848491_1740831247.pdf""]",tender-documents
2025_MPPGC_812744_1,"[""1.pdf_1758176983_1763829312.pdf"", ""MPPGCL.pdf_1758176983_426721387.pdf""]",tender-documents
2025_MPPKV_440373_1,"[""TS1907.pdf_1755684354_1166670407.pdf""]",tender-documents
2025_MPPKV_440373_2,"[""MPPKVVNL.pdf_1757666079_1271601300.pdf"", ""RetenderTS1907.pdf_1757666079_1833412128.pdf""]",tender-documents
2025_MPPKV_440637_1,"[""TS0530V100AHLeadAcidBatterySetinSANcontainer_(1)_(1).pdf_1753944555_2137202896.pdf""]",tender-documents
2025_MPPKV_442063_1,"[""TS07LithiumIonBatterySet.pdf_1754469268_1303937912.pdf""]",tender-documents
2025_MPPKV_467119_1,"[""vrla.pdf_1765352652_1907240132.pdf"", ""Tendernotice_1_-_2025-12-10T131209.435.pdf_1765352652_1503108379.pdf""]",tender-documents
2025_MPPTC_438024_1,"[""MPPTCL.pdf_1758181070_853284539.pdf"", ""MPP.pdf_1758181070_1397259238.pdf"", ""Tendernotice_1_(4).pdf_1758181070_62614738.pdf""]",tender-documents
2025_MPPTC_469589_1,"[""MPP.pdf_1766139369_1305628522.pdf"", ""Tendernotice_1_-_2025-12-19T154341.371.pdf_1766139369_1459623495.pdf""]",tender-documents
2025_MPP_467333_1,"[""MPP.pdf_1765440292_1062036617.pdf"", ""v.pdf_1765440292_998859523.pdf"", ""vrla.pdf_1765440292_2007242172.pdf""]",tender-documents
2025_MTNL_890294_1,"[""MMM.pdf_1766051993_1965230245.pdf"", ""MTNL.pdf_1766051993_840781694.pdf""]",tender-documents
2025_NBCC_816574_1,"[""Tendernotice_1_(10).pdf_1761564578_128624700.pdf""]",tender-documents
2025_NBCC_822115_1,"[""95576748.pdf_1766044464_957605633.pdf""]",tender-documents
2025_NCSM_866466_1,"[""Tendernotice_1_(21).pdf_1751097558_1070829172.pdf""]",tender-documents
2025_NCSM_874784_1,"[""BOQ_919561.xls_1757146973_595892935.xls"", ""Tendernotice_1_(2).pdf_1757146973_1720171946.pdf""]",tender-documents
2025_NCSM_880432_1,"[""Tendernotice_1_(2).pdf_1759918436_2025046213.pdf""]",tender-documents
2025_NCSM_882769_1,"[""93852201.pdf_1761637975_1750735774.pdf"", ""93852201.xls_1761637975_948186898.xls""]",tender-documents
2025_NDMC_280982_1,"[""NMDC.pdf_1762849513_1642426400.pdf"", ""Tendernotice_1_(66).pdf_1762849513_1351462975.pdf""]",tender-documents
2025_NDMC_282734_1,"[""NDMC.pdf_1766214901_62608732.pdf"", ""Tendernotice_1_-_2025-12-20T123811.410.pdf_1766214901_283159382.pdf""]",tender-documents
2025_NDMC_282946_1,"[""95729292.xls_1766144816_561055303.xls"", ""95729292.zip_1766144816_488042296.zip"", ""95729292.pdf_1766144816_154786994.pdf""]",tender-documents
2025_NFL_258418_1,"[""95497846_(2).pdf_1766493704_1397042148.pdf"", ""95497846_(1).pdf_1766493704_333275331.pdf"", ""95497846.pdf_1766493704_1832864457.pdf""]",tender-documents
2025_NHDC_852664_1,"[""NHDC.pdf_1742626732_416753416.pdf""]",tender-documents
2025_NIPFP_888629_1,"[""95372714.xls_1765361072_114084580.xls"", ""95372714.pdf_1765361072_1844571368.pdf""]",tender-documents
2025_NIPGR_864568_1,"[""Tendernotice_1_(13).pdf_1750230510_829158152.pdf""]",tender-documents
2025_NIPGR_883663_1,"[""Tendernotice_1_(15).pdf_1762329975_2033480806.pdf""]",tender-documents
2025_NIPGR_886337_1,"[""94808234.pdf_1764058406_1859646649.pdf""]",tender-documents
2025_NMRCL_1056389_1,"[""nmrc.pdf_1752653886_536730928.pdf""]",tender-documents
2025_NMRCL_1089734_1,"[""2.pdf_1762948348_828309884.pdf"", ""Tendernotice_1_(69).pdf_1762948348_350986770.pdf""]",tender-documents
2025_NRB_887232_1,"[""15292025-0356_(2).pdf_1764248240_1879424187.pdf""]",tender-documents
2025_NSIT_279476_2,"[""93283666.xls_1760436165_1229332474.xls""]",tender-documents
2025_NTPCR_95657_1,"[""NTPC.pdf_1745045040_123139328.pdf""]",tender-documents
2025_NTPC_100740_1,"[""Tendernotice_1_(3).pdf_1760089561_1104079177.pdf""]",tender-documents
2025_NTPC_101215_1,"[""Tendernotice_1_(4).pdf_1764235779_1274817128.pdf""]",tender-documents
2025_NTPC_102102_1,"[""Tendernotice_1_(75).pdf_1763373696_456306426.pdf"", ""ntpc.pdf_1763373696_971827573.pdf""]",tender-documents
2025_NTPC_103316_1,"[""T.pdf_1766400041_950752324.pdf"", ""N.pdf_1766400041_880196789.pdf"", ""ntpc.pdf_1766400041_999046770.pdf""]",tender-documents
2025_NTPC_93621_1,"[""NTPCL.pdf_1737533488_114349528.pdf""]",tender-documents
2025_NTPC_94796_1,"[""NTPCL2.pdf_1741854906_1609816460.pdf""]",tender-documents
2025_NTPC_95371_1,"[""NTPCL.pdf_1741854746_1793330148.pdf""]",tender-documents
2025_NTPC_97006_1,"[""NTPC_Limited_eProcurement_Portal.pdf_1747475641_1997591389.pdf""]",tender-documents
2025_NTPC_98145_1,"[""BOQ_101344.xls_1758113718_450873488.xls"", ""Tendernotice_1_(8).pdf_1758113718_854780358.pdf""]",tender-documents
2025_NTPC_98517_1,"[""Tendernotice_1_(29).pdf_1753351464_601237933.pdf""]",tender-documents
2025_NTPC_98907_1,"[""90871547.pdf_1763719322_1384089355.pdf"", ""90871547.xls_1763719322_453202396.xls""]",tender-documents
2025_NTPC_98978_1,"[""NTPC_Limited_eProcurement_Portal.pdf_1754111902_2033741.pdf""]",tender-documents
2025_NVVN_98240_1,"[""ENLISTMENT.pdf_1751713729_1497077645.pdf""]",tender-documents
2025_ONGC_229193_1,"[""TSP.pdf_1745046080_1615123483.pdf""]",tender-documents
2025_ONGC_233686_1,"[""Tendernotice_1_(4).pdf_1748842413_32337839.pdf""]",tender-documents
2025_ONGC_234294_1,"[""S.pdf_1746856680_1072467859.pdf""]",tender-documents
2025_ONGC_234795_1,"[""ONGC.pdf_1747125023_281164098.pdf""]",tender-documents
2025_ONGC_242544_1,"[""Instructiontobidder.pdf_1753773345_1198842083.pdf""]",tender-documents
2025_ONGC_257559_1,"[""ONGC.pdf_1764750128_1057163601.pdf"", ""Tendernotice_1_-_2025-12-03T135046.064.pdf_1764750128_1374359501.pdf""]",tender-documents
2025_OTPC_228040_1,"[""ONGC.pdf_1740738695_1393410293.pdf""]",tender-documents
2025_PDD_277871_1,"[""pdd.pdf_1751979054_396899375.pdf""]",tender-documents
2025_PDD_284673_1,"[""SBDMSNEW.pdf_1755759029_1568600316.pdf""]",tender-documents
2025_PDD_284685_1,"[""eProcurement_System_Government_of_Jammu_And_Kashmir.pdf_1755770165_1501733288.pdf""]",tender-documents
2025_PDD_288153_1,"[""PDD.pdf_1758006327_1066535314.pdf"", ""Tendernotice_2.pdf_1758006327_52377630.pdf"", ""Tendernotice_1.pdf_1758006327_128338105.pdf""]",tender-documents
2025_PDD_289694_1,"[""SBD.pdf_1760184800_238324617.pdf"", ""Tendernotice_1_(35).pdf_1760184800_300323103.pdf"", ""bb.pdf_1760184800_166041651.pdf""]",tender-documents
2025_PLHO_184199_1,"[""IOCL2.pdf_1743577708_812433144.pdf""]",tender-documents
2025_PLHO_184199_2,"[""IOCL3.pdf_1743578301_459658279.pdf""]",tender-documents
2025_PLHO_184199_3,"[""IOCL4.pdf_1743578556_371604453.pdf""]",tender-documents
2025_POLTE_514226_8,"[""PT.pdf_1763726570_1013158727.pdf""]",tender-documents
2025_POWER_144904_1,"[""BOQ_293054.xls_1757158811_1713237891.xls"", ""Technocommercial.pdf_1757158811_236125229.pdf"", ""Tendernotice_1_(6).pdf_1757158811_1270277530.pdf""]",tender-documents
2025_POWER_145139_1,,tender-documents
2025_PTC21_79575_1,"[""PTCUL.pdf_1738141214_851838287.pdf""]",tender-documents
2025_PTC21_90024_1,"[""PT.pdf_1766054429_1114257160.pdf"", ""PTCUL.pdf_1766054429_1200363030.pdf""]",tender-documents
2025_PTCUX_90362_1,"[""96057633.pdf_1767439546_21963106.pdf"", ""96057633_(1).xls_1767439546_1879726282.xls""]",tender-documents
2025_PTCU_86821_1,"[""92157137.pdf_1758697177_1618264004.pdf"", ""92157137.xls_1758697177_1853709393.xls""]",tender-documents
2025_PU_879302_1,"[""UPSBatteryTD.pdf_1759225434_535804546.pdf"", ""PU.pdf_1759225434_1339133791.pdf"", ""PU1.pdf_1759225434_1030670139.pdf""]",tender-documents
2025_PVVNL_1043473_1,"[""PVVNL.pdf_1748500363_303503728.pdf""]",tender-documents
2025_PWDJK_280091_1,"[""PWD.pdf_1751528960_89507265.pdf""]",tender-documents
2025_PWDJK_280380_1,"[""PWD2.pdf_1751529104_1977009401.pdf""]",tender-documents
2025_PWDJK_288656_1,"[""BOQ_917907.xls_1758351410_84413093.xls"", ""Tendernotice_2.pdf_1758351410_1265776986.pdf""]",tender-documents
2025_PWDJK_289143_1,"[""UPS.pdf_1758613413_106627260.pdf"", ""PWD.pdf_1758613413_423782042.pdf""]",tender-documents
2025_PWDJK_296501_1,"[""Tendernotice_1_(98).pdf_1764313689_1404062995.pdf""]",tender-documents
2025_PWDJK_296506_1,"[""Tendernotice_1_(99).pdf_1764313878_1624776857.pdf""]",tender-documents
2025_PWDJK_297847_1,"[""PWD.pdf_1765440503_999194322.pdf"", ""Tendernotice_1_-_2025-12-11T133752.153.pdf_1765440503_1906614886.pdf""]",tender-documents
2025_PWD_281003_1,"[""Tendernotice_1_(17).pdf_1762950710_771292356.pdf""]",tender-documents
2025_PWD_281179_1,"[""94558122.xls_1763365240_1927283328.xls"", ""94558122.pdf_1763365240_636780282.pdf""]",tender-documents
2025_PWD_281444_1,"[""94735211.pdf_1763720345_592327805.pdf"", ""94735211.xls_1763720345_1925363361.xls""]",tender-documents
2025_PWD_281658_1,"[""94867995.pdf_1764236909_108603319.pdf"", ""94867995.xls_1764236909_1220892402.xls""]",tender-documents
2025_PWD_282264_1,"[""95280480.pdf_1765003525_1521210378.pdf"", ""95280480.xls_1765003525_530953122.xls""]",tender-documents
2025_RAJHC_517289_1,"[""nit35full.pdf_1765363594_1214315177.pdf"", ""95439847_(1).pdf_1765363594_1686239074.pdf"", ""95439847_(1).xls_1765363594_760028243.xls""]",tender-documents
2025_REFHQ_186037_1,"[""IOCL.pdf_1757758770_1762768610.pdf"", ""Technical_MR.pdf_1757758770_761105250.pdf""]",tender-documents
2025_RND_187743_1,"[""95082427.xls_1764591851_1826866719.xls"", ""95082427.pdf_1764591851_1769483949.pdf""]",tender-documents
2025_RRCAT_890093_1,"[""95767945.pdf_1766747811_608860485.pdf"", ""95767945.xls_1766747811_1760848461.xls""]",tender-documents
2025_RRVPN_474954_1,"[""r.pdf_1748676712_485739975.pdf""]",tender-documents
2025_RRVPN_476170_1,"[""Tendernotice_1_(11).pdf_1750226942_1864349492.pdf""]",tender-documents
2025_RRVUN_44336_1,"[""scan_merged_compressed.pdf_1739536505_230380054.pdf""]",tender-documents
2025_RRVUN_456373_1,"[""168425703_(1).pdf_1746531444_357393295.pdf""]",tender-documents
2025_RRVUN_466471_1,"[""RRVUNL.pdf_1748324214_2087152038.pdf""]",tender-documents
2025_RRVUN_466722_1,"[""RRVUNL.pdf_1748410570_106984092.pdf""]",tender-documents
2025_RRVUN_483191_1,"[""RRVUNL_(3).pdf_1751260783_402562745.pdf""]",tender-documents
2025_RRVUN_486763_1,"[""tn.pdf_1755689737_1837812651.pdf""]",tender-documents
2025_RRVUN_507805_1,"[""RRVUNL.pdf_1760688882_1421679646.pdf"", ""Tendernotice_1_(38).pdf_1760688882_874469968.pdf""]",tender-documents
2025_RRVUN_523377_1,"[""RRVUNL.pdf_1767596757_1148910857.pdf"", ""Tendernotice_1_-_2026-01-05T123533.112.pdf_1767596757_645259884.pdf""]",tender-documents
2025_RRVUN_524245_1,"[""Tendernotice_1_(46).pdf_1768217319_807346428.pdf""]",tender-documents
2025_RTCIL_789445_1,"[""RAILTEL.pdf_1740047964_1058759641.pdf""]",tender-documents
2025_RVUNL_1052114_1,"[""etenderdocument.pdf_1751263275_429157554.pdf""]",tender-documents
2025_SAI_1247962_1,"[""Tendernotice_1_(44).pdf_1763978139_1928264357.pdf""]",tender-documents
2025_SANWA_504842_11,"[""Tendernotice_2.pdf_1760176418_343469295.pdf"", ""Tendernotice_1_(4).pdf_1760176418_1455435618.pdf"", ""93188191.pdf_1760176418_1564736992.pdf""]",tender-documents
2025_SDSC_820506_1,"[""OMPF_AC_augmentation_works___Configuration_drawings.pdf_1765273766_968794374.pdf"", ""Technical_specification_document_for_Return_air_ducting_at_OMPF.pdf_1765273766_1060597608.pdf"", ""95085385.pdf_1765273766_390508743.pdf""]",tender-documents
2025_SDSC_822866_1,"[""vrla.pdf_1766214092_1837391923.pdf"", ""Tendernotice_1_-_2025-12-20T123023.983.pdf_1766214092_1146770607.pdf""]",tender-documents
2025_SKNAU_510677_1,"[""BID.pdf_1762157298_1550088033.pdf"", ""Tendernotice_1_(59).pdf_1762157298_1704791938.pdf"", ""UPS.pdf_1762157298_1490591110.pdf""]",tender-documents
2025_SKUST_288943_1,"[""Tendernotice_1_(14).pdf_1758525053_1643044648.pdf""]",tender-documents
2025_SPDC_295778_1,"[""FCBC.pdf_1763722220_1557403600.pdf"", ""jk.pdf_1763722220_2030068098.pdf""]",tender-documents
2025_SPMCI_246797_1,"[""91888715_(1).pdf_1757404426_172386627.pdf"", ""91888715_(1).xls_1757404426_770821536.xls""]",tender-documents
2025_SWTD_761874_2,"[""SWTD.pdf_1752054656_947224916.pdf""]",tender-documents
2025_TIFR_823408_1,"[""95910917.pdf_1767434262_1888909837.pdf""]",tender-documents
2025_TMC_862624_1,"[""TenderDocumentsForAmaronBatteries.pdf_1748930337_456009801.pdf""]",tender-documents
2025_TMC_878217_1,"[""detailtender.pdf_1759226591_1881381748.pdf"", ""UPS3.pdf_1759226591_678800925.pdf"", ""UPS2.pdf_1759226591_946538809.pdf"", ""UPS.pdf_1759226591_163473715.pdf""]",tender-documents
2025_TMC_884608_1,"[""BOQ_929792.xls_1763365739_1481123678.xls"", ""detailtender.pdf_1763365739_941575775.pdf"", ""hvaclayout.pdf_1763365739_137835891.pdf"", ""technicalspecification.pdf_1763365739_534923568.pdf"", ""Tendernotice_1_(36).pdf_1763365739_1802584255.pdf""]",tender-documents
2025_TMC_885813_1,"[""Tendernotice_1_(38).pdf_1763460084_543316576.pdf"", ""94567087_(1).pdf_1763460084_1720110407.pdf""]",tender-documents
2025_TMC_891615_1,"[""96084944.pdf_1767856461_1365675946.pdf"", ""96084944.xls_1767856461_1431129279.xls""]",tender-documents
2025_UAD_397742_1,"[""UAD.pdf_1737964295_1875607734.pdf""]",tender-documents
2025_UCO_810818_1,"[""ATCReHO1_ec0d2347-bc44-42af-b3951756542786985_NIRMALK_UCO.pdf_1758105046_1616143165.pdf"", ""UCO.pdf_1758105046_436094396.pdf""]",tender-documents
2025_UJVN_80328_1,"[""ujvn.pdf_1740053286_566410250.pdf""]",tender-documents
2025_UPJVN_1090124_1,"[""Tendernotice_2_(4).pdf_1763374334_1641758392.pdf"", ""Tendernotice_1_(76).pdf_1763374334_1792325649.pdf""]",tender-documents
2025_UPJVN_991051_1,"[""UP.pdf_1736708066_901431481.pdf""]",tender-documents
2025_UPMRC_227179_1,"[""UPMRCL.pdf_1740739078_728851292.pdf""]",tender-documents
2025_UPTCL_1025149_2,"[""UP.pdf_1745914915_256485100.pdf""]",tender-documents
2025_UPTCL_1035382_1,"[""UPTCL.pdf_1746532995_1543020953.pdf""]",tender-documents
2025_UPTCL_1043810_1,"[""UPTCL.pdf_1748498302_1471644561.pdf""]",tender-documents
2025_UPTCL_1046982_1,"[""UPTCL.pdf_1751263620_443110677.pdf""]",tender-documents
2025_UPTCL_1053269_1,"[""nit_(4).pdf_1751870434_1121226075.pdf""]",tender-documents
2025_UPTCL_1060055_1,"[""NITTR.pdf_1753531923_449027638.pdf""]",tender-documents
2025_UPTCL_1070827_1,"[""UPTCL1.pdf_1757502747_220015078.pdf"", ""UPTCL.pdf_1757502747_289825469.pdf""]",tender-documents
2025_VECC_877022_1,"[""92356763.pdf_1758369220_622539191.pdf"", ""92356763.xls_1758369220_1578201614.xls""]",tender-documents
2025_WAPCO_257002_1,"[""BOQ_296361.xls_1764658756_957841135.xls"", ""TENDERHVACWORKNIAJAIPURF.pdf_1764658756_725085269.pdf"", ""Tendernotice_1_(7).pdf_1764658756_1872168688.pdf""]",tender-documents
2025_WBMSC_981931_1,"[""Tendernotice_1_(21).pdf_1767606827_155658450.pdf""]",tender-documents
2025_WBPDC_955555_1,,tender-documents
2025_WBPWD_970318_1,,tender-documents
2025_WBSED_850666_1,"[""WB.pdf_1748409978_1880598979.pdf""]",tender-documents
2025_WBSED_970848_1,"[""WB.pdf_1766054859_1788328222.pdf"", ""Tendernotice_1_-_2025-12-18T161657.200.pdf_1766054859_945793192.pdf""]",tender-documents
2025_WEBEL_890176_1,"[""91410429.xls_1758181041_1858383383.xls"", ""91410429.pdf_1758181041_79807821.pdf""]",tender-documents
2025_WEBEL_940026_1,"[""94328472.xls_1768640508_1943992913.xls"", ""94328472_(3).pdf_1768640508_1348410289.pdf"", ""94328472_(2).pdf_1768640508_41531487.pdf"", ""94328472_(1).pdf_1768640508_1626303463.pdf"", ""94328472.pdf_1768640508_1178539936.pdf""]",tender-documents
2025_WRDMN_1139013_1,"[""DWR.pdf_1737373916_1282875896.pdf""]",tender-documents
2025_WRDMN_1139266_1,"[""DWR.pdf_1737373721_616805019.pdf""]",tender-documents
2025_WSS_150962_1,"[""BOQ_305762.xls_1759131335_598843544.xls"", ""DNITMSIPAVRVff.pdf_1759131335_306066402.pdf"", ""Tendernotice_1_(35).pdf_1759131335_884442790.pdf""]",tender-documents
2025_WSS_155043_1,"[""DNIT.pdf_1765178184_954455107.pdf"", ""TenderNotice.pdf_1765178184_1620423306.pdf"", ""95239480.pdf_1765178184_803858040.pdf"", ""95239480.xls_1765178184_8897172.xls""]",tender-documents
2025_mptgo_884582_1,"[""Tendernotice_1_(16).pdf_1762601477_1271872815.pdf""]",tender-documents
2026_AAI_261302_1,"[""96189704.xls_1767556910_1333314251.xls"", ""96189704.pdf_1767556910_794605957.pdf""]",tender-documents
2026_AAI_262791_1,"[""BOQ_304639.xls_1770018829_1227908544.xls"", ""Tenderdocument.pdf_1770018829_1238307692.pdf""]",tender-documents
2026_AAI_263851_1,"[""1772089890165_Tendernotice_1__42__compressed.pdf""]",tender-documents
2026_AAI_264873_1,"[""1773985189826_BOQ_314114.xls""]",tender-documents
2026_AAI_267103_1,"[""1772004623507_AAI_CALICUT.pdf""]",tender-documents
2026_AAI_267728_1,"[""1772089958388_Tendernotice_1__43_.pdf""]",tender-documents
2026_AAI_270103_1,"[""1773750832932_Tendernotice_1__54_.pdf""]",tender-documents
2026_AAI_273341_1,"[""1778321763444_Tenderdocument.pdf""]",tender-documents
2026_AAI_273524_1,"[""1775903654922_NIT_compressed__1_.pdf"", ""1775903677653_BOQ_319319.xls""]",tender-documents
2026_AAI_274084_1,"[""1776078961096_Tendernotice_1__56_.pdf""]",tender-documents
2026_AAI_275564_1,"[""1778221815036_BOQ_321931.xls"", ""1778221815039_Tendernotice_1__14_.pdf""]",tender-documents
2026_AAI_276332_1,"[""1778138190089_BOQ_322827.xls""]",tender-documents
2026_AAI_281942_1,"[""1782543808772_aai__.pdf"", ""1782543808810_Tendernotice_1_-_2026-06-27T123211_873.pdf""]",tender-documents
2026_APGCL_52591_1,"[""1780571017427_APGCL.pdf"", ""1780571017527_Tendernotice_1_-_2026-06-04T163305_043.pdf""]",tender-documents
2026_BARC_906995_1,"[""1777719604542_Tendernotice_1__7_.pdf"", ""1777719604650_Tendernotice_2.pdf"", ""1777719611501_BOQ_953330.xls"", ""1777719611502_TechnicalBid.xls"", ""1777719611503_TenderDocumentET1.pdf""]",tender-documents
2026_BBMB_277469_1,"[""1779701232523_Tender_Docs.pdf""]",tender-documents
2026_BEL_98812_1,"[""WhatsApp_Image_2026-01-18_at_2.01.04_PM.jpeg_1768725215_1045419893.jpeg""]",tender-documents
2026_BHEL_56850_1,"[""BOQ_61462.xls_1768033619_1389839474.xls"", ""Tendernotice_1_(36).pdf_1768033619_831977284.pdf""]",tender-documents
2026_BHEL_61835_1,"[""1780386194690_BOQ_66983.xls"", ""1780386203287_Tendernotice_1__9_.pdf""]",tender-documents
2026_BHEL_62066_1,"[""1780986869493_Tendernotice_1_-_2026-06-09T120407_878.pdf""]",tender-documents
2026_BHEL_62069_1,"[""1780986657356_BHEL.pdf"", ""1780986657559_Tendernotice_1_-_2026-06-09T120010_583.pdf""]",tender-documents
2026_BRBCL_105211_1,"[""1771569544021_BUYBACK_FORMAT.pdf"", ""1771569544079_GPC_ITB_List_of_Annexures.pdf"", ""1771569544854_SPC.pdf"", ""1771569544902_TECHNICAL9900320174.pdf"", ""1771569544988_Tendernotice_1.pdf""]",tender-documents
2026_BRBCL_107736_1,"[""1777879070591_Tendernotice_1_-_2026-05-04T124742_246.pdf"", ""1777879097681_BRBCL.pdf""]",tender-documents
2026_BRBCL_108676_1,"[""1780731977065_BRBCLL.pdf"", ""1780731977132_Tendernotice_1_-_2026-06-06T131543_772.pdf""]",tender-documents
2026_BSF_894927_1,"[""BOQ_940668.xls_1769500204_1795913103.xls"", ""1766418136_(3).pdf_1769500204_1317392118.pdf""]",tender-documents
2026_BSF_903989_1,"[""1775025749019_BSF.pdf"", ""1775025749044_Tendernotice_1_-_2026-04-01T121146_278.pdf""]",tender-documents
2026_BSF_904581_1,"[""1782366191336_BOQ_960163.xls"", ""1782366191338_SolarbatteryNIT1.pdf"", ""1782366191667_Tendernotice_1__13_.pdf""]",tender-documents
2026_BSF_913644_1,"[""1781942985868_BSF__.pdf"", ""1781942985993_Tendernotice_1_-_2026-06-20T133917_879.pdf""]",tender-documents
2026_CHD_89920_1,"[""Tendernotice_1_(23).pdf_1767864500_1031747908.pdf""]",tender-documents
2026_CMRL_904298_1,"[""1775110051792_Tendernotice_1_-_2026-04-02T113645_194.pdf"", ""1775110114206_cmrl.pdf""]",tender-documents
2026_CRIS_ELECT_01,"[""1778072668609_Tender_Part_II_VRF_System.pdf"", ""1778072668678_CRIS_SBD-I_Version_1_1__1_.pdf"", ""1778072668777_viewNitPdf_5289917.pdf""]",tender-documents
2026_CRIS_ELECT_02,"[""1785222031231_viewNitPdf_5329579__1_.pdf""]",tender-documents
2026_CSIR_261685_1,"[""96241153.xls_1769974703_1354725544.xls"", ""96241153.pdf_1769974703_1806062951.pdf""]",tender-documents
2026_CSIR_262219_1,"[""96367015.pdf_1768379219_261490155.pdf"", ""96367015.xls_1768379219_469047980.xls""]",tender-documents
2026_CSIR_265220_1,"[""Tendernotice_1_(43).pdf_1770148289_1054366364.pdf""]",tender-documents
2026_CSIR_281860_1,"[""1783512143821_Tendernotice_1_-_2026-07-08T153948_533.pdf""]",tender-documents
2026_CSIR_282340_1,"[""1782968679375_BOQ_329412.xls"", ""1782968679380_NIT-merged.pdf""]",tender-documents
2026_CURAJ_898030_1,"[""1771499865256_BOQ_943926.xls"", ""1771499865257_NITSITCofACSmartClassrooms.pdf""]",tender-documents
2026_CURAJ_905727_1,"[""1779097557190_BOQ_952016.xls"", ""1779097557191_NITAirConditioners.pdf"", ""1779097557788_Scope_of_Work.pdf"", ""1779097557988_Tendernotice_1.pdf""]",tender-documents
2026_CU_983471_1,"[""96264144.pdf_1767875639_708530856.pdf"", ""96264144.xls_1767875639_167994105.xls""]",tender-documents
2026_DHE_158452_1,"[""1771772325890_PUNJAB.pdf""]",tender-documents
2026_DHFW_164756_1,"[""1774692186580_Tendernotice_1_-_2026-03-28T153219_683.pdf"", ""1774692222528_UPS__.pdf""]",tender-documents
2026_DMRC_275706_1,"[""1777529459422_Tendernotice_1_-_2026-04-30T113649_316.pdf""]",tender-documents
2026_DMRC_286484_1,"[""1786086222730_NTPC__.pdf"", ""1786086235908_Tendernotice_1_-_2026-08-07T123344_219.pdf""]",tender-documents
2026_DSIDC_293522_1,"[""1781864661784_Tendernotice_1__68_.pdf"", ""1781864755853_BOQ_390078_1_.xls"", ""1781870007878_BOQ_390078.xls"", ""1781870007881_document.pdf""]",tender-documents
2026_DU_907029_1,"[""1778502438669_Tendernotice_1_-_2026-05-05T105617_341.pdf""]",tender-documents
2026_EB_644708_1,"[""Tendernotice_1_(54).pdf_1768978389_1643232797.pdf""]",tender-documents
2026_EB_651209_1,"[""1772265703480_BOQ_780887.xls"", ""1772265703483_NiCdUnit1extension.pdf"", ""1772265703518_Tendernotice_1.pdf""]",tender-documents
2026_ED_27105_2,"[""Tendernotice_1.pdf_1768285896_574369010.pdf""]",tender-documents
2026_EICCL_137396_1,"[""1785394085576_EICCL_.pdf"", ""1785925355365_BOQ_603766.xls"", ""1785925355368_DTCN.pdf"", ""1785925355498_Tendernotice_1__65_.pdf""]",tender-documents
2026_ELCO_673731_1,"[""1773389219683_Tendernotice_1_-_2026-03-13T133621_536.pdf"", ""1773389219778_TenderDocument__1___1_.pdf""]",tender-documents
2026_ESIC_892267_1,"[""BOQ_937853.xls_1770021259_486075204.xls"", ""nit.pdf_1770021259_993981033.pdf""]",tender-documents
2026_FCI_892384_1,"[""96196300.xls_1767774528_1498101353.xls"", ""96196300_(1).pdf_1767774528_293642262.pdf"", ""96196300.pdf_1767774528_344252460.pdf""]",tender-documents
2026_FCI_903905_1,"[""1774950621416_Tendernotice_1.pdf""]",tender-documents
2026_GAIL_271389_1,"[""1773733392086_Tendernotice_1_-_2026-03-17T131244_668.pdf""]",tender-documents
2026_HBC_494531_1,"[""1774686003170_Tendernotice_1__96_.pdf""]",tender-documents
2026_HBC_520122_1,"[""1780731505657_Tendernotice_1_-_2026-06-06T113304_465.pdf""]",tender-documents
2026_HBC_526375_1,"[""1780567412536_HBC__.pdf"", ""1780567412652_Tendernotice_1_-_2026-06-04T153233_896.pdf""]",tender-documents
2026_HBC_538294_1,"[""1785915178152_HBC_.pdf"", ""1785915178164_Tendernotice_1_-_2026-08-05T130222_818.pdf""]",tender-documents
2026_HBC_540092_1,"[""1786516321494_HBC.pdf""]",tender-documents
2026_HBL_261748_1,"[""HBL.pdf_1767772398_84116813.pdf"", ""Tendernotice_1_-_2026-01-07T132218.830.pdf_1767772398_1031691247.pdf""]",tender-documents
2026_HPSEB_127475_1,"[""1771408303558_Tendernotice_1__85_.pdf""]",tender-documents
2026_HPSEB_134717_1,"[""1776854605728_BOQ_199364.xls"", ""1776854605738_Tendernotice_1_-_2026-04-22T134133_966.pdf"", ""1776854605861_Volume_I.pdf"", ""1776854607025_Volume_II.pdf"", ""1776854607189_Volume_III.pdf""]",tender-documents
2026_HRY_498084_1,"[""Tendernotice_1_(41)_(3).pdf_1769065485_14103154.pdf"", ""HRY.pdf_1769065485_1905409590.pdf""]",tender-documents
2026_HWB_906961_1,"[""1777878664763_Tendernotice_1_-_2026-05-04T123125_750.pdf"", ""1777878665108_DAE.pdf""]",tender-documents
2026_IIMU_920925_1,"[""1786085952456_IIM_.pdf"", ""1786085952472_Tendernotice_1_-_2026-08-07T122840_353.pdf""]",tender-documents
2026_IISC_906957_1,"[""1777529148735_iisc.pdf"", ""1777529148978_Tendernotice_1_-_2026-04-30T113404_686.pdf"", ""1777529149013_IISC___.pdf""]",tender-documents
2026_IISRP_901621_2,"[""1775200060404_IISER.pdf"", ""1775200060409_Tendernotice_1_-_2026-04-03T123638_126.pdf"", ""1775200090329_IISERR.pdf""]",tender-documents
2026_IISRP_901621_3,"[""1776149738334_IISER.pdf"", ""1776149738339_Tendernotice_1_-_2026-04-14T122333_768.pdf""]",tender-documents
2026_IITBU_915476_1,"[""1784360703355_IITB.pdf"", ""1784360703392_Tendernotice_1_-_2026-07-18T131414_289.pdf""]",tender-documents
2026_IITDW_911748_1,"[""1780729328489_iit.pdf"", ""1780729328593_Tendernotice_1_-_2026-06-06T123135_105.pdf""]",tender-documents
2026_IITGN_903830_1,"[""1774686252023_iit.pdf"", ""1774686287931_IIIT.pdf""]",tender-documents
2026_IITG_917590_1,"[""1784542538160_IIT__.pdf"", ""1784542538185_Tendernotice_1_-_2026-07-20T154505_505.pdf""]",tender-documents
2026_IITJU_902224_1epr,"[""1775122164903_Tendernotice_1__1_.pdf""]",tender-documents
2026_IITJ_919723_1,"[""1785393734114_IIT__.pdf"", ""1785393734129_Tendernotice_1_-_2026-07-30T121143_092.pdf""]",tender-documents
2026_IITK_896330_1,"[""97007250.pdf_1770146098_49506950.pdf"", ""97007250.xls_1770146098_2119820056.xls""]",tender-documents
2026_IITRP_913405_1,"[""1781767818319_IIT___.pdf"", ""1781767818444_Tendernotice_1_-_2026-06-18T125932_886.pdf""]",tender-documents
2026_IITR_892163_1,"[""iit.pdf_1767337021_1242791286.pdf"", ""Tendernotice_1_-_2026-01-02T122616.982.pdf_1767337021_1783046646.pdf""]",tender-documents
2026_IITR_904672_1,"[""1775717246381_iitr.pdf"", ""1775717246468_Tendernotice_1_-_2026-04-09T121652_764.pdf"", ""1776751883719_BOQ_950885.xls"", ""1776751883736_T03.pdf"", ""1776751883836_Tendernotice_1_-_2026-04-21T114022_889.pdf""]",tender-documents
2026_IIT_915347_1,"[""1783407373507_Tendernotice_1__3_.pdf""]",tender-documents
2026_IPGCL_286278_1,"[""1773729522827_Tendernotice_3__3_.pdf"", ""1773729522848_Tendernotice_2__13_.pdf"", ""1773729522887_Tendernotice_1_-_2026-03-17T120751_975.pdf"", ""1773729522903_Tendernotice_5.pdf"", ""1773729522909_Tendernotice_4.pdf""]",tender-documents
2026_ISMD_908040_1,"[""1779169193789_BOQ_954379.xls"", ""1779169193792_Tendernotice_1__16_.pdf""]",tender-documents
2026_ITPS_129293_1,"[""1778827586142_OPGCL.pdf""]",tender-documents
2026_JMRC_532482_1,"[""nibvrlabattery.pdf_1769687591_1713763128.pdf"", ""bidvrla.pdf_1769687591_1827722489.pdf""]",tender-documents
2026_JPL_279437_1,"[""1780577688063_NTPC3.pdf"", ""1780577688102_NTPC2.pdf"", ""1780730975330_BOQ_326189.pdf"", ""1780730975364_BOQ_326189.xls"", ""1780730975368_GCC.pdf""]",tender-documents
2026_JSEB_114177_1,"[""1779274782043_JBVNL.pdf"", ""1779274782062_Tendernotice_1_-_2026-05-20T162717_262.pdf""]",tender-documents
2026_JVVNL_546445_1,"[""1773732312665_Tendernotice_1_-_2026-03-17T125458_551.pdf""]",tender-documents
2026_JVVNL_546457_1,"[""1773732967831_Tendernotice_1_-_2026-03-17T130544_007.pdf"", ""1773835122270_3005_Schedules.pdf"", ""1773835122678_3005_Technical_SPEC.pdf"", ""1773835122748_BOQ_974551.xls""]",tender-documents
2026_KPT_826389_1,"[""96639140.pdf_1769064873_132211919.pdf""]",tender-documents
2026_KSEB_826113_1,"[""kseb.pdf_1767857040_1466356608.pdf"", ""Tendernotice_1_-_2026-01-08T125216.940.pdf_1767857040_77563936.pdf""]",tender-documents
2026_KSEB_853334_1,"[""1781684120415_KSEB__.pdf"", ""1781684120534_Tendernotice_1_-_2026-06-17T134446_787.pdf""]",tender-documents
2026_KSITM_862765_1,"[""1785305827952_KSITM.pdf"", ""1785305828235_Tendernotice_1_-_2026-07-29T114512_071.pdf""]",tender-documents
2026_LIC_824458_1,"[""96194094.pdf_1767772580_1392968585.pdf""]",tender-documents
2026_MAWS_638327_1,"[""Tendernotice_2_(12).pdf_1767423766_2051289530.pdf"", ""Tendernotice_1_-_2026-01-03T123024.827.pdf_1767423766_176937732.pdf""]",tender-documents
2026_MEDIC_553032_1,"[""1776752115160_UPS.pdf"", ""1776752115181_Tendernotice_1_-_2026-04-21T114447_896.pdf"", ""1776937228934_BOQ_985371.xls"", ""1776937228935_TD-51-UPS.pdf""]",tender-documents
2026_MKVVC_518549_1,"[""1782985323468_MPP_.pdf"", ""1782985323503_Tendernotice_1_-_2026-07-02T151129_108.pdf""]",tender-documents
2026_MPHC_501860_1,"[""1776927610796_HCM.pdf"", ""1776927610833_Tendernotice_1_-_2026-04-23T122456_596.pdf""]",tender-documents
2026_MPPGC_492553_1,"[""1774695159618_MPPGCL__.pdf"", ""1774695159640_MPPGCL.pdf""]",tender-documents
2026_MPPGC_501867_1,"[""1777446163998_MPPGCL.pdf"", ""1777446164021_Tendernotice_2__16_.pdf""]",tender-documents
2026_MPPGC_513746_1,"[""1786170221598_Tendernotice_3__8_.pdf"", ""1786170221685_Tendernotice_2__21_.pdf"", ""1786170221720_Tendernotice_1_-_2026-08-08T115318_382.pdf""]",tender-documents
2026_MPPGC_517957_1,"[""1783063059845_Tendernotice_1_-_2026-07-03T124655_773.pdf"", ""1783063102070_MPPGCL_.pdf"", ""1783063102106_Tendernotice_1_-_2026-07-03T124655_773.pdf""]",tender-documents
2026_MPPGC_829240_1,"[""1774696593686_MPP.pdf"", ""1774696593702_Tendernotice_1_-_2026-03-28T164528_273.pdf""]",tender-documents
2026_MPPKV_511388_1,"[""1780915503053_BOQ_616061.pdf"", ""1780915503085_BOQ_616061.xls"", ""1780915503086_eProcurement_System_Government_of_Madhya_Pradesh.pdf"", ""1780915503194_Tendernotice_1__58_.pdf"", ""1780915503271_TS10BatterySet.pdf""]",tender-documents
2026_MPPKV_511398_1,"[""1780126621218_MPPK.pdf"", ""1780126621297_Tendernotice_1_-_2026-05-30T130633_072.pdf""]",tender-documents
2026_MPPKV_511398_2,"[""1781253115723_mp.pdf"", ""1781253115778_Tendernotice_1_-_2026-06-12T140136_093.pdf""]",tender-documents
2026_MPPKV_511424_1,"[""1780126205055_mppkvvcl.pdf"", ""1780126205141_Tendernotice_1_-_2026-05-30T125911_645.pdf""]",tender-documents
2026_MSME_1108434_2,"[""02.pdf_1769149944_713261962.pdf"", ""BOQ_2046309.xls_1769149944_494446946.xls"", ""Tendernotice_1.pdf_1769149944_155960211.pdf""]",tender-documents
2026_MeECL_1976_1,"[""1776926997275_Tendernotice_1_-_2026-04-23T120624_783.pdf"", ""1777288664158_BiddocumentfromBatteryBankedited2142026.pdf"", ""1777288664752_BOQ_2143.xls"", ""1777288664754_Tendernotice_1__6_.pdf""]",tender-documents
2026_NCSM_897903_1,"[""1771565554150_NCSM_CASSATE_ac.pdf""]",tender-documents
2026_NCSM_904840_1,"[""1776078161643_Tendernotice_1__55_.pdf""]",tender-documents
2026_NMPT_895517_1,"[""1770878991181_TenderDocument__9_.pdf"", ""1770879030082_BOQ_941258.xls""]",tender-documents
2026_NPCIL_277826_1,"[""1780480958063_BOQ_324467.xls"", ""1780480958121_Technical_Bid_54.xls"", ""1780480958146_Tender.pdf"", ""1780480967620_Tendernotice_1.pdf""]",tender-documents
2026_NSIT_289403_1,"[""1774939441929_NSIT.pdf"", ""1774939442235_Tendernotice_1_-_2026-03-31T121313_649.pdf""]",tender-documents
2026_NTPC_103845_1,"[""1772879799050_Tendernotice_1__50_.pdf""]",tender-documents
2026_NTPC_104030_1,"[""1772195105670_ALLCORRIGENDUM.pdf"", ""1772195194617_Tendernotice_1__86_.pdf"", ""1772445589603_Z_ALLSection-I-NIT-merged.pdf"", ""1772445805242_Tech_Spec__2_.pdf"", ""1772445863926_24V_battery_charger_SMPS_based_SQP-U.pdf""]",tender-documents
2026_NTPC_105731_1,"[""1772880357800_1__Section-I_NIT.pdf"", ""1772880357816_2__Section-II_ITB.pdf"", ""1772880357849_3__Section-III_Bid_Data_Sheet_.pdf"", ""1772880357884_3_1_Annexure_II_to_BDS.pdf"", ""1772880357940_4__Section-IV_GCC.pdf""]",tender-documents
2026_NTPC_107177_1,"[""1776410397674_Tendernotice_1_-_2026-04-17T124922_836.pdf"", ""1776410397781_ntpc.pdf""]",tender-documents
2026_NTPC_108896_1,"[""1780731797062_ntpc.pdf"", ""1780731797183_Tendernotice_1_-_2026-06-06T131247_083.pdf""]",tender-documents
2026_NTPC_109150_1,"[""1781259226426_NTPC_.pdf"", ""1781259226485_Tendernotice_1_-_2026-06-12T154320_107.pdf"", ""1781329892973_BOQ_112382.xls"", ""1781329898325_Tendernotice_1__12_.pdf""]",tender-documents
2026_NTPC_109621_1,"[""1782816442978_NTPC__.pdf"", ""1782816442990_Tendernotice_1_-_2026-06-30T161654_715.pdf""]",tender-documents
2026_NTPC_110351_1,"[""1784880442554_NTPC_VINDHYANCHAL.pdf"", ""1784880442572_Tendernotice_1_-_2026-07-24T133551_671.pdf""]",tender-documents
2026_ONGC_271881_1,"[""1773901186396_ONGC1.pdf"", ""1773901186468_ONGC.pdf""]",tender-documents
2026_ONGC_280838_1,"[""1781683386185_ONGC.pdf"", ""1781683386278_Tendernotice_1_-_2026-06-17T133227_006.pdf""]",tender-documents
2026_ONGC_283221_1,"[""1783492479426_ONG__.pdf"", ""1783492479447_Tendernotice_1_-_2026-07-08T120352_855.pdf""]",tender-documents
2026_PDD_312051_1,"[""1781262409387_Tendernotice_3__7_.pdf"", ""1781262409464_Tendernotice_2__20_.pdf"", ""1781262409972_Tendernotice_1_-_2026-06-12T163627_432.pdf""]",tender-documents
2026_PDD_312061_1,"[""1781262288142_Tendernotice_3__6_.pdf"", ""1781262288169_Tendernotice_2__19_.pdf"", ""1781262288763_Tendernotice_1_-_2026-06-12T163413_105.pdf""]",tender-documents
2026_PDD_312555_2,"[""1783577133188_PDD__.pdf"", ""1783577133206_Tendernotice_1_-_2026-07-09T113303_546.pdf""]",tender-documents
2026_PDD_312896_1,"[""1781850866786_PDD__.pdf"", ""1781953015226_BOQ_1012684.xls"", ""1781953015229_sbd.pdf""]",tender-documents
2026_PDD_313050_1,"[""1782198427168_PDD___.pdf"", ""1782198427287_Tendernotice_1_-_2026-06-23T123640_887.pdf""]",tender-documents
2026_PDD_313050_2,"[""1783746922224_BOQ_1016875.xls"", ""1783746922227_SBD.pdf"", ""1783746922632_Tendernotice_1__19_.pdf""]",tender-documents
2026_PDD_313051_3,"[""1785825093273_PDD__.pdf"", ""1785825093299_Tendernotice_1_-_2026-08-04T115844_550.pdf""]",tender-documents
2026_PGIME_893073_1,"[""Tendernotice_1_(26).pdf_1768202203_1320454317.pdf""]",tender-documents
2026_PKVVC_497947_1,"[""1779255469372_BOQ_611591.xls"", ""1779255469383_eProcurement_System_Government_of_Madhya_Pradesh.pdf"", ""1779255469581_TenderDocumentsTS1688.pdf"", ""1779255469664_Tendernotice_1__57_.pdf""]",tender-documents
2026_PKVVC_497949_1,"[""1780126923927_Tendernotice_1_-_2026-05-30T131128_672.pdf"", ""1780126923978_MPPK.pdf""]",tender-documents
2026_POWER_162607_1,"[""1774692465364_vrla.pdf"", ""1774692465428_Tendernotice_1_-_2026-03-28T153641_880.pdf""]",tender-documents
2026_POWER_163568_1,"[""1774692794714_Tendernotice_1_-_2026-03-28T154258_681.pdf"", ""1774692794869_dop.pdf""]",tender-documents
2026_POWER_168766_1,"[""1780565648037_PSPCL__.pdf"", ""1780565648158_Tendernotice_1_-_2026-06-04T150338_241.pdf""]",tender-documents
2026_POWER_169298_1,"[""1780640818089_BOQ_344704.xls"", ""1780640818091_TenderSpecification_SSD400__1_.pdf"", ""1780640818800_TenderNotice_SSD400.pdf""]",tender-documents
2026_POWER_71370_1,"[""1773229509636_eProcurement_System_of_Government_of_Tripura.pdf"", ""1773229509833_BOQ_72622.xls"", ""1773229509838_Tendernotice_1__51_.pdf"", ""1773229509984_BIDDOCUMENT.pdf"", ""1774678410535_CORRIGENDUM__1___1_.pdf""]",tender-documents
2026_PTCUX_98661_1,"[""1786084839789_PTCUL__.pdf"", ""1786084839832_Tendernotice_1_-_2026-08-07T120955_082.pdf""]",tender-documents
2026_PWD_27029_1,"[""96237965_(5).pdf_1767875997_2052321262.pdf"", ""96237965_(4).pdf_1767875997_1800840167.pdf"", ""96237965_(3).pdf_1767875997_541938559.pdf"", ""96237965.xls_1767875997_2072463959.xls"", ""96237965_(2).pdf_1767875997_1362133731.pdf"", ""96237965_(1).pdf_1767875997_1780993673.pdf"", ""96237965.pdf_1767875997_1719908908.pdf""]",tender-documents
2026_PWD_285575_1,"[""Tendernotice_1_(1).pdf_1769366569_803023218.pdf""]",tender-documents
2026_PWD_285689_1,"[""96880861.pdf_1769799003_488688158.pdf"", ""96880861.xls_1769799003_702599572.xls""]",tender-documents
2026_PWD_286634_1,,tender-documents
2026_PWD_290687_1,"[""1777706802500_Tendernotice_1__62_.pdf""]",tender-documents
2026_PWD_294135_1,"[""1782368480829_PWD___.pdf"", ""1782368480847_Tendernotice_1_-_2026-06-25T115051_655.pdf""]",tender-documents
2026_PWD_294704_1,"[""1782984997477_PWD__.pdf"", ""1782984997503_Tendernotice_1_-_2026-07-02T150606_174.pdf""]",tender-documents
2026_RAJBK_568726_1,"[""1781943479604_Raj.pdf"", ""1781943479710_Tendernotice_1_-_2026-06-20T134734_819.pdf""]",tender-documents
2026_RBI_284939_1,"[""1784888373834_rbi_.pdf""]",tender-documents
2026_RISL_570904_1,"[""1782374811380_RINL.pdf"", ""1782374811402_Tendernotice_1_-_2026-06-25T133620_158.pdf""]",tender-documents
2026_RRVUN_554601_1,"[""1777448052194_Tendernotice_1_-_2026-04-29T130337_321.pdf"", ""1777699556581_BOQ_987832.xls"", ""1777699556583_Tendernotice_1__56_.pdf"", ""1777700321577_Tendernotice_2__2___1_.pdf""]",tender-documents
2026_RRVUN_556845_1,"[""1779087371613_RRVUNL.pdf"", ""1779087371623_Tendernotice_1_-_2026-05-18T122510_708.pdf"", ""1780554800759_BOQ_991286.xls"", ""1780554800767_PQR.pdf""]",tender-documents
2026_SEDC_486814_1,"[""1773827348924_RFP678_Final_260309_224108__6_.pdf""]",tender-documents
2026_TMC_892498_1,"[""Tendernotice_1_(29)_(1).pdf_1768032035_1435725599.pdf""]",tender-documents
2026_TMC_906358_1,"[""1777100273276_TMC1.pdf"", ""1777100273507_TMC.pdf"", ""1777100293405_Tendernotice_1_-_2026-04-25T122802_864.pdf""]",tender-documents
2026_TREDA_69030_1,"[""Tendernotice_1_(2).pdf_1769580501_1690249926.pdf"", ""26f2903_1_(3).pdf_1769580501_858277509.pdf"", ""26f2903_(2).pdf_1769580501_1049757409.pdf"", ""doc1113170012112145856_(3).pdf_1769580501_813948559.pdf""]",tender-documents
2026_UAD_516213_1,"[""1781943640894_UAD.pdf"", ""1781943641058_Tendernotice_1_-_2026-06-20T135009_709.pdf""]",tender-documents
2026_UPHDB_1105183_1,"[""Tendernotice_1_(32).pdf_1768390522_1311397068.pdf""]",tender-documents
2026_UoC_849201_1,"[""1777965331642_Tendernotice_4__1_.pdf"", ""1777965331697_Tendernotice_3__4_.pdf"", ""1777965331741_Tendernotice_2__18_.pdf"", ""1777965331788_Tendernotice_1_-_2026-05-05T124455_934.pdf""]",tender-documents
2026_WBPWD_985984_1,"[""96355841.pdf_1769453734_417466778.pdf""]",tender-documents
2026_WBSED_1017987_1,"[""1774695982048_VRLA___FCBC.pdf"", ""1774695982080_Tendernotice_1_-_2026-03-28T163533_656.pdf""]",tender-documents
20662,,tender-documents
22263552,"[""1780051437720_viewNitPdf_5407303__1_.pdf""]",tender-documents
227/EE(E)/JED-I/PWD/2025-26,"[""95043332.pdf_1764575036_719464371.pdf"", ""95043332.xls_1764575036_1405047899.xls""]",tender-documents
23,"[""naruto.png_1736333267_1054855436.png""]",tender-documents
23519 | CRFQ No. : 1000447501,"[""annexure-ii-bqc-0bb56d.pdf_1766126760_1173279370.pdf"", ""annexure-i-instructions-to-bidder-ff73b4.pdf_1766126760_981205833.pdf"", ""nit-pac-1ea30e.pdf_1766126760_1565482713.pdf""]",tender-documents
238958,"[""238958_(1).pdf_1762849192_1056716030.pdf""]",tender-documents
24/SE/AIIMS/RPR/2025-26,"[""95733751.pdf_1766748566_915944542.pdf""]",tender-documents
2400017736-HD-09050 (5100017736),"[""HPCL.pdf_1733894705_1836756207.pdf""]",tender-documents
24250286,"[""1776406966980_viewNitPdf_5357616__1_.pdf""]",tender-documents
24260286,"[""1784367290592_viewNitPdf_5476744__1_.pdf""]",tender-documents
247,,tender-documents
25-26/G/PE/Patna/01,"[""bits_(2).docx_1762433073_810954053.docx""]",tender-documents
254253,"[""254253_(1).pdf_1766053758_179303475.pdf"", ""DGBPS_4_115A-S-74124-EMD.pdf_1767077060_1533291910.pdf"", ""GSCEL_BOQ.pdf_1767077060_1292432907.pdf"", ""New_Supply_General_Commercial_Terms_and_Conditions_1_to_72_pages_.pdf_1767077060_1860894181.pdf""]",tender-documents
258410,"[""258410.pdf_1766820102_1444751762.pdf""]",tender-documents
259643,"[""E_Tender_Notice_No.423.doc_1768028915_69465411.doc"", ""EMD_BG_Format_(New).pdf_1768028915_1130208421.pdf"", ""Financial_Document_Annexure_-_I.pdf_1768028915_1366031119.pdf"", ""Revised_Commercial_Terms_and_Conditions.pdf_1768028915_485687957.pdf"", ""STPS_423_03_74482_31122025_TMD.pdf_1768028915_2058339956.pdf"", ""Supply_Agreement.pdf_1768028915_528953248.pdf""]",tender-documents
28/SE/EE(E)/CLTED/2025-26,"[""UPS.pdf_1763720312_1636446283.pdf""]",tender-documents
284268,"[""1773143966418_KLTPS_Comm__Terms_Cond_E-PROCUREMENT.pdf"", ""1773143966931_KLTPS_63_ME-246_TB.pdf""]",tender-documents
29261516,"[""1780898311129_viewNitPdf_5405665__1_.pdf"", ""1780985940673_Annexure_Self_certification.pdf"", ""1780985940817_General_Terms___Conditions.pdf"", ""1780985940908_Handling_of_Warranty_Rejections.pdf"", ""1780985941206_Instruction.pdf""]",tender-documents
296615,"[""1776232937531_296615__1_.pdf""]",tender-documents
299191,"[""1777359011735_Battery_SBD__WITH_PQ__F.pdf""]",tender-documents
30-Elect-T-28-2025-26,"[""viewNitPdf_4967976.pdf_1769457728_1910028226.pdf""]",tender-documents
3000061486,"[""MSPGCL.pdf_1757317786_89192099.pdf""]",tender-documents
3000069767,"[""1781692162938_tendersDataFiles_eprocurement_mahagenco_in_3000069.pdf""]",tender-documents
3000070207,"[""1784784707967_06_Section-III_Supply.pdf"", ""1784784707991_07_Section-III_Works.pdf"", ""1784784708014_08_Section-IV.pdf"", ""1784784708037_SHORT_QR_PDF.pdf"", ""1784784811867_03_Section-I_Works_.pdf""]",tender-documents
30251032,"[""1775803597726_viewNitPdf_5351121__1_.pdf""]",tender-documents
30260437,"[""1785394846657_viewNitPdf_5490443__1_.pdf""]",tender-documents
30265226,"[""1771050060384_194929658.pdf"", ""1771415135752_EAST_COAST_RAILWAY1.pdf"", ""1771415136242_EAST_COAST_RAILWAY_dos.pdf"", ""1771415136575_EAST_COAST_RAILWAY_specs.pdf"", ""1771415136640_EAST_COAST_RAILWAY.pdf""]",tender-documents
306399,"[""1781594668162_306399__1___2_.pdf""]",tender-documents
307154,"[""1780565997113_307154__1_.pdf""]",tender-documents
320/SS(D)-374/SPARES,"[""1725352485.zip""]",tender-documents
32024-25/13348-57 & 13338-47,"[""1729497311.docx""]",tender-documents
323774,"[""1784194075476_323774.pdf""]",tender-documents
33255864,"[""1784541697875_GeM-Bidding-9605598.pdf"", ""1784541697984_ATO5Cdec_80a1fe47-4a52-468c-89221784277997047_ammc.docx""]",tender-documents
33261379,"[""1776928269972_viewNitPdf_5365379__1_.pdf""]",tender-documents
35/EE(E)/DED-31/2025-26,"[""35NIT.pdf_1763970900_23900779.pdf""]",tender-documents
35251208A,"[""03052025_191133848416.pdf_1746601010_859041558.pdf""]",tender-documents
36/Engg/EE/AC&R/25-26.,"[""93788360.pdf_1762156529_1593520861.pdf""]",tender-documents
37252246,"[""doc4142614584300365758.pdf_1765797785_1168642044.pdf""]",tender-documents
37261787,"[""1781684820487_viewNitPdf_5436240__1_.pdf""]",tender-documents
38/Engg/EE(AC&R)/25-26,"[""94144605.pdf_1762762039_1612414335.pdf""]",tender-documents
38250196,"[""1770969039547_viewNitPdf_5287302.pdf""]",tender-documents
40251153,"[""doc4664647676424484360.pdf_1750485564_1721510181.pdf""]",tender-documents
40261153,"[""1778739181389_IREPS_____1_.pdf""]",tender-documents
40261456,"[""1780305706722_5768859.pdf"", ""1780305706801_5768861.pdf"", ""1780305706932_1778656253781_viewNitPdf_5387558__1_.pdf""]",tender-documents
40261561,"[""1781596958481_viewNitPdf_5434220__1_.pdf""]",tender-documents
40262023,"[""1778224251230_viewNitPdf_5383127__1_.pdf""]",tender-documents
40262202,"[""1781596311857_viewNitPdf_5427052__1_.pdf""]",tender-documents
40265071A,"[""1784285373231_viewNitPdf_5473330__1_.pdf""]",tender-documents
43/EE(E)/DED-202/2025-26,"[""NIT43_2025-26.pdf_1763708093_1362860493.pdf""]",tender-documents
432,,tender-documents
43251129,"[""1773481963278_IREPS___2_.pdf""]",tender-documents
43261118,"[""1776411254018_viewNitPdf_5356787__2_.pdf""]",tender-documents
43261129,"[""1780045539932_viewNitPdf_5404499__1_.pdf""]",tender-documents
43262230,"[""1778828007471_viewNitPdf_5393085__1_.pdf""]",tender-documents
43589/ADB4-1/2025/ADB4,"[""86172719_TD_200_MRxJ.pdf_1753684722_1128528339.pdf""]",tender-documents
45251078A,"[""doc6739362505211301494.pdf_1750314250_369983075.pdf""]",tender-documents
45261288,"[""1776407253505_viewNitPdf_5356762__2_.pdf""]",tender-documents
45261561,"[""1780988125576_viewNitPdf_5424207__1_.pdf""]",tender-documents
45261634,"[""1781598031048_viewNitPdf_5431299__1_.pdf""]",tender-documents
46/Engg/EE/AC&R/25-26,"[""95816785.pdf_1767858314_1140087769.pdf""]",tender-documents
48255288,"[""doc4793353946850032072_(1).pdf_1750656126_300161973.pdf""]",tender-documents
5000001432,"[""MSETCL.pdf_1752653446_1798622640.pdf""]",tender-documents
5000004089,"[""TPDDL-ENGG-ENQ-300004969-25-26.pdf_1765279430_891276377.pdf"", ""ENG-EHV-1008.pdf_1765279430_2031342605.pdf"", ""GCC-Supply_(1).pdf_1765279430_1433461098.pdf"", ""SSI_Questionnaire_-_FY_26.pdf_1765279430_121273420.pdf""]",tender-documents
5005012494,"[""1775046803160_BID5005012494__7__PDF.pdf""]",tender-documents
50260606,"[""1778656146821_viewNitPdf_5389131__1_.pdf""]",tender-documents
50260606A,"[""1780565778358_viewNitPdf_5418920__1_.pdf""]",tender-documents
50260607A,"[""1780641441088_viewNitPdf_5412093__1_.pdf""]",tender-documents
50261257,"[""1781852414572_viewNitPdf_5438638__1_.pdf"", ""1781870685314_5007183__1_.pdf"", ""1781870689364_5584045__1_.pdf""]",tender-documents
50261257A,"[""1784373572439_viewNitPdf_5475368__1_.pdf""]",tender-documents
52266113,"[""1777011802148_viewNitPdf_5366713__1_.pdf""]",tender-documents
540291,"[""1725518362.pdf""]",tender-documents
54255186B,"[""1785220901943_viewNitPdf_5480926__1_.pdf""]",tender-documents
55246246C,"[""10052025_230130013895.pdf_1747114446_620856939.pdf""]",tender-documents
55265938,"[""1780641290032_viewNitPdf_5413573__1_.pdf""]",tender-documents
56256192,"[""doc1257235502068689978.pdf_1765352989_1845335767.pdf""]",tender-documents
56256192A,"[""viewNitPdf_5252591_(1).pdf_1768465428_1499449032.pdf""]",tender-documents
56261085,"[""1782987129006_viewNitPdf_5453861__1_.pdf""]",tender-documents
56265136,"[""1778826654079_viewNitPdf_5393463__1_.pdf""]",tender-documents
60256932,"[""1780647606080_1780573822767_viewNitPdf_5415524__1_.pdf"", ""1780647612954_GemReport.pdf"", ""1780647616642_RDSOVendorList.pdf"", ""1780647622530_VettedEstimate.pdf"", ""1780647624886_Model_SOP_2018.pdf""]",tender-documents
6043,"[""1731572034.zip""]",tender-documents
61265436,"[""1781087450647_viewNitPdf_5425965__1_.pdf""]",tender-documents
64/PR/SBPDCL/2025,"[""NIT_64_Battery_2025_(1).pdf_1753535018_1471802372.pdf""]",tender-documents
64255136,"[""doc9671968287014448480_(1).pdf_1753681999_2050858271.pdf""]",tender-documents
65/2025-26/EE (E)-I/CCW-AIR Delhi,"[""Instructions_to_bidders.pdf_1768565121_1132235528.pdf"", ""NIT65.pdf_1768565121_1713536726.pdf"", ""SOQ65.xlsx_1768565121_644390017.xlsx""]",tender-documents
68265342,"[""1777102143653_viewNitPdf_5369376__1_.pdf""]",tender-documents
68265343,"[""1780642502116_viewNitPdf_5414305__1_.pdf""]",tender-documents
691/ENGG/PROC/NGEM/18/2025-ENGG/COMP-5668/ET-22,"[""1770884540978_Battery_RC_Bid.pdf""]",tender-documents
69265030B,"[""1776061856946_viewNitPdf_5353271__1_.pdf""]",tender-documents
69265030C,"[""1778321850988_viewNitPdf_5384918__1_.pdf""]",tender-documents
7000033048,"[""1725514168.pdf""]",tender-documents
7000033099,,tender-documents
7000033509,"[""1730872751.pdf""]",tender-documents
7000034197,"[""1729495506.pdf""]",tender-documents
7000034463,"[""MSETCL.pdf_1734147560_1612276032.pdf""]",tender-documents
7000034508,"[""MAHATRANSCO.pdf_1734442403_184013529.pdf""]",tender-documents
7000034626,"[""MSETCL.pdf_1735298789_736698499.pdf""]",tender-documents
7000036476,"[""tender_1747986369.pdf_1748239239_322600737.pdf""]",tender-documents
7000036790,"[""89800816.pdf_1751000306_150404868.pdf""]",tender-documents
7000037510,"[""msetcl_(2).pdf_1760439805_1972714005.pdf""]",tender-documents
7000038228,"[""94899940.pdf_1764058947_1246856778.pdf""]",tender-documents
7000038423,"[""tender_1767592100.pdf_1767787234_1789743016.pdf""]",tender-documents
7000038781,"[""1770881903054_tender_1770270322__1_.pdf""]",tender-documents
7000039281,"[""1773393953066_tender_1773233361__2_.pdf"", ""1773901770337_Book-I_GTC__5_.pdf"", ""1773901771038_First_call_T-59__3_.pdf"", ""1773901776557_Battery_Repl_BOM__2_.xlsx""]",tender-documents
7000039823,"[""1778222317664_tender_1778127514__1_.pdf"", ""1778525212348_3rd_call_tender_Battery__1_.pdf""]",tender-documents
71261026,"[""1770884310258_97265851__2_.pdf""]",tender-documents
74261008,"[""1780045909244_viewNitPdf_5404582__1_.pdf""]",tender-documents
75-EL-WT-2025-26,"[""95275996_(13).pdf_1765284969_699778175.pdf"", ""95275996_(14).pdf_1765284969_1313138125.pdf"", ""95275996_(11).pdf_1765284969_523269780.pdf"", ""95275996_(12).pdf_1765284969_376890332.pdf"", ""95275996_(9).pdf_1765284969_105182279.pdf"", ""95275996_(10).pdf_1765284969_501292002.pdf"", ""95275996_(7).pdf_1765284969_836014263.pdf"", ""95275996_(8).pdf_1765284969_1870428416.pdf"", ""95275996_(5).pdf_1765284969_1464949398.pdf"", ""95275996_(6).pdf_1765284969_2008301981.pdf"", ""95275996_(4).pdf_1765284969_721234105.pdf"", ""95275996_(1).pdf_1765284969_966230190.pdf"", ""95275996_(2).pdf_1765284969_1459437932.pdf"", ""95275996_(3).pdf_1765284969_154796818.pdf"", ""95275996.pdf_1765284969_854707798.pdf"", ""viewNitPdf_5161882.pdf_1765284969_1756184265.pdf""]",tender-documents
75822309,"[""1725512941.pdf""]",tender-documents
76950063,"[""1728647744.htm""]",tender-documents
77/EDC(H)/2025-26,"[""UPTCL2.pdf_1756795054_2106857774.pdf"", ""UPTCL1.pdf_1756795054_621171715.pdf"", ""UPTCL.pdf_1756795054_1271363032.pdf""]",tender-documents
77220689,"[""1729494967.pdf""]",tender-documents
77880202,"[""1731494103.pdf""]",tender-documents
77920392,"[""1731562069.png""]",tender-documents
78265184A,"[""1777964298373_viewNitPdf_5379277__3_.pdf""]",tender-documents
78817063,"[""MSPGCL.pdf_1733831057_484969079.pdf""]",tender-documents
78928679,"[""MSPGCL.png_1734095858_602207971.png""]",tender-documents
79/EE(E)/RMLHED/2025-26,"[""NIT_79.pdf_1765261868_489689844.pdf""]",tender-documents
792400951,"[""BHEL.pdf_1734148022_919264293.pdf""]",tender-documents
8000050798,"[""TENDER.png_1765957220_1798767092.png""]",tender-documents
8000051366,"[""96467278.pdf_1769456843_1782412643.pdf""]",tender-documents
8100050923,"[""1775716251197_NIT_TD101931__1_.pdf"", ""1776757787396_GEN_TERM_TD101931__1_.pdf"", ""1776757787722_TENDER_DOC_TD101931__1_.pdf"", ""1776757787919_NIT_TD101931__2_.pdf""]",tender-documents
81245852A,"[""1729158683.pdf""]",tender-documents
81255099A,"[""05052025_132754262218.pdf_1746599122_1622197344.pdf""]",tender-documents
81256140,"[""05092025_181654896840.pdf_1757505619_2061999779.pdf""]",tender-documents
81265848,"[""1781087599107_viewNitPdf_5425775__1_.pdf""]",tender-documents
81265849,"[""1781089094968_viewNitPdf_5425700__1_.pdf"", ""1781164287877_5800046.pdf""]",tender-documents
82255325,"[""1771222934969_14022026_155347629555.pdf""]",tender-documents
82255795,"[""doc4506303234856347160.pdf_1753681007_1668958753.pdf""]",tender-documents
82256320A,"[""191768342.pdf_1768979734_1269744315.pdf"", ""Western_Railway_Docs.pdf_1768984396_1037304789.pdf""]",tender-documents
82266044,"[""1784887443594_viewNitPdf_5483007__1_.pdf""]",tender-documents
82981940,"[""AP.pdf_1745043282_629144396.pdf""]",tender-documents
83247146A,"[""09052025_202139004737.pdf_1747032153_1215195675.pdf""]",tender-documents
843385-SIP NO 09/2025-26,,tender-documents
86257635,"[""viewNitPdf_5212261_(1).pdf_1765439373_1649334930.pdf""]",tender-documents
86866748,"[""Tender_Spec_PMM32-e-08-2025_Final.pdf_1746529970_1620708632.pdf""]",tender-documents
87255130,"[""R6.pdf_1745044065_1297671648.pdf""]",tender-documents
88255238A,"[""doc4520160241772416128.pdf_1750829286_830423093.pdf""]",tender-documents
88265330,"[""1782375318704_viewNitPdf_5446946__1_.pdf""]",tender-documents
88265385,"[""1782987027889_viewNitPdf_5453762__2_.pdf""]",tender-documents
89/EE(E)/DED-51/NIT/2025-26,"[""1771497128899_NIT89.pdf""]",tender-documents
897494,"[""1770969331737_Spec__PMM32-e-10-2026_100AH_200AH.pdf""]",tender-documents
91255828,"[""R3.pdf_1758002735_1455905986.pdf"", ""R2.pdf_1758002735_1953277546.pdf"", ""R1.pdf_1758002735_1478320633.pdf""]",tender-documents
91265554,"[""1781598204641_viewNitPdf_5428281__1_.pdf""]",tender-documents
93255001,"[""CR.pdf_1735988581_885705622.pdf""]",tender-documents
93265336B,"[""1784103034178_102149201__1_.pdf""]",tender-documents
93265947,"[""1782891272256_viewNitPdf_5448597__1_.pdf""]",tender-documents
94121068,"[""UPS_RFP_Document_(1).pdf_1762166058_182398231.pdf""]",tender-documents
94255766,"[""batteryspec.pdf_1768803906_2082416289.pdf"", ""viewNitPdf_5252795.pdf_1768803906_1155855208.pdf""]",tender-documents
94265105,"[""1771050988661_viewNitPdf_5288332.pdf""]",tender-documents
94265112,"[""1773730101192_viewNitPdf_5320540.pdf""]",tender-documents
95265099,"[""1780898229762_viewNitPdf_5406604.pdf""]",tender-documents
95265223,"[""1775200843117_viewNitPdf_5342034__1_.pdf""]",tender-documents
95265754,"[""1785825362071_viewNitPdf_5496071__1_.pdf""]",tender-documents
96255484,"[""NR.pdf_1745043592_1834799801.pdf""]",tender-documents
96255964A,"[""1773470640487_98073699.pdf""]",tender-documents
96256315,"[""94077576_(6).pdf_1762327243_727828863.pdf"", ""94077576_(5).pdf_1762327243_1294923015.pdf"", ""94077576_(4).pdf_1762327243_1386718723.pdf"", ""94077576_(3).pdf_1762327243_2131290192.pdf"", ""94077576_(2).pdf_1762327243_352072663.pdf"", ""94077576_(1).pdf_1762327243_1204936725.pdf"", ""viewNitPdf_5162062.pdf_1762589035_238305584.pdf""]",tender-documents
97256124,"[""Tamilnadu_southern_railway_Copy.pdf_1769237198_1038118799.pdf""]",tender-documents
97265500,"[""1780647044567_viewNitPdf_5419498__1_.pdf""]",tender-documents
98/EE(E)-CHENNAI-I/2025-26/CPWD/CHN,"[""NIT_98.pdf_1763722321_1638483519.pdf""]",tender-documents
98255248A,"[""r1.pdf_1745041346_1403495423.pdf""]",tender-documents
98256438,"[""doc8579049346183814438_(1).pdf_1768462879_1893102230.pdf""]",tender-documents
98265154,"[""1773383945051_viewNitPdf_5319222__1_.pdf""]",tender-documents
98265156,"[""1773989212177_IREPS__2_.pdf""]",tender-documents
98265580A,"[""1784535777962_viewNitPdf_5477999__1_.pdf""]",tender-documents
9900317542,"[""1-Section-I-NIT.pdf_1768559391_1736129302.pdf"", ""2-Section-II-ITB.pdf_1768559391_1901209706.pdf"", ""3.Section-III-BDS.docx_1768559391_1013104826.docx"", ""4-Section-IV-GCC.pdf_1768559391_1141306338.pdf"", ""5.Section-V-SCC.docx_1768559391_169269504.docx"", ""6._Tech_Spec.pdf_1768559391_265447711.pdf"", ""7.SECTION_VII_BOOK_1_OF_3_TECHNO_COMMERCIAL_BID.doc_1768559391_1590728879.doc"", ""7.SECTION_VII_BOOK_2_OF_3_PRICE_BID.doc_1768559391_428432202.doc"", ""7.SECTION-VII_BOOK_3_OF_3_FORM_&_PROEDURES.docx_1768559391_1407310642.docx"", ""Annexure_to_SCC.pdf_1768559391_521155405.pdf""]",tender-documents
99806,"[""1727932323.pdf""]",tender-documents
AC PURCHASE NOTE 2026-27,"[""1782974573701_AC_Purchase_Note_2026-27_BOQ.docx""]",tender-documents
ACE(P&C)/E-3003-R2/Battery  Chargers (B/B),,tender-documents
"ADV/UTPS/T.N./516, ET-5732","[""1730362102.pdf""]",tender-documents
AEGCL/MD/Tech-343/O&M(LAR)/2024/Battery Bank/Bid(R),"[""NIT_(7).pdf_1750409784_1123384801.pdf""]",tender-documents
AEGCL/STTC/TECH-12/2024-25/19,"[""1728643802.pdf""]",tender-documents
AEGCL/STTC/TECH-12/2025-26/04,"[""178820620_(1).pdf_1755770754_2007743792.pdf""]",tender-documents
AFC7246,"[""1785571200252_viewNitPdf_5491382__1_.pdf""]",tender-documents
AIIMS/R/CS/G20/Batteries/25/RC/B,"[""aiims.pdf_1758349158_1444296711.pdf"", ""nitlith.pdf_1758356160_281809086.pdf""]",tender-documents
AIL/EM/ACs/,"[""96264217.pdf_1769191522_761350979.pdf""]",tender-documents
AIL/EM/ACs/1257,"[""tender-document-supply-installation-testing-and-commisioning-sitc-of-1-ton-hot-and-cold-3-star-above-inverter-type-split-air-conditioner-at-ail-mohali.pdf_1761640491_1482106504.pdf""]",tender-documents
AIL/EM/ACs/938,"[""1782907583188_army_law.pdf""]",tender-documents
AIL/EM/ACs/98,"[""Corrigendum-(SITC)-of-1-Ton-Hot-and-Cold-3-Star_ARMY_INSTITUTE.pdf_1770143672_519811058.pdf""]",tender-documents
AJSD/2025-26/IND0008,,tender-documents
AMNS/HAZ/720-PJ0/0824-05/277345,"[""1725451647.zip""]",tender-documents
AOKNL/DCB/01,"[""96182420.pdf_1767870457_1628702992.pdf""]",tender-documents
AX1/PNIPI/TENDER/AC RATE CONTRACT/86/2026-27,"[""23e6d667-1f5c-4f53-9eff-634edcaa14e8.pdf_1769273426_580049853.pdf""]",tender-documents
Air HQ/CMC/99822/12/07/AFBBS,"[""1770801525668_bal_bharti_school_doc.pdf""]",tender-documents
BANDR/NTPC SIPAT/61040/FLOATERS/NIT/SC/01,"[""BARC.pdf_1735287135_1049016779.pdf""]",tender-documents
BB-LG-W-CSMT-2025-09,"[""93679245_(2).pdf_1762339554_1406034712.pdf"", ""93679245_(3).pdf_1762339554_404875460.pdf"", ""93679245_(1).pdf_1762339554_178855959.pdf"", ""viewNitPdf_5096720.pdf_1762339554_464918221.pdf""]",tender-documents
BCPL/2025-26/ET/53,"[""BCPL2025-26-ET-53-20251124-081140.pdf_1764593023_416220063.pdf""]",tender-documents
BHEL/SBD/BESS/EOI/01,"[""1726469810.zip""]",tender-documents
BHOPAL/MHX/341547327,"[""1729499580.htm""]",tender-documents
BNPM/NCB/090/2025-26,"[""090_NCB_Tender_for_Supply,_Installation_&_Commissioning_of_Parallel_Redundant_UPS_System_with_Batter_Bank_&_AMC.pdf_1750397406_1510103042.pdf""]",tender-documents
BNPM/NCB/407/2024-25,"[""BNP.pdf_1734150240_1836996314.pdf""]",tender-documents
BPL-TRD-DRG-WC-469,"[""1777632021028_viewNitPdf_5331535__1_.pdf""]",tender-documents
BR/ENQ/26-27/FK/PR/SL/3149,"[""1781178284036_COMMERCIAL_TERMS_AND_CONDITIONS.xls"", ""1781178284043_NO_DEVIATION_SHEET.xls"", ""1781178284059_Price_Bid.xlsx"", ""1781178284065_BOQ__2_.xlsx"", ""1781178284079_ACCEPTANCE_FORM_FOR_PARTICIPATION_IN_REVERSE_AUCTI.docx""]",tender-documents
BSL-L-W-T-53-2026,"[""1782198877077_viewNitPdf_5409596.pdf"", ""1782198935194_Tenderdocument532026.pdf""]",tender-documents
BU/MDO/RIDFXXIX/1574,"[""96203160_(1).pdf_1767859540_152997809.pdf""]",tender-documents
CC/NT/W-MISC/DOM/A10/24/15669,"[""PGCIL.html_1735539985_324529231.html""]",tender-documents
CC/NT/W-SOLAR/DOM/TOO/24/12370,"[""1725424507.zip""]",tender-documents
CC/NT/W-SOLAR/DOM/TOO/24/12388,"[""1725424954.zip""]",tender-documents
CC/NT/W-SOLAR/DOM/TOO/24/12398,"[""1725425371.zip""]",tender-documents
CC/NT/W-SOLAR/DOM/TOO/24/12401,"[""1725425784.zip""]",tender-documents
CC/NT/W-SOLAR/DOM/TOO/24/12402,"[""1725426222.zip""]",tender-documents
CC/T/W-BESS/DOM/A02/26/07467,"[""1780571437811_PGCIL4.pdf"", ""1780571437847_PGCIL3.pdf"", ""1780571437865_PGCIL2.pdf"", ""1780571437876_PGCIL1.pdf"", ""1780571437886_pgcil.pdf""]",tender-documents
CD/94521/C&J/24-25/OTE/045,"[""1725513471.pdf""]",tender-documents
CE/EHV PC  O&M ZONE/ NSK/T-14,"[""1728541535.pdf""]",tender-documents
CE/EHV PC O&M ZONE/KRD/Tech/E-tender-T- 9/ 2025-26,"[""tender_1763639301.pdf_1763981265_1845807251.pdf""]",tender-documents
CE/EHV PC O&M ZONE/PUNE/T-52/2024-25,"[""1728540722.jpeg""]",tender-documents
CE/GZR-32/2025-26,"[""Tendernotice_1_(11).pdf_1765798525_652651361.pdf""]",tender-documents
CE/GZR-33/2025-26,"[""Tendernotice_1_(12).pdf_1765798719_653831986.pdf"", ""eProcurement_System_Government_of_Uttarakhand.pdf_1767097790_2102779240.pdf"", ""TD33.pdf_1767097790_938124565.pdf"", ""Tendernotice_1_(23).pdf_1767097790_1661618174.pdf"", ""TS.pdf_1767097790_727428339.pdf""]",tender-documents
CGM -Tel- e-TENDER-Telecom-PAC-05/2025-26,"[""211425101420Tender_Document_for_Procurement_of_Precision_AC.pdf_1767427660_1990013903.pdf""]",tender-documents
CGM(D&S)/UAR/APDCL/ICMR/DIBRUGARH/4,"[""1730361335.pdf""]",tender-documents
CHN/RP/TEST-III/T-1802,"[""1726481227.zip""]",tender-documents
CMC/BY/25-26/RS/SkS/ SS/27 [RFx No. 2200000155],"[""94554464_(2).pdf_1763622797_1988611657.pdf""]",tender-documents
CMC/BY/25-26/RS/SkS/SS/27,"[""NIT_NO_27_25_26.pdf_1768565772_252421054.pdf""]",tender-documents
CMG/ISRO-HQ/AC/AMC/03/P/DEL/2025-26,"[""ACAMC03PDEL202526Bilingual_(1).pdf_1767869963_2016806903.pdf""]",tender-documents
DB255776A,"[""1773652683403_viewNitPdf_5320154.pdf""]",tender-documents
DDU-EL-G-P-2025-26-06R,"[""93166290_(1).pdf_1759917345_1047314726.pdf"", ""93166290.pdf_1759917345_1951889180.pdf"", ""viewNitPdf_5135083.pdf_1759917345_1709726587.pdf""]",tender-documents
DDU-EL-G-P-2025-26-06R1,"[""viewNitPdf_5230591.pdf_1769066769_63075002.pdf""]",tender-documents
DEL/R4 AO4/ 2025-26/15,"[""95386490_(2).pdf_1765455133_429715021.pdf""]",tender-documents
DEL/R4 AO4/ 2025-26/18,"[""95386495_(3).pdf_1765532150_798039758.pdf""]",tender-documents
DGBPS_08_120A_S_75918_EMD,"[""1780053309906_GSECL.pdf"", ""1780298528984_New_Supply_General_Commercial_Terms_and_Conditions.pdf"", ""1780298532256_DGBPS_08_120A_S_RFQ-75918-EMD.pdf""]",tender-documents
DGBPS_2 112A S_73040_EMD III,"[""234055_(1).pdf_1762947308_1397001909.pdf""]",tender-documents
DGBPS_3_122A_S_76941,"[""1784624396244_DGBPS_3_122A_S_76941-EMD__1_.pdf""]",tender-documents
DGBPS_9_100A_S_67252_EMD,"[""1730362451.pdf""]",tender-documents
DMRCTR13008496,"[""AnnexureT.pdf_1770103614_1566046191.pdf"", ""COCUps.pdf_1770103614_2080009510.pdf"", ""ITTUps.pdf_1770103614_1537453265.pdf"", ""SCCUps.pdf_1770103614_265386480.pdf"", ""viewNitPdf_5257414.pdf_1770103614_962953425.pdf""]",tender-documents
DMRCTR13008496A,"[""1778224410028_viewNitPdf_5328689__1_.pdf""]",tender-documents
DNH/ELE/TRANS/2024/01/257,"[""utdanh.pdf_1733488323_304826793.pdf""]",tender-documents
E- 07/26-27/CE/O&M /SLBHES/SLMW/DE/A&P/AE/P/S3,"[""1777100967513_MQP__FQP.pdf"", ""1777100967853_spec_36e1e0b2-d33f-45d3-9b1d1777028143063_gsdgem.pdf"", ""1777100967867_Technical_specs_of_2V_1350AH_55_cells_battery_bank.pdf""]",tender-documents
E-Tender No. RBI/Reserve Bank Staff College /Estate/7/2025-26/ET/673,"[""RBI_TENDER.pdf_1765970940_1025295800.pdf""]",tender-documents
E-Tender-2026-27-03-1,"[""1782197326433_Tender_Creation_Modification.pdf""]",tender-documents
E0925O0266,"[""Acceptance_of_Annexure-_I_&_II.pdf_1763626881_658004975.pdf"", ""Acceptance_of_Commercial_Terms__ACT_.pdf_1763626881_708811146.pdf"", ""Declaration_NoBanningandSelfCertification.pdf_1763626881_829996353.pdf"", ""Letter_of_Bid__LOB_.pdf_1763626881_2124387193.pdf"", ""NIT.pdf_1763626881_583223991.pdf"", ""OCI_Other_Commercial_Information...xls_1763626881_396113014.xls""]",tender-documents
E1343124,"[""1730708376.zip""]",tender-documents
EE/400kV/Chakan/Tech/2025-26/ET-10,"[""93236067.pdf_1759994533_216372994.pdf""]",tender-documents
EE/EHV/O&M/DN/BSR/Tech,"[""1730705071.pdf""]",tender-documents
EE/EHV/O&M/NGP/Tech/SRM-E-Tender/25-26/26,"[""95597770.pdf_1765803565_547702458.pdf""]",tender-documents
EE/PCDN/Tech/T-13/2024-25,"[""MAHATRANSCO6.pdf_1732955231_2065724085.pdf""]",tender-documents
EESL/06/2025-26/BESS/OTE/252612002,"[""189466871.pdf_1765799999_1812500894.pdf""]",tender-documents
EH265006A,"[""1784536212853_viewNitPdf_5472880.pdf""]",tender-documents
EL-2025-26-23R,"[""viewNitPdf_5108700.pdf_1758610527_1558410406.pdf""]",tender-documents
EL-4-337-WA-30,"[""viewNitPdf_5045563.pdf_1754047292_1069656971.pdf""]",tender-documents
EL-50-1-ADI-T-31-2025-26,"[""viewNitPdf_5103714.pdf_1758881484_1901405061.pdf""]",tender-documents
EL-50-DNR-OPEN-16- 2025-26,"[""179973029.pdf_1757142893_857037463.pdf"", ""179973030.pdf_1757142893_19864454.pdf"", ""179973031.pdf_1757142893_425624793.pdf"", ""179973032.pdf_1757142893_2063563425.pdf"", ""179973033.pdf_1757142893_164432762.pdf"", ""179973034.pdf_1757142893_1821300317.pdf"", ""179973035.pdf_1757142893_1118516070.pdf"", ""179973036.pdf_1757142893_1459978039.pdf"", ""179973037.pdf_1757142893_1873018676.pdf"", ""179973038.pdf_1757142893_1134781454.pdf"", ""179973039.pdf_1757142893_1417197871.pdf"", ""179973040.pdf_1757142893_520350984.pdf"", ""viewNitPdf_5099080.pdf_1757142893_548998673.pdf""]",tender-documents
EL-G-SPJ-23-ET-24-25,"[""ECR.pdf_1735286852_1744070460.pdf""]",tender-documents
EL-JP- 13-2026-27,"[""1782376643086_ESTD-13-2026-27_merged.pdf"", ""1782376643193_viewNitPdf_5422938.pdf""]",tender-documents
EL-JP-76-2025-26,"[""1774250737586_viewNitPdf_5287671__1_.pdf""]",tender-documents
ELEG-OT-1267-2025-26,"[""92972676_(3).pdf_1759562934_1729973854.pdf""]",tender-documents
ELEG-OT-1267-2025-26-R1,"[""viewNitPdf_5241959.pdf_1768547447_1479528764.pdf""]",tender-documents
ELG-109-2526,"[""viewNitPdf_5136554.pdf_1761558853_2017500311.pdf""]",tender-documents
ELG-150-2526,"[""1772516294825_viewNitPdf_5298129.pdf""]",tender-documents
ELM160_BESS-TESS_D27-5-26,"[""1780985548543_viewNitPdf_5411024__1_.pdf""]",tender-documents
EM-PB-01022/1/2022-M,"[""170171639.pdf_1747028769_1639260548.pdf""]",tender-documents
ENM11028701,"[""87719308_TD_576_cQqe.pdf_1758097751_1327693152.pdf"", ""R1.pdf_1758097751_1182506871.pdf""]",tender-documents
ENM13007359,"[""1777703336499_viewNitPdf_5373624__1_.pdf""]",tender-documents
ENM13007381,"[""DMRC.pdf_1756360177_2143826186.pdf""]",tender-documents
ENM13007481,"[""dmrc.pdf_1733893638_1497020195.pdf""]",tender-documents
ENQ-(48-49),"[""MPPKVVNL.pdf_1734933290_2080881842.pdf""]",tender-documents
ESD-AC-778,"[""Important_instructions_to_the_Vendors.pdf_1767422380_559461964.pdf"", ""Checklsit..pdf_1767422380_601332460.pdf"", ""Tender_document_(Section_IV_to_V)..pdf_1767422380_63682251.pdf"", ""Tender_document_Section_I_to_III..pdf_1767422380_187335213.pdf"", ""NOTE..pdf_1767422380_1195821131.pdf"", ""NIT_details..pdf_1767422380_1875161861.pdf""]",tender-documents
ET- 5732,"[""1727500758.pdf""]",tender-documents
ET- 5845,"[""GSECL4.html_1732883764_866090225.html""]",tender-documents
ET-5732,"[""1731562563.pdf""]",tender-documents
ET-6001,"[""218034.pdf_1764851978_1202932817.pdf""]",tender-documents
ET-6140,"[""241750.pdf_1762945708_722703600.pdf""]",tender-documents
ET-6229,"[""1773903292295_287583.pdf""]",tender-documents
ETELCONBBST-374E,"[""179174677.pdf_1757143714_514316985.pdf"", ""179174678.pdf_1757143714_207325155.pdf"", ""179174681.pdf_1757143714_1666966354.pdf"", ""179174683.pdf_1757143714_2115086201.pdf""]",tender-documents
ETELCONBBST-377E,"[""viewNitPdf_5135417.pdf_1761307631_433807661.pdf""]",tender-documents
E_E_29_I_2025_02_RT03,"[""95966458_(2).pdf_1767001463_562660367.pdf"", ""95966458_(1).pdf_1767001463_1584945089.pdf"", ""95966458.pdf_1767001463_618209949.pdf""]",tender-documents
GCEKNR / 2271 /2024-D2,"[""GCE.pdf_1737373434_474224999.pdf""]",tender-documents
GE255050,"[""03052025_190723854154.pdf_1746601679_1355630872.pdf""]",tender-documents
GEM/2024/B/4523113,"[""GeM-Bidding-5939335.pdf_1760698590_1558188079.pdf""]",tender-documents
GEM/2024/B/4761385,"[""1728538949.pdf""]",tender-documents
GEM/2024/B/5176335,"[""GeM-Bidding-6658034_(11).pdf_1752473371_229393547.pdf""]",tender-documents
GEM/2024/B/5205901,"[""1725859828.pdf""]",tender-documents
GEM/2024/B/5217904,"[""1726473488.pdf""]",tender-documents
GEM/2024/B/5218345,"[""1728542612.pdf""]",tender-documents
GEM/2024/B/5221687,"[""1725082890.pdf""]",tender-documents
GEM/2024/B/5237372,"[""1725761081.pdf""]",tender-documents
GEM/2024/B/5239286,"[""1725019735.pdf""]",tender-documents
GEM/2024/B/5242733,"[""1725093763.pdf""]",tender-documents
GEM/2024/B/5245328,"[""1727517683.pdf""]",tender-documents
GEM/2024/B/5254711,"[""1731561756.pdf""]",tender-documents
GEM/2024/B/5264968,"[""1725275276.pdf""]",tender-documents
GEM/2024/B/5265697,"[""1725351702.zip""]",tender-documents
GEM/2024/B/5289442,"[""1725345473.pdf""]",tender-documents
GEM/2024/B/5291489,"[""1726811104.pdf""]",tender-documents
GEM/2024/B/5303027,"[""1725346086.zip""]",tender-documents
GEM/2024/B/5305488,"[""1725346652.zip""]",tender-documents
GEM/2024/B/5315671,"[""1725516096.pdf""]",tender-documents
GEM/2024/B/5319528,"[""1728376427.pdf""]",tender-documents
GEM/2024/B/5322239,,tender-documents
GEM/2024/B/5324537,"[""1725279534.pdf""]",tender-documents
GEM/2024/B/5324543,"[""1730358551.pdf""]",tender-documents
GEM/2024/B/5328157,"[""1725088980.pdf""]",tender-documents
GEM/2024/B/5329818,"[""1725101622.zip""]",tender-documents
GEM/2024/B/5330420,"[""1728375754.pdf""]",tender-documents
GEM/2024/B/5330945,"[""1725280591.pdf""]",tender-documents
GEM/2024/B/5331080,"[""1725357198.pdf""]",tender-documents
GEM/2024/B/5333993,"[""1725862627.pdf""]",tender-documents
GEM/2024/B/5335485,"[""1725278505.pdf""]",tender-documents
GEM/2024/B/5336206,"[""1725347920.zip""]",tender-documents
GEM/2024/B/5336644,"[""1725356169.zip""]",tender-documents
GEM/2024/B/5343103,"[""1725512149.pdf""]",tender-documents
GEM/2024/B/5343749,"[""1725519825.pdf""]",tender-documents
GEM/2024/B/5343912,"[""1725356703.pdf""]",tender-documents
GEM/2024/B/5344726,"[""1725517268.pdf""]",tender-documents
GEM/2024/B/5345578,"[""1726732574.pdf""]",tender-documents
GEM/2024/B/5345896,"[""1725519232.pdf""]",tender-documents
GEM/2024/B/5346542,"[""1725517555.pdf""]",tender-documents
GEM/2024/B/5346747,"[""1725858536.pdf""]",tender-documents
GEM/2024/B/5357085,"[""1725863177.zip""]",tender-documents
GEM/2024/B/5362874,"[""1725858950.zip""]",tender-documents
GEM/2024/B/5365946,,tender-documents
GEM/2024/B/5377194,"[""1726473105.pdf""]",tender-documents
GEM/2024/B/5380180,"[""1730699347.pdf""]",tender-documents
GEM/2024/B/5382731,"[""1726482009.pdf""]",tender-documents
GEM/2024/B/5383368,"[""1726741717.pdf""]",tender-documents
GEM/2024/B/5384948,"[""1726812437.pdf""]",tender-documents
GEM/2024/B/5386931,"[""1726471964.pdf""]",tender-documents
GEM/2024/B/5390456,"[""1727507128.pdf""]",tender-documents
GEM/2024/B/5390816,"[""1726811717.pdf""]",tender-documents
GEM/2024/B/5393662,"[""1726746626.pdf""]",tender-documents
GEM/2024/B/5397513,"[""1731497230.pdf"", ""1731497230.pdf""]",tender-documents
GEM/2024/B/5399638,"[""1726742662.pdf""]",tender-documents
GEM/2024/B/5401198,"[""1726739888.pdf""]",tender-documents
GEM/2024/B/5403570,"[""NPCIL.pdf_1735883204_1763659190.pdf""]",tender-documents
GEM/2024/B/5408651,"[""1727501188.pdf""]",tender-documents
GEM/2024/B/5412604,"[""1727519091.pdf""]",tender-documents
GEM/2024/B/5419237,"[""1727931086.pdf""]",tender-documents
GEM/2024/B/5424103,,tender-documents
GEM/2024/B/5425851,"[""1727931639.pdf""]",tender-documents
GEM/2024/B/5428765,"[""1728539884.pdf""]",tender-documents
GEM/2024/B/5429890,"[""GeM-Bidding-6938674.pdf_1745302320_186245986.pdf""]",tender-documents
GEM/2024/B/5431252,"[""1727499799.pdf""]",tender-documents
GEM/2024/B/5432413,"[""1727933114.pdf""]",tender-documents
GEM/2024/B/5433327,"[""1729486459.pdf""]",tender-documents
GEM/2024/B/5434652,"[""1727505051.pdf""]",tender-documents
GEM/2024/B/5435227,"[""1729163353.pdf""]",tender-documents
GEM/2024/B/5437886,"[""1727518064.pdf""]",tender-documents
GEM/2024/B/5445001,"[""1727931953.pdf""]",tender-documents
GEM/2024/B/5452597,"[""1727934475.pdf""]",tender-documents
GEM/2024/B/5453082,"[""1730094251.pdf""]",tender-documents
GEM/2024/B/5456782,"[""1729321980.pdf""]",tender-documents
GEM/2024/B/5462205,"[""1728375134.pdf""]",tender-documents
GEM/2024/B/5466307,"[""1730700788.pdf""]",tender-documents
GEM/2024/B/5473145,"[""1731047027.pdf""]",tender-documents
GEM/2024/B/5473439,"[""1728537105.pdf""]",tender-documents
GEM/2024/B/5475705,"[""1728536293.pdf""]",tender-documents
GEM/2024/B/5478912,"[""1728539180.pdf""]",tender-documents
GEM/2024/B/5479979,"[""1728646771.pdf""]",tender-documents
GEM/2024/B/5481416,"[""1729159118.pdf""]",tender-documents
GEM/2024/B/5481523,"[""pgcil.pdf_1735286340_1283757086.pdf""]",tender-documents
GEM/2024/B/5484105,"[""1728645685.pdf""]",tender-documents
GEM/2024/B/5484907,"[""1728649639.pdf""]",tender-documents
GEM/2024/B/5485573,"[""1728646175.pdf""]",tender-documents
GEM/2024/B/5486162,"[""1730096386.pdf""]",tender-documents
GEM/2024/B/5486802,"[""1729163658.pdf""]",tender-documents
GEM/2024/B/5492999,"[""1729661967.pdf""]",tender-documents
GEM/2024/B/5494021,"[""1729167224.pdf""]",tender-documents
GEM/2024/B/5494193,"[""1729153186.pdf""]",tender-documents
GEM/2024/B/5498446,"[""1729153677.pdf""]",tender-documents
GEM/2024/B/5501634,"[""BRO.pdf_1731647331_2032120456.pdf""]",tender-documents
GEM/2024/B/5502195,"[""1729932583.pdf""]",tender-documents
GEM/2024/B/5504002,"[""1729167709.pdf""]",tender-documents
GEM/2024/B/5504267,"[""1729932269.pdf""]",tender-documents
GEM/2024/B/5506146,"[""1729162685.pdf""]",tender-documents
GEM/2024/B/5507242,"[""1729498441.pdf""]",tender-documents
GEM/2024/B/5507261,"[""1729162436.pdf""]",tender-documents
GEM/2024/B/5507440,"[""1730975005.pdf""]",tender-documents
GEM/2024/B/5509475,"[""1729931978.pdf""]",tender-documents
GEM/2024/B/5514356,"[""1730365662.pdf""]",tender-documents
GEM/2024/B/5514787,"[""DRDO_UPX.pdf_1732954157_433169445.pdf""]",tender-documents
GEM/2024/B/5519326,"[""1730360322.pdf""]",tender-documents
GEM/2024/B/5519512,"[""1731496199.pdf"", ""1731496199.pdf""]",tender-documents
GEM/2024/B/5528731,"[""1730092422.pdf""]",tender-documents
GEM/2024/B/5531177,"[""1730093532.pdf""]",tender-documents
GEM/2024/B/5535650,"[""1730097565.pdf""]",tender-documents
GEM/2024/B/5535750,"[""1730704651.pdf""]",tender-documents
GEM/2024/B/5537735,"[""MID2.pdf_1732882127_1773748199.pdf""]",tender-documents
GEM/2024/B/5539015,"[""1730707693.pdf""]",tender-documents
GEM/2024/B/5540142,"[""1730874264.pdf""]",tender-documents
GEM/2024/B/5541518,"[""1730363245.pdf""]",tender-documents
GEM/2024/B/5543146,"[""1730706376.pdf""]",tender-documents
GEM/2024/B/5545590,"[""SAIL.pdf_1735892662_947902100.pdf""]",tender-documents
GEM/2024/B/5547767,"[""1730700214.pdf""]",tender-documents
GEM/2024/B/5550743,"[""1731496813.pdf"", ""SAIL7.pdf_1731745873_221742914.pdf""]",tender-documents
GEM/2024/B/5559190,"[""1730709127.pdf""]",tender-documents
GEM/2024/B/5563817,"[""1730709427.pdf""]",tender-documents
GEM/2024/B/5564500,"[""1730709917.pdf""]",tender-documents
GEM/2024/B/5565931,"[""PGCIL_GURGAON2.pdf_1733813078_1255131834.pdf""]",tender-documents
GEM/2024/B/5568492,"[""1730872218.pdf""]",tender-documents
GEM/2024/B/5573565,"[""NTPCL.pdf_1734441937_941594066.pdf""]",tender-documents
GEM/2024/B/5573636,"[""NPCIL.pdf_1735279675_1976302823.pdf""]",tender-documents
GEM/2024/B/5573819,"[""1731048185.pdf""]",tender-documents
GEM/2024/B/5576302,"[""1731047879.pdf""]",tender-documents
GEM/2024/B/5582861,"[""JKSPDS.pdf_1732355526_1790295384.pdf""]",tender-documents
GEM/2024/B/5584427,"[""1731496539.pdf"", ""1731496539.pdf""]",tender-documents
GEM/2024/B/5589793,"[""1731563928.pdf""]",tender-documents
GEM/2024/B/5590450,"[""1731563420.pdf""]",tender-documents
GEM/2024/B/5592361,"[""1731562927.pdf""]",tender-documents
GEM/2024/B/5597077,"[""IA_SOLAR_LIGHT.pdf_1732270578_2091573270.pdf"", ""IA_SP2.pdf_1732270578_1764433926.pdf""]",tender-documents
GEM/2024/B/5599614,"[""1731584525.zip""]",tender-documents
GEM/2024/B/5605153,"[""GAIL_DIBIYAPUR5.pdf_1732880472_544107123.pdf""]",tender-documents
GEM/2024/B/5609139,"[""HPCL.pdf_1735216169_858217708.pdf""]",tender-documents
GEM/2024/B/5610516,"[""PGCIL_VRLA.pdf_1731996365_1631193795.pdf"", ""PGCIL_VRLA2.pdf_1731996365_1927824010.pdf""]",tender-documents
GEM/2024/B/5617677,"[""BHEL_ODISSA2.pdf_1732264478_757888942.pdf""]",tender-documents
GEM/2024/B/5625162,"[""sjvn.pdf_1737524342_2009459761.pdf""]",tender-documents
GEM/2024/B/5626301,"[""BHEL_TRICHY.pdf_1732357987_1003105905.pdf""]",tender-documents
GEM/2024/B/5627621,"[""pgcil.pdf_1738142513_1572873276.pdf""]",tender-documents
GEM/2024/B/5631317,"[""APCPL.pdf_1735204857_1869539482.pdf""]",tender-documents
GEM/2024/B/5635323,"[""GRSBE.pdf_1732880796_1959000784.pdf""]",tender-documents
GEM/2024/B/5635401,"[""GV4.pdf_1732954416_439348188.pdf""]",tender-documents
GEM/2024/B/5636450,"[""PGCIL_GURGaon4.pdf_1732961852_807345027.pdf""]",tender-documents
GEM/2024/B/5636743,"[""GU2.pdf_1732947538_158408762.pdf""]",tender-documents
GEM/2024/B/5639411,"[""GV5.pdf_1732954801_2123193733.pdf""]",tender-documents
GEM/2024/B/5639470,"[""sbi3.pdf_1732859098_22937099.pdf""]",tender-documents
GEM/2024/B/5644269,"[""GV3.pdf_1732947989_1269791287.pdf""]",tender-documents
GEM/2024/B/5655195,"[""BMRC.pdf_1733830518_443134300.pdf""]",tender-documents
GEM/2024/B/5657941,"[""NIACL.pdf_1734097170_492036702.pdf""]",tender-documents
GEM/2024/B/5658771,"[""GAIL.pdf_1735196857_1601036359.pdf""]",tender-documents
GEM/2024/B/5660962,"[""IOCL_GUJARAT.pdf_1733829192_2047747724.pdf""]",tender-documents
GEM/2024/B/5661619,"[""IN.pdf_1736144940_827178477.pdf""]",tender-documents
GEM/2024/B/5661914,"[""GAIL_GUNA.pdf_1733893930_693303593.pdf""]",tender-documents
GEM/2024/B/5664891,"[""NTPC.pdf_1734095027_2038867967.pdf""]",tender-documents
GEM/2024/B/5669166,"[""bpcl.pdf_1733831651_48200989.pdf""]",tender-documents
GEM/2024/B/5669861,"[""IMD.pdf_1734108431_1188806988.pdf""]",tender-documents
GEM/2024/B/5671298,"[""NTPC.pdf_1734096374_927777742.pdf""]",tender-documents
GEM/2024/B/5671517,"[""EIL.pdf_1735906995_1731784458.pdf""]",tender-documents
GEM/2024/B/5676380,"[""NMDC.pdf_1734148329_1575466242.pdf""]",tender-documents
GEM/2024/B/5677737,"[""pgcil.pdf_1738237717_506016471.pdf""]",tender-documents
GEM/2024/B/5678461,"[""IAF.pdf_1734146887_1305036241.pdf""]",tender-documents
GEM/2024/B/5679870,"[""RCIL.pdf_1735818899_172088717.pdf""]",tender-documents
GEM/2024/B/5680743,"[""HPCL.pdf_1734149053_1572666408.pdf""]",tender-documents
GEM/2024/B/5682180,"[""NHPC.pdf_1738045057_1309091626.pdf""]",tender-documents
GEM/2024/B/5685005,"[""DP.pdf_1735201528_1682853842.pdf""]",tender-documents
GEM/2024/B/5686988,"[""HPCL.pdf_1734095415_748050935.pdf""]",tender-documents
GEM/2024/B/5690793,"[""pgcil.pdf_1734439882_1670462893.pdf""]",tender-documents
GEM/2024/B/5692137,"[""IREL.pdf_1734438732_1923680257.pdf""]",tender-documents
GEM/2024/B/5692573,"[""IOCL.pdf_1735211236_350319688.pdf""]",tender-documents
GEM/2024/B/5703120,"[""pgcil.pdf_1735210352_1159630179.pdf""]",tender-documents
GEM/2024/B/5707114,"[""MIL.pdf_1734437887_473018895.pdf""]",tender-documents
GEM/2024/B/5709353,"[""Railtail.pdf_1739364917_1390089581.pdf""]",tender-documents
GEM/2024/B/5710685,"[""DAE.pdf_1735538880_59513823.pdf""]",tender-documents
GEM/2024/B/5715564,"[""IOCL.pdf_1734931474_377878170.pdf""]",tender-documents
GEM/2024/B/5719049,"[""NCL.pdf_1735895252_217349209.pdf""]",tender-documents
GEM/2024/B/5719532,"[""GAIL.pdf_1735199176_1248637858.pdf""]",tender-documents
GEM/2024/B/5720320,"[""DHI.pdf_1735277981_1592308460.pdf""]",tender-documents
GEM/2024/B/5724419,"[""AAI.pdf_1735542543_329489873.pdf""]",tender-documents
GEM/2024/B/5728093,"[""MOP.pdf_1736145564_1091589504.pdf""]",tender-documents
GEM/2024/B/5732887,"[""IAF.pdf_1735206345_1814299138.pdf""]",tender-documents
GEM/2024/B/5736310,"[""pgcil.pdf_1738140169_1676681892.pdf""]",tender-documents
GEM/2024/B/5737269,"[""IOCL.pdf_1735205426_2138303192.pdf""]",tender-documents
GEM/2024/B/5737685,"[""IA.pdf_1738669522_1461970666.pdf""]",tender-documents
GEM/2024/B/5739244,"[""RINL.pdf_1735207661_1947165104.pdf""]",tender-documents
GEM/2024/B/5740923,"[""IAF.pdf_1735539213_1947477167.pdf""]",tender-documents
GEM/2024/B/5742022,"[""PETRONET.pdf_1735538487_1410852236.pdf""]",tender-documents
GEM/2024/B/5746239,"[""HAL.pdf_1735893901_1827504088.pdf""]",tender-documents
GEM/2024/B/5749238,"[""GAIL.pdf_1735199647_1119174476.pdf""]",tender-documents
GEM/2024/B/5756216,"[""DVC.pdf_1736711229_1885833625.pdf""]",tender-documents
GEM/2024/B/5758223,"[""bpcl.pdf_1735535579_1177982465.pdf""]",tender-documents
GEM/2024/B/5758392,"[""RINL.pdf_1735895963_773518730.pdf""]",tender-documents
GEM/2024/B/5762390,"[""RCF.pdf_1738145439_214297181.pdf""]",tender-documents
GEM/2024/B/5764306,"[""IA.pdf_1737533950_1046635146.pdf""]",tender-documents
GEM/2024/B/5767165,"[""IOCL.pdf_1739787088_1791763189.pdf""]",tender-documents
GEM/2024/B/5768320,"[""IA.pdf_1735893228_38168827.pdf""]",tender-documents
GEM/2024/B/5769893,"[""rcfl.pdf_1735892187_1723298811.pdf""]",tender-documents
GEM/2025/B/5771677,,tender-documents
GEM/2025/B/5781788,"[""HPCL.pdf_1736764186_852891780.pdf""]",tender-documents
GEM/2025/B/5781947,"[""BHEL.pdf_1736702481_1318146713.pdf""]",tender-documents
GEM/2025/B/5783818,"[""SAIL.pdf_1738045955_878809430.pdf""]",tender-documents
GEM/2025/B/5792451,"[""NMDC.pdf_1737627236_464428584.pdf""]",tender-documents
GEM/2025/B/5793816,"[""IOCL.pdf_1737966132_467526889.pdf""]",tender-documents
GEM/2025/B/5794649,"[""DVC.pdf_1737098165_752910284.pdf""]",tender-documents
GEM/2025/B/5796721,"[""sjvn.pdf_1736756752_912329872.pdf""]",tender-documents
GEM/2025/B/5806802,"[""pdil.pdf_1736767857_840168781.pdf""]",tender-documents
GEM/2025/B/5809561,"[""hqids.pdf_1740131397_1524079266.pdf""]",tender-documents
GEM/2025/B/5825900,"[""EIL.pdf_1738047281_374125105.pdf""]",tender-documents
GEM/2025/B/5834197,"[""GAIL.pdf_1739444944_1917258043.pdf""]",tender-documents
GEM/2025/B/5835246,"[""pgcil.pdf_1737967383_742079208.pdf""]",tender-documents
GEM/2025/B/5854592,"[""IOCL.pdf_1738139516_928788106.pdf""]",tender-documents
GEM/2025/B/5867617,"[""IA.pdf_1738044898_875150159.pdf""]",tender-documents
GEM/2025/B/5881728,"[""GAIL_VIJAIPUR.pdf_1739451026_691223215.pdf""]",tender-documents
GEM/2025/B/5890830,"[""bsf.pdf_1741175106_1422088641.pdf""]",tender-documents
GEM/2025/B/5891991,"[""GAIL.pdf_1739364736_1899010698.pdf""]",tender-documents
GEM/2025/B/5923363,"[""pgcil.pdf_1742387306_1911423467.pdf""]",tender-documents
GEM/2025/B/5926782,"[""GAIL_Dibiyapur.pdf_1739443745_43514722.pdf""]",tender-documents
GEM/2025/B/5934587,"[""IOCL.pdf_1742552686_114364371.pdf""]",tender-documents
GEM/2025/B/5934656,"[""BHEL.pdf_1739364577_531106279.pdf""]",tender-documents
GEM/2025/B/5950154,"[""IAF.pdf_1739787401_687931458.pdf""]",tender-documents
GEM/2025/B/5962340,"[""GAIL.pdf_1740483768_690490162.pdf""]",tender-documents
GEM/2025/B/5963385,"[""pgcil.pdf_1740460556_1250853755.pdf""]",tender-documents
GEM/2025/B/5966276,"[""SECL.pdf_1743571917_1762792776.pdf""]",tender-documents
GEM/2025/B/5973605,"[""AIIMS.pdf_1740135948_1646996164.pdf""]",tender-documents
GEM/2025/B/5983952,"[""pgcil.pdf_1742811643_311531048.pdf""]",tender-documents
GEM/2025/B/5989236,"[""AAI.pdf_1740831412_568660591.pdf""]",tender-documents
GEM/2025/B/5991306,"[""AAI.pdf_1741176132_727499606.pdf""]",tender-documents
GEM/2025/B/5998028,"[""AWEIL.pdf_1740831115_1671814866.pdf""]",tender-documents
GEM/2025/B/5999316,"[""ALISH.pdf_1741175480_1243623741.pdf""]",tender-documents
GEM/2025/B/6007737,"[""GAIL.pdf_1742625482_1766467994.pdf""]",tender-documents
GEM/2025/B/6012033,"[""bpcl.pdf_1741176470_1972518946.pdf""]",tender-documents
GEM/2025/B/6019666,"[""GAIL.pdf_1741681257_1456383019.pdf""]",tender-documents
GEM/2025/B/6021335,"[""GeM-Bidding-7603736.pdf_1743745524_1681840732.pdf""]",tender-documents
GEM/2025/B/6021431,"[""pgcil.pdf_1742303724_826896916.pdf""]",tender-documents
GEM/2025/B/6023862,"[""GeM-Bidding-7606559.pdf_1748927889_345194276.pdf""]",tender-documents
GEM/2025/B/6032673,"[""GeM-Bidding-7616593.pdf_1745655121_216723236.pdf""]",tender-documents
GEM/2025/B/6043151,"[""pgcil.pdf_1742388001_1922645682.pdf""]",tender-documents
GEM/2025/B/6049908,"[""pgcil.pdf_1742626363_1640698221.pdf""]",tender-documents
GEM/2025/B/6053925,"[""GeM-Bidding-7641085.pdf_1750409965_2005407.pdf""]",tender-documents
GEM/2025/B/6055186,"[""GeM-Bidding-7642523.pdf_1748501565_394436405.pdf""]",tender-documents
GEM/2025/B/6055352,"[""pgcil.pdf_1743836840_879049051.pdf""]",tender-documents
GEM/2025/B/6061157,"[""GeM-Bidding-7649767.pdf_1743149123_674135610.pdf""]",tender-documents
GEM/2025/B/6064063,"[""GeM-Bidding-7653287.pdf_1743166414_1774917685.pdf""]",tender-documents
GEM/2025/B/6069369,"[""GeM-Bidding-7659362.pdf_1743072326_573693796.pdf""]",tender-documents
GEM/2025/B/6074272,"[""pgcil.pdf_1743069919_45214332.pdf""]",tender-documents
GEM/2025/B/6074692,"[""GeM-Bidding-7665503.pdf_1743749423_586699114.pdf""]",tender-documents
GEM/2025/B/6083250,"[""pgcil.pdf_1742883729_1797936098.pdf""]",tender-documents
GEM/2025/B/6084297,"[""GeM-Bidding-7677154_(1).pdf_1745301550_270683727.pdf""]",tender-documents
GEM/2025/B/6086275,"[""GeM-Bidding-7679475.pdf_1744797664_874942398.pdf""]",tender-documents
GEM/2025/B/6086504,"[""IOCL.pdf_1743577244_805706527.pdf""]",tender-documents
GEM/2025/B/6090398,"[""GeM-Bidding-7684159.pdf_1743069439_921405172.pdf""]",tender-documents
GEM/2025/B/6090978,"[""GeM-Bidding-7684831.pdf_1745654964_833927949.pdf""]",tender-documents
GEM/2025/B/6092599,"[""GeM-Bidding-7686721.pdf_1747043817_1309266567.pdf""]",tender-documents
GEM/2025/B/6093029,"[""GeM-Bidding-7687204_(1).pdf_1745845338_540822722.pdf""]",tender-documents
GEM/2025/B/6094394,"[""GeM-Bidding-7688745_(1).pdf_1747117759_904845808.pdf""]",tender-documents
GEM/2025/B/6095199,"[""GeM-Bidding-7689709.pdf_1745300737_451363115.pdf""]",tender-documents
GEM/2025/B/6095513,"[""GeM-Bidding-7690057.pdf_1750231034_1096090194.pdf""]",tender-documents
GEM/2025/B/6097324,"[""GeM-Bidding-7692115.pdf_1744797939_1003356388.pdf""]",tender-documents
GEM/2025/B/6099091,"[""GeM-Bidding-7694159_(3).pdf_1745301880_951675244.pdf""]",tender-documents
GEM/2025/B/6101550,"[""prbidRAsGEMNEW_05052025_185029817333.pdf_1746601316_2008109630.pdf""]",tender-documents
GEM/2025/B/6103122,"[""GeM-Bidding-7698862.pdf_1746264303_813158019.pdf""]",tender-documents
GEM/2025/B/6107078,"[""GeM-Bidding-7703245.pdf_1748259283_458955057.pdf""]",tender-documents
GEM/2025/B/6108114,"[""GeM-Bidding-7704412.pdf_1750227680_528991563.pdf""]",tender-documents
GEM/2025/B/6118342,"[""GeM-Bidding-7715710.pdf_1745299982_243924811.pdf""]",tender-documents
GEM/2025/B/6118523,"[""GeM-Bidding-7715915.pdf_1751351344_603448080.pdf""]",tender-documents
GEM/2025/B/6124596,"[""GeM-Bidding-7722610_(2).pdf_1744441291_1427531405.pdf""]",tender-documents
GEM/2025/B/6128603,"[""GeM-Bidding-7726905.pdf_1755684884_457936518.pdf""]",tender-documents
GEM/2025/B/6130101,"[""GeM-Bidding-7728511_(2).pdf_1744441653_454158949.pdf""]",tender-documents
GEM/2025/B/6137139,"[""GeM-Bidding-7736282_(1).pdf_1745389595_503255724.pdf""]",tender-documents
GEM/2025/B/6137154,"[""GeM-Bidding-7736298_(2).pdf_1745999862_923093372.pdf""]",tender-documents
GEM/2025/B/6139114,"[""GeM-Bidding-7738573.pdf_1751091512_1675172716.pdf""]",tender-documents
GEM/2025/B/6139512,"[""GeM-Bidding-7739022_(1).pdf_1745654678_2117245103.pdf""]",tender-documents
GEM/2025/B/6147291,"[""GeM-Bidding-7747584.pdf_1746189248_17620609.pdf""]",tender-documents
GEM/2025/B/6147614,"[""GAIL.pdf_1745039956_490128122.pdf""]",tender-documents
GEM/2025/B/6149885,"[""GeM-Bidding-7750414_(1).pdf_1748679257_422125375.pdf""]",tender-documents
GEM/2025/B/6151545,"[""GeM-Bidding-7752295_(1).pdf_1746684721_899443829.pdf""]",tender-documents
GEM/2025/B/6153155,"[""GeM-Bidding-7754124.pdf_1746860732_1607860002.pdf""]",tender-documents
GEM/2025/B/6157341,"[""GeM-Bidding-7758890_(1).pdf_1746520010_880085959.pdf""]",tender-documents
GEM/2025/B/6157576,"[""GeM-Bidding-7759152.pdf_1750418359_581718313.pdf""]",tender-documents
GEM/2025/B/6159815,"[""GeM-Bidding-7761574.pdf_1745655637_550522187.pdf""]",tender-documents
GEM/2025/B/6162428,"[""prbidRAsGEMNEW_06052025_205753065543.pdf_1746682786_1450030692.pdf""]",tender-documents
GEM/2025/B/6164150,"[""GeM-Bidding-7766313.pdf_1746792186_1748580193.pdf""]",tender-documents
GEM/2025/B/6166323,"[""GeM-Bidding-7768729.pdf_1748677583_1134023783.pdf""]",tender-documents
GEM/2025/B/6166622,"[""GeM-Bidding-7769075.pdf_1746099844_1355466037.pdf""]",tender-documents
GEM/2025/B/6167820,"[""prbidRAsGEMNEW_06052025_200022479005.pdf_1746683466_1142175324.pdf""]",tender-documents
GEM/2025/B/6169023,"[""GeM-Bidding-7771730.pdf_1745655322_1368714793.pdf""]",tender-documents
GEM/2025/B/6169659,"[""GeM-Bidding-7772442.pdf_1746615725_228952694.pdf""]",tender-documents
GEM/2025/B/6177064,"[""GeM-Bidding-7780754.pdf_1746684985_729434618.pdf""]",tender-documents
GEM/2025/B/6178214,"[""GeM-Bidding-6178214.pdf_1746770200_687493445.pdf""]",tender-documents
GEM/2025/B/6178777,"[""GeM-Bidding-7782677.pdf_1746769200_493607413.pdf""]",tender-documents
GEM/2025/B/6182114,"[""GeM-Bidding-7786347.pdf_1746791602_1209411969.pdf""]",tender-documents
GEM/2025/B/6182161,"[""GeM-Bidding-7786399.pdf_1746859518_254966950.pdf""]",tender-documents
GEM/2025/B/6184349,"[""GeM-Bidding-7788764.pdf_1749634860_631438446.pdf""]",tender-documents
GEM/2025/B/6184353,"[""GeM-Bidding-7788768.pdf_1748696047_1134579618.pdf""]",tender-documents
GEM/2025/B/6184354,"[""GeM-Bidding-7788769.pdf_1749634252_789641814.pdf""]",tender-documents
GEM/2025/B/6185603,"[""GeM-Bidding-7790131.pdf_1746685177_1214764230.pdf""]",tender-documents
GEM/2025/B/6186248,"[""prbidRAsGEMNEW_05052025_225908085487.pdf_1746599464_572871035.pdf""]",tender-documents
GEM/2025/B/6188119,"[""GeM-Bidding-7792921.pdf_1746602797_56623679.pdf""]",tender-documents
GEM/2025/B/6194418,"[""GeM-Bidding-7799883.pdf_1746770836_312948010.pdf""]",tender-documents
GEM/2025/B/6199769,"[""prbidRAsGEMNEW_06052025_210153339884.pdf_1746683646_878754849.pdf""]",tender-documents
GEM/2025/B/6200855,"[""prcusbidrasGEMNEW_05052025_200111958830.pdf_1746601175_1784999784.pdf""]",tender-documents
GEM/2025/B/6200933,"[""GeM-Bidding-7807127_(1).pdf_1746603068_415404743.pdf""]",tender-documents
GEM/2025/B/6201196,"[""GeM-Bidding-7807423.pdf_1746858785_163427406.pdf""]",tender-documents
GEM/2025/B/6201270,"[""BOQGEMNEW_05052025_181640714873.pdf_1746599301_953682744.pdf""]",tender-documents
GEM/2025/B/6202461,"[""GeM-Bidding-7808841_(1).pdf_1747043295_2107122983.pdf""]",tender-documents
GEM/2025/B/6205310,"[""84095689_TD_774_BQNa.pdf_1748326534_1182297907.pdf""]",tender-documents
GEM/2025/B/6206799,"[""GeM-Bidding-7813566.pdf_1746860317_967318703.pdf""]",tender-documents
GEM/2025/B/6207068,"[""GeM-Bidding-7813857.pdf_1746859208_204567539.pdf""]",tender-documents
GEM/2025/B/6207818,"[""GEMMISSM_10052025_131831037031.pdf_1747114648_25043609.pdf""]",tender-documents
GEM/2025/B/6208222,"[""GeM-Bidding-7815074.pdf_1748840731_499493833.pdf""]",tender-documents
GEM/2025/B/6212257,"[""GeM-Bidding-7819494.pdf_1747311156_942301494.pdf""]",tender-documents
GEM/2025/B/6213639,"[""GeM-Bidding-7821016.pdf_1746788688_1293973217.pdf""]",tender-documents
GEM/2025/B/6214026,"[""84082991_TD_755_W5zE.pdf_1748325366_903568088.pdf""]",tender-documents
GEM/2025/B/6214734,"[""GeM-Bidding-7822240.pdf_1751871107_1407219273.pdf""]",tender-documents
GEM/2025/B/6217906,"[""GeM-Bidding-7825738_(1).pdf_1747211881_747223863.pdf""]",tender-documents
GEM/2025/B/6218782,"[""GeM-Bidding-7826702.pdf_1747030959_813532227.pdf""]",tender-documents
GEM/2025/B/6218899,"[""GeM-Bidding-7826831.pdf_1747311578_1756701194.pdf""]",tender-documents
GEM/2025/B/6219187,"[""GeM-Bidding-7827150_(1).pdf_1747311359_404750592.pdf""]",tender-documents
GEM/2025/B/6221288,"[""GeM-Bidding-7829512.pdf_1747310940_994994839.pdf""]",tender-documents
GEM/2025/B/6221337,"[""GeM-Bidding-7829563.pdf_1747118527_1852399473.pdf""]",tender-documents
GEM/2025/B/6221753,"[""GeM-Bidding-7830044.pdf_1747118727_469551942.pdf""]",tender-documents
GEM/2025/B/6222831,"[""GeM-Bidding-7831317.pdf_1751435657_130596633.pdf""]",tender-documents
GEM/2025/B/6224186,"[""12052025_180930068643.pdf_1747217781_311544388.pdf""]",tender-documents
GEM/2025/B/6227645,"[""GeM-Bidding-7836691_published_(1).pdf_1748323832_225408067.pdf_1748669857_411980324.pdf""]",tender-documents
GEM/2025/B/6232822,"[""GeM-Bidding-7842378.pdf_1748841957_82958791.pdf""]",tender-documents
GEM/2025/B/6233455,"[""88449328_(4).pdf_1761204164_1788919601.pdf"", ""88449328_(2).pdf_1761204164_881136405.pdf"", ""88449328.pdf_1761204164_1256908681.pdf""]",tender-documents
GEM/2025/B/6233845,"[""GeM-Bidding-7843504_(1).pdf_1749125312_1737844579.pdf""]",tender-documents
GEM/2025/B/6235908,"[""GeM-Bidding-7845722.pdf_1748676994_2077674245.pdf""]",tender-documents
GEM/2025/B/6237900,"[""GeM-Bidding-7847903.pdf_1750419606_1848552421.pdf""]",tender-documents
GEM/2025/B/6240424,"[""GeM-Bidding-7850673_(2).pdf_1749879005_750609084.pdf""]",tender-documents
GEM/2025/B/6243054,"[""GeM-Bidding-7853590_(1).pdf_1750225558_1532750885.pdf""]",tender-documents
GEM/2025/B/6244124,"[""84071597_TD_244_MGf5.pdf_1748328536_1409984759.pdf""]",tender-documents
GEM/2025/B/6246461,"[""GeM-Bidding-7857416.pdf_1749122945_50435006.pdf""]",tender-documents
GEM/2025/B/6250162,"[""GeM-Bidding-7861618.pdf_1748242026_990741907.pdf""]",tender-documents
GEM/2025/B/6252705,"[""GeM-Bidding-7864477.pdf_1748673386_1001081836.pdf""]",tender-documents
GEM/2025/B/6253005,"[""GeM-Bidding-7864799.pdf_1749534228_2131899417.pdf""]",tender-documents
GEM/2025/B/6254284,"[""GeM-Bidding-7866165.pdf_1748692435_1325638198.pdf""]",tender-documents
GEM/2025/B/6259116,"[""GeM-Bidding-7871432.pdf_1749101298_485038838.pdf""]",tender-documents
GEM/2025/B/6259369,"[""84036096_TD_898_EQUU.pdf_1748240962_566311895.pdf""]",tender-documents
GEM/2025/B/6259606,"[""84036799_TD_891_ZSzS.pdf_1748241175_1774545391.pdf""]",tender-documents
GEM/2025/B/6259806,"[""GeM-Bidding-7872188.pdf_1749619608_1613343132.pdf""]",tender-documents
GEM/2025/B/6260932,"[""84076227_TD_222_D9Kt.pdf_1748328921_1463955852.pdf""]",tender-documents
GEM/2025/B/6260954,"[""GeM-Bidding-7873474.pdf_1748236543_1453560167.pdf""]",tender-documents
GEM/2025/B/6261083,"[""GeM-Bidding-7873612.pdf_1748689331_1881855309.pdf""]",tender-documents
GEM/2025/B/6262585,"[""GeM-Bidding-7875280.pdf_1752650440_1699398088.pdf""]",tender-documents
GEM/2025/B/6263705,"[""GeM-Bidding-7876499.pdf_1748691368_85813321.pdf""]",tender-documents
GEM/2025/B/6264358,"[""GeM-Bidding-7877212.pdf_1749622057_494722166.pdf""]",tender-documents
GEM/2025/B/6264910,"[""GeM-Bidding-7877848.pdf_1749100691_234563733.pdf""]",tender-documents
GEM/2025/B/6265303,"[""84137526_TD_782_DM63.pdf_1748500928_737725790.pdf""]",tender-documents
GEM/2025/B/6265502,"[""GeM-Bidding-7878506.pdf_1750759251_1822847650.pdf""]",tender-documents
GEM/2025/B/6265513,"[""GeM-Bidding-7878517.pdf_1752217279_32385891.pdf""]",tender-documents
GEM/2025/B/6266158,"[""84069945_TD_970_By0A.pdf_1748327385_227297641.pdf""]",tender-documents
GEM/2025/B/6267315,"[""84079473_TD_997_Cjcf.pdf_1748326881_245677057.pdf""]",tender-documents
GEM/2025/B/6267886,"[""84072322_TD_215_O0g7.pdf_1748328300_1137023140.pdf""]",tender-documents
GEM/2025/B/6270881,"[""84079854_TD_805_OlVt.pdf_1748327131_2138552490.pdf""]",tender-documents
GEM/2025/B/6273509,"[""GeM-Bidding-7887501.pdf_1748324957_1520729156.pdf""]",tender-documents
GEM/2025/B/6273709,"[""GeM-Bidding-7887735_(1).pdf_1750063555_734053056.pdf""]",tender-documents
GEM/2025/B/6273949,"[""GeM-Bidding-7888014.pdf_1748931942_1446559015.pdf""]",tender-documents
GEM/2025/B/6274903,"[""GeM-Bidding-7889112.pdf_1749627614_881270066.pdf""]",tender-documents
GEM/2025/B/6276052,"[""GeM-Bidding-7890384.pdf_1749125758_368353756.pdf""]",tender-documents
GEM/2025/B/6276818,"[""GeM-Bidding-7891270.pdf_1749896539_1669362450.pdf""]",tender-documents
GEM/2025/B/6277890,"[""GeM-Bidding-7892482.pdf_1749624648_332003457.pdf""]",tender-documents
GEM/2025/B/6277958,"[""GeM-Bidding-7892558_(1).pdf_1750313021_1727251346.pdf""]",tender-documents
GEM/2025/B/6278091,"[""GeM-Bidding-7892704.pdf_1748409626_1521086594.pdf""]",tender-documents
GEM/2025/B/6279388,"[""GeM-Bidding-7894139.pdf_1749898384_1368748380.pdf""]",tender-documents
GEM/2025/B/6282850,"[""doc6469297610038518640.pdf_1750655770_442972189.pdf""]",tender-documents
GEM/2025/B/6285467,"[""GeM-Bidding-7900781.pdf_1749539961_116837426.pdf""]",tender-documents
GEM/2025/B/6286924,"[""GeM-Bidding-7902402.pdf_1749630060_1908807631.pdf""]",tender-documents
GEM/2025/B/6288637,"[""list-of-categories-where-trials-are-allowed_1712126171_(1).pdf_1752659056_1125691643.pdf"", ""document-for-cms_2022-07-05-17-50-30_c3b90df06e58a7_2023-05-03-10-57-38_8eafdf9947a48d88b5d6b852b0c515cb.pdf_1752659056_1360656438.pdf"", ""GeM-Bidding-7904287_(2).pdf_1752659056_762880071.pdf""]",tender-documents
GEM/2025/B/6290318,"[""GeM-Bidding-7906169.pdf_1752824574_1524284682.pdf""]",tender-documents
GEM/2025/B/6292607,"[""GeM-Bidding-7908709.pdf_1749535911_1464847252.pdf""]",tender-documents
GEM/2025/B/6292918,,tender-documents
GEM/2025/B/6293058,"[""GeM-Bidding-7909203.pdf_1750757690_1482373124.pdf""]",tender-documents
GEM/2025/B/6296899,"[""GeM-Bidding-7913536.pdf_1752055149_450242045.pdf""]",tender-documents
GEM/2025/B/6297282,"[""GeM-Bidding-7913956.pdf_1749645105_1892408459.pdf""]",tender-documents
GEM/2025/B/6298571,"[""GeM-Bidding-7915471.pdf_1749625431_1780941969.pdf""]",tender-documents
GEM/2025/B/6305103,"[""GeM-Bidding-7922861.pdf_1749539180_787740747.pdf""]",tender-documents
GEM/2025/B/6305782,"[""spmcil.pdf_1753081274_556694699.pdf"", ""GeM-Bidding-7923595_(2).pdf_1753081274_1662450572.pdf""]",tender-documents
GEM/2025/B/6308116,"[""GeM-Bidding-7926190.pdf_1749900847_607016194.pdf""]",tender-documents
GEM/2025/B/6308193,"[""GeM-Bidding-7926275.pdf_1749623020_2144640420.pdf""]",tender-documents
GEM/2025/B/6309716,"[""doc8798776341796495369.pdf_1750829661_1409824390.pdf""]",tender-documents
GEM/2025/B/6310014,"[""GeM-Bidding-7928288_(1).pdf_1750765830_1357073896.pdf""]",tender-documents
GEM/2025/B/6312509,"[""doc7117516577120623683.pdf_1751004647_1356414978.pdf""]",tender-documents
GEM/2025/B/6312735,"[""GeM-Bidding-7931260.pdf_1750657772_183692948.pdf""]",tender-documents
GEM/2025/B/6312938,"[""GeM-Bidding-7931485.pdf_1749900492_1333696603.pdf""]",tender-documents
GEM/2025/B/6315040,"[""GeM-Bidding-7933816_(1).pdf_1752645910_635286398.pdf""]",tender-documents
GEM/2025/B/6316724,"[""GeM-Bidding-7935682.pdf_1749620832_102898954.pdf""]",tender-documents
GEM/2025/B/6319412,"[""GeM-Bidding-7938526.pdf_1749635641_2052187145.pdf""]",tender-documents
GEM/2025/B/6319501,"[""GeM-Bidding-7938629_(1).pdf_1755685324_2057718564.pdf""]",tender-documents
GEM/2025/B/6321070,"[""GeM-Bidding-7940384.pdf_1749629453_260659527.pdf""]",tender-documents
GEM/2025/B/6321475,"[""GeM-Bidding-7940822.pdf_1749732925_2036472576.pdf""]",tender-documents
GEM/2025/B/6323524,"[""GeM-Bidding-7943269.pdf_1750764141_185445527.pdf""]",tender-documents
GEM/2025/B/6325194,"[""GeM-Bidding-7945194.pdf_1749630705_606811650.pdf""]",tender-documents
GEM/2025/B/6326962,"[""GeM-Bidding-7947226.pdf_1750313168_1717694677.pdf""]",tender-documents
GEM/2025/B/6327551,"[""GeM-Bidding-7947875_(1).pdf_1755762178_853530411.pdf""]",tender-documents
GEM/2025/B/6328287,"[""GeM-Bidding-7948679.pdf_1751092745_427662004.pdf""]",tender-documents
GEM/2025/B/6330193,"[""GeM-Bidding-7950766.pdf_1749733131_817269260.pdf""]",tender-documents
GEM/2025/B/6330913,"[""GeM-Bidding-7951584.pdf_1750146841_915460143.pdf""]",tender-documents
GEM/2025/B/6332593,"[""GeM-Bidding-7953433.pdf_1751436020_664471518.pdf""]",tender-documents
GEM/2025/B/6334960,"[""GeM-Bidding-7956076.pdf_1753528832_1793447408.pdf""]",tender-documents
GEM/2025/B/6334964,"[""GeM-Bidding-7956082.pdf_1750825918_2028408739.pdf""]",tender-documents
GEM/2025/B/6334975,"[""FINALGTC_fbb75595-dc41-44f5-8f071750839911371_buyer17.hal.krpu.docx_1753427468_482045465.docx"", ""rfq_specification-24ab-1110_2025-06-10-15-07-14_d5035ecc349eb6d767b14eff9c190572.pdf_1753427468_1092764527.pdf"", ""GeM-Bidding-7956098.pdf_1753427468_316960845.pdf""]",tender-documents
GEM/2025/B/6337247,"[""GeM-Bidding-7958622.pdf_1749877637_266657938.pdf""]",tender-documents
GEM/2025/B/6337250,"[""GeM-Bidding-7958625.pdf_1750417545_903032933.pdf""]",tender-documents
GEM/2025/B/6339366,"[""doc4073973680906235282.pdf_1751521875_88257364.pdf""]",tender-documents
GEM/2025/B/6340638,"[""GeM-Bidding-7962412.pdf_1750482945_1252063430.pdf""]",tender-documents
GEM/2025/B/6341053,"[""GeM-Bidding-7962867.pdf_1750313484_536814796.pdf""]",tender-documents
GEM/2025/B/6341246,"[""GeM-Bidding-7963088.pdf_1750417110_243145140.pdf""]",tender-documents
GEM/2025/B/6343984,"[""GeM-Bidding-7966125_(1).pdf_1750224139_1130918175.pdf""]",tender-documents
GEM/2025/B/6344400,"[""GeM-Bidding-7966591_(2).pdf_1750225941_508708371.pdf""]",tender-documents
GEM/2025/B/6345858,"[""GeM-Bidding-7968246_(1).pdf_1750316228_2059243527.pdf""]",tender-documents
GEM/2025/B/6345910,"[""GeM-Bidding-7968306.pdf_1750138728_1257480368.pdf""]",tender-documents
GEM/2025/B/6346005,"[""GeM-Bidding-7968417.pdf_1750226168_1854596242.pdf""]",tender-documents
GEM/2025/B/6348835,"[""GeM-Bidding-7971772.pdf_1753073842_1121685597.pdf""]",tender-documents
GEM/2025/B/6351886,"[""1750160495.pdf_1758093570_138467729.pdf"", ""3333TN_5eaa59f6-449b-44f1-b4571751455217206_gemb12@ntpl.pdf_1758093570_2054321996.pdf"", ""SOWSTC_85af5201-76fc-43a2-958a1750140279607_gemb12@ntpl.pdf_1758093570_821181820.pdf"", ""GeM-Bidding-7975262_(1).pdf_1758093570_1723018146.pdf""]",tender-documents
GEM/2025/B/6354288,"[""GeM-Bidding-7977929.pdf_1754467701_1968520884.pdf""]",tender-documents
GEM/2025/B/6355498,"[""176333533.pdf_1754285220_1956484876.pdf""]",tender-documents
GEM/2025/B/6356140,"[""GeM-Bidding-7979963.pdf_1755514218_1416544803.pdf""]",tender-documents
GEM/2025/B/6356170,"[""GeM-Bidding-7979998.pdf_1751699269_1748287449.pdf""]",tender-documents
GEM/2025/B/6358952,"[""GeM-Bidding-7983038.pdf_1751436259_440721756.pdf""]",tender-documents
GEM/2025/B/6360328,"[""GeM-Bidding-7984590.pdf_1753164428_1491001246.pdf""]",tender-documents
GEM/2025/B/6360561,"[""doc4567946490919002649_(1).pdf_1750656484_1529592045.pdf""]",tender-documents
GEM/2025/B/6360908,"[""GeM-Bidding-7985237_AAI_Allahbad_01.07.25_(1).pdf_1751099125_196579453.pdf""]",tender-documents
GEM/2025/B/6362417,"[""list-of-categories-where-trials-are-allowed_1712126171.pdf_1752228242_767457399.pdf"", ""spe_2025-06-19-14-46-48_86742b44634182ae2488f22a731c389a.pdf_1752228242_527304820.pdf"", ""GeM-Bidding-7986927.pdf_1752228242_423187290.pdf""]",tender-documents
GEM/2025/B/6362665,"[""GeM-Bidding-7987191.pdf_1755668297_282420460.pdf""]",tender-documents
GEM/2025/B/6363051,"[""GeM-Bidding-7987601_(1).pdf_1750405513_1638184814.pdf""]",tender-documents
GEM/2025/B/6365368,"[""GeM-Bidding-7990230.pdf_1751355596_1775289831.pdf""]",tender-documents
GEM/2025/B/6365604,"[""GeM-Bidding-7990502.pdf_1751089832_2099188622.pdf""]",tender-documents
GEM/2025/B/6365823,"[""GeM-Bidding-7990742.pdf_1751699051_332539414.pdf""]",tender-documents
GEM/2025/B/6373926,"[""GeM-Bidding-8000111.pdf_1752131124_2103855145.pdf""]",tender-documents
GEM/2025/B/6374935,"[""GeM-Bidding-8001293_(1).pdf_1750828968_600886395.pdf""]",tender-documents
GEM/2025/B/6376445,"[""GeM-Bidding-8002997.pdf_1750916417_225831036.pdf""]",tender-documents
GEM/2025/B/6379584,"[""GeM-Bidding-8006526.pdf_1751001669_2010377010.pdf""]",tender-documents
GEM/2025/B/6379900,"[""GeM-Bidding-8006874_(1).pdf_1754631248_782948176.pdf""]",tender-documents
GEM/2025/B/6379945,"[""GeM-Bidding-8006925.pdf_1751092315_906169547.pdf""]",tender-documents
GEM/2025/B/6380412,"[""GeM-Bidding-8007450.pdf_1752130019_65787357.pdf""]",tender-documents
GEM/2025/B/6380906,"[""GeM-Bidding-8008012.pdf_1751449705_227653444.pdf""]",tender-documents
GEM/2025/B/6381469,"[""GeM-Bidding-8008653.pdf_1751433860_799429551.pdf""]",tender-documents
GEM/2025/B/6382133,"[""GeM-Bidding-8009387.pdf_1751356804_619578101.pdf""]",tender-documents
GEM/2025/B/6387834,"[""Appendix_0463df6c-3f8c-45dc-9d3b1752729961633_oil.dul.mat.buy20.c_p.pdf_1753348755_176794859.pdf"", ""1751249613.pdf_1753348755_1959918341.pdf"", ""GeM-Bidding-8015766.pdf_1753348755_1106512640.pdf""]",tender-documents
GEM/2025/B/6388938,"[""ts_2025-06-26-18-39-43_148868644ce1abc59fb85ff88949bb4e.pdf_1753442080_1855934511.pdf"", ""GeM-Bidding-8017014.pdf_1753442080_1102234725.pdf""]",tender-documents
GEM/2025/B/6389710,"[""GeM-Bidding-8017872_(1).pdf_1753178158_2004612350.pdf""]",tender-documents
GEM/2025/B/6391017,"[""GeM-Bidding-8019348.pdf_1751268346_2014445100.pdf""]",tender-documents
GEM/2025/B/6391253,"[""GeM-Bidding-8019608_(1).pdf_1754112523_1890485592.pdf""]",tender-documents
GEM/2025/B/6391841,"[""GeM-Bidding-8020262.pdf_1752222534_569444118.pdf""]",tender-documents
GEM/2025/B/6392262,"[""12564_0c6b490e-a3f6-49fc-8ded1751023226053_armadmin.pdf_1752227469_1661985515.pdf"", ""scope_of_work_for_ductable_ac_2025-06-27-16-39-42_95a33160a6cefa35bcfd19d5400ad222.pdf_1752227469_1212602869.pdf"", ""GeM-Bidding-8020745.pdf_1752227469_225440758.pdf""]",tender-documents
GEM/2025/B/6392528,"[""GeM-Bidding-8021045.pdf_1753529539_587147418.pdf""]",tender-documents
GEM/2025/B/6394845,"[""GeM-Bidding-8023724_(2).pdf_1751357565_1462544951.pdf""]",tender-documents
GEM/2025/B/6399020,"[""GeM-Bidding-8028539.pdf_1751707899_1344090573.pdf""]",tender-documents
GEM/2025/B/6399194,"[""GeM-Bidding-8028760.pdf_1751449401_258650089.pdf""]",tender-documents
GEM/2025/B/6399249,"[""Finaldoc_6f092ad4-9d3c-4c41-8c981752233836420_pso_hr01.pdf_1752557850_749026142.pdf"", ""final_specifications_2025-06-30-17-25-26_d0cc4b1aa794ca091f5f4e69521ad181.pdf_1752557850_758153944.pdf"", ""1752233479.pdf_1752557850_885147811.pdf"", ""GeM-Bidding-8028824.pdf_1752557850_497481652.pdf""]",tender-documents
GEM/2025/B/6402251,"[""GAIL1.pdf_1752304500_468219055.pdf"", ""gail2.pdf_1752304500_1143517448.pdf""]",tender-documents
GEM/2025/B/6405367,"[""ATC_97faf65d-16bf-49a9-a0ab1751440399197_sitohalwara.pdf_1755936572_740267174.pdf"", ""atc_2025-07-01-16-30-54_487422ba3f37eceeee31525ec90cb35f.pdf_1755936572_43209928.pdf"", ""GeM-Bidding-8035651.pdf_1755936572_835938371.pdf""]",tender-documents
GEM/2025/B/6405655,"[""GeM-Bidding-8035979.pdf_1753098122_1858667217.pdf""]",tender-documents
GEM/2025/B/6406439,"[""175130724.pdf_1752825070_314660761.pdf""]",tender-documents
GEM/2025/B/6407053,"[""GeM-Bidding-8037546.pdf_1752065851_720144236.pdf""]",tender-documents
GEM/2025/B/6410147,"[""GeM-Bidding-8041032_(1).pdf_1751873790_1927698505.pdf""]",tender-documents
GEM/2025/B/6411591,"[""PESL2.pdf_1752227557_1264372304.pdf"", ""PESL.pdf_1752227557_9161186.pdf""]",tender-documents
GEM/2025/B/6412582,"[""GeM-Bidding-8043728.pdf_1753680736_2028265558.pdf""]",tender-documents
GEM/2025/B/6414501,"[""GeM-Bidding-8045886.pdf_1751974292_1147597326.pdf""]",tender-documents
GEM/2025/B/6417449,"[""GeM-Bidding-8049072_(1).pdf_1751867370_2130270538.pdf""]",tender-documents
GEM/2025/B/6418011,"[""GeM-Bidding-8049731_(1).pdf_1751974745_1525824788.pdf""]",tender-documents
GEM/2025/B/6419419,"[""GeM-Bidding-8051373_(1)_(1).pdf_1753252625_2126434054.pdf""]",tender-documents
GEM/2025/B/6419942,"[""GeM-Bidding-8051969.pdf_1754892101_1315903794.pdf""]",tender-documents
GEM/2025/B/6422912,"[""custom_bid_25ab-1063_2025-07-05-16-05-14_24adef83d12645ed9a6724727da1f5f1.pdf_1754294925_666450498.pdf"", ""GeM-Bidding-8055352.pdf_1754294925_68628890.pdf""]",tender-documents
GEM/2025/B/6429026,"[""GeM-Bidding-8062447_(1).pdf_1752058213_1351130100.pdf""]",tender-documents
GEM/2025/B/6429769,"[""GeM-Bidding-8063238_(1).pdf_1753859242_883690735.pdf""]",tender-documents
GEM/2025/B/6430494,"[""GeM-Bidding-8064016.pdf_1752217006_776830403.pdf""]",tender-documents
GEM/2025/B/6431293,"[""GeM-Bidding-8064896_(2).pdf_1754112969_1783191185.pdf""]",tender-documents
GEM/2025/B/6431443,"[""GeM-Bidding-8065072.pdf_1753274597_1631672720.pdf""]",tender-documents
GEM/2025/B/6437829,"[""GeM-Bidding-8072203.pdf_1753854387_338874637.pdf""]",tender-documents
GEM/2025/B/6439144,"[""GeM-Bidding-8073661_(2).pdf_1752566612_969905015.pdf""]",tender-documents
GEM/2025/B/6440894,"[""requirements_for_oem_status_against_the_category_-__2024-05-01-12-38-10_42eb1899ef2d07820095ebe48910a901.pdf_1752659638_770266070.pdf"", ""stc_-version_2-_split_air_conditioner_including_gre_2024-06-26-16-57-37_efdc88d6a009d5c093d94097cf97cbc4.pdf_1752659638_307069455.pdf"", ""green_room_air_conditioner_specifications_-draft-_d_2024-05-01-11-50-44_6dc927f8627fd0e694ecf3e91a001743.pdf_1752659638_2076120901.pdf"", ""GeM-Bidding-8075650.pdf_1752659638_966112572.pdf""]",tender-documents
GEM/2025/B/6441105,"[""GeM-Bidding-8075889.pdf_1753170123_819206362.pdf""]",tender-documents
GEM/2025/B/6442619,"[""1752224272.pdf_1752556808_564315033.pdf"", ""1752224163.pdf_1752556808_546665512.pdf"", ""spec_for_hvac_item_20_2025-07-11-13-54-04_6946eb3deb55d7aad7cce327e90a1cd5.pdf_1752556808_766447038.pdf"", ""GeM-Bidding-8077601.pdf_1752556808_1742562720.pdf""]",tender-documents
GEM/2025/B/6442746,"[""GeM-Bidding-8077738.pdf_1753858990_1400658645.pdf""]",tender-documents
GEM/2025/B/6443395,"[""GeM-Bidding-8078450.pdf_1752485890_1945824727.pdf""]",tender-documents
GEM/2025/B/6443435,"[""GeM-Bidding-8078493_(4).pdf_1754379053_855765829.pdf""]",tender-documents
GEM/2025/B/6445865,"[""GeM-Bidding-8081236.pdf_1752577338_1439901986.pdf""]",tender-documents
GEM/2025/B/6448590,"[""GeM-Bidding-8084384_(1).pdf_1753164704_1948690288.pdf""]",tender-documents
GEM/2025/B/6450457,"[""GeM-Bidding-8086648.pdf_1753685111_711160794.pdf""]",tender-documents
GEM/2025/B/6450772,"[""Attachment_3af388e3-5868-44bb-ad1b1752496508004_60060253.docx_1754295682_2059434489.docx"", ""ts_updated_2025-07-14-16-04-44_cb2eb538dfb55cac9fd98f2f93ee0b8b.pdf_1754295682_791725433.pdf"", ""GeM-Bidding-8087004.pdf_1754295682_494929552.pdf""]",tender-documents
GEM/2025/B/6452642,"[""TDDOCS_08cfb5dc-1295-490c-9dd91752663412277_APCPL_PURCHASE.pdf_1753441100_250929030.pdf"", ""ts_2025-07-15-10-05-32_f6c803114b6ab27bf53d752d3a3cd91e.pdf_1753441100_552878543.pdf"", ""GeM-Bidding-8089224.pdf_1753441100_1747286849.pdf""]",tender-documents
GEM/2025/B/6455677,"[""GeM-Bidding-8092629_(2).pdf_1752731461_1030497234.pdf""]",tender-documents
GEM/2025/B/6457165,"[""GeM-Bidding-8094293_(1).pdf_1754562726_1877374065.pdf""]",tender-documents
GEM/2025/B/6461178,"[""GeM-Bidding-8098789.pdf_1754468840_962131815.pdf""]",tender-documents
GEM/2025/B/6461238,"[""GeM-Bidding-8098854_(1).pdf_1753165064_2009679197.pdf""]",tender-documents
GEM/2025/B/6461967,"[""IOCL.pdf_1752824805_1685316481.pdf""]",tender-documents
GEM/2025/B/6464149,"[""GeM-Bidding-8102135.pdf_1753697434_1746630215.pdf""]",tender-documents
GEM/2025/B/6464475,"[""GeM-Bidding-8102491.pdf_1753163713_507190167.pdf""]",tender-documents
GEM/2025/B/6466905,"[""list-of-categories-where-trials-are-allowed_1712126171_(2).pdf_1753349810_1397049745.pdf"", ""GeM-Bidding-8105223.pdf_1753349810_1113253218.pdf""]",tender-documents
GEM/2025/B/6468858,"[""1_2025-07-18-12-34-03_a47f90ee9e645dc02916d8ac6e814953.pdf_1753434807_2047937543.pdf"", ""GeM-Bidding-8107447.pdf_1753434807_361379499.pdf""]",tender-documents
GEM/2025/B/6468944,"[""GeM-Bidding-8107543.pdf_1753164264_301567379.pdf""]",tender-documents
GEM/2025/B/6471193,"[""requirements_for_oem_status_against_the_category_-__2024-05-01-12-38-10_42eb1899ef2d07820095ebe48910a901_(4).pdf_1756550764_6764880.pdf"", ""stc_-version_2-_split_air_conditioner_including_gre_2024-06-26-16-57-37_efdc88d6a009d5c093d94097cf97cbc4_(5).pdf_1756550764_115363164.pdf"", ""green_room_air_conditioner_specifications_-draft-_d_2024-05-01-11-50-44_6dc927f8627fd0e694ecf3e91a001743_(5).pdf_1756550764_1620149419.pdf"", ""GeM-Bidding-8110058.pdf_1756550764_1884707456.pdf""]",tender-documents
GEM/2025/B/6471428,"[""list-of-categories-where-trials-are-allowed_1712126171_(3).pdf_1753354732_714939487.pdf"", ""OM_energy_ElecAppl.pdf_1753354732_1796696991.pdf"", ""requirements_for_oem_status_against_the_category_-__2024-05-01-12-38-10_42eb1899ef2d07820095ebe48910a901_(1).pdf_1753354732_1913414452.pdf"", ""stc_-version_2-_split_air_conditioner_including_gre_2024-06-26-16-57-37_efdc88d6a009d5c093d94097cf97cbc4_(1).pdf_1753354732_769038357.pdf"", ""green_room_air_conditioner_specifications_-draft-_d_2024-05-01-11-50-44_6dc927f8627fd0e694ecf3e91a001743_(1).pdf_1753354732_2023084054.pdf"", ""GeM-Bidding-8110333.pdf_1753354732_639928026.pdf""]",tender-documents
GEM/2025/B/6475995,"[""GeM-Bidding-8115613.pdf_1753163944_1871580763.pdf""]",tender-documents
GEM/2025/B/6477632,"[""technical_ductable_ac_2025-07-21-13-18-12_59ad7e12fb5d40a7cb298e1212950399.pdf_1753443646_1619543337.pdf"", ""GeM-Bidding-8117540.pdf_1753443646_1659245643.pdf""]",tender-documents
GEM/2025/B/6477900,"[""GeM-Bidding-8117841_(1).pdf_1755858305_1320870113.pdf""]",tender-documents
GEM/2025/B/6479027,"[""technical_specifications_2025-07-21-18-53-50_9c83b84ac59cee15cd82a24c9987f474.pdf_1753440286_1588107653.pdf"", ""GeM-Bidding-8119125.pdf_1753440286_263852811.pdf""]",tender-documents
GEM/2025/B/6479818,"[""Annex_DE_55623494-4ddb-4160-bad41753157224008_npknp.3.pdf_1753349162_604801328.pdf"", ""GeM-Bidding-8120027.pdf_1753349162_353189287.pdf""]",tender-documents
GEM/2025/B/6480335,"[""GeM-Bidding-8120617_(2).pdf_1754380588_35034602.pdf""]",tender-documents
GEM/2025/B/6480371,"[""ATC_35266cd5-15c6-4729-85221756201166298_oil.bep.buycon1.pdf_1756720722_1567814566.pdf"", ""requirements_for_oem_status_against_the_category_-__2024-05-01-12-38-10_42eb1899ef2d07820095ebe48910a901_(5).pdf_1756720722_1619634173.pdf"", ""stc_-version_2-_split_air_conditioner_including_gre_2024-06-26-16-57-37_efdc88d6a009d5c093d94097cf97cbc4_(6).pdf_1756720722_1993160556.pdf"", ""green_room_air_conditioner_specifications_-draft-_d_2024-05-01-11-50-44_6dc927f8627fd0e694ecf3e91a001743_(6).pdf_1756720722_439492789.pdf"", ""GeM-Bidding-8120657.pdf_1756720722_2077329958.pdf""]",tender-documents
GEM/2025/B/6481540,"[""GeM-Bidding-8121960.pdf_1753529675_47247828.pdf""]",tender-documents
GEM/2025/B/6483639,"[""NMDC.pdf_1753334967_1814696577.pdf""]",tender-documents
GEM/2025/B/6483766,"[""GeM-Bidding-8124386.pdf_1753685477_90372344.pdf""]",tender-documents
GEM/2025/B/6484146,"[""stc_-version_2-_split_air_conditioner_including_gre_2024-06-26-16-57-37_efdc88d6a009d5c093d94097cf97cbc4_(2).pdf_1753361599_1744217406.pdf"", ""green_room_air_conditioner_specifications_-draft-_d_2024-05-01-11-50-44_6dc927f8627fd0e694ecf3e91a001743_(2).pdf_1753361599_2067950864.pdf"", ""document-for-cms_2022-07-05-17-50-30_c3b90df06e58a7_2023-05-03-10-57-38_8eafdf9947a48d88b5d6b852b0c515cb_(1).pdf_1753361599_780706286.pdf"", ""GeM-Bidding-8124819.pdf_1753361599_1949027410.pdf""]",tender-documents
GEM/2025/B/6486080,"[""ATC_91af283c-9167-4ac8-b7951753255758097_buyerkolkata3.doc_1755941538_969639206.doc"", ""1754891677.pdf_1755941538_74755267.pdf"", ""1753255339.pdf_1755941538_628591769.pdf"", ""document-for-cms_2022-07-05-17-50-30_c3b90df06e58a7_2023-05-03-10-56-37_49a2c1176c5b2458563a0644b1fa7293.pdf_1755941538_1244033578.pdf"", ""GeM-Bidding-8126958.pdf_1755941538_1000249901.pdf""]",tender-documents
GEM/2025/B/6487797,"[""spec_2025-07-23-14-26-51_1b8e5e016a72f7bf412a2112e1bd40c6.pdf_1757160640_643666723.pdf"", ""GeM-Bidding-8128845.pdf_1757160640_1746352397.pdf""]",tender-documents
GEM/2025/B/6487983,"[""GeM-Bidding-8129050.pdf_1753529361_390217256.pdf""]",tender-documents
GEM/2025/B/6488346,"[""GeM-Bidding-8129455.pdf_1755674371_658516950.pdf""]",tender-documents
GEM/2025/B/6491268,"[""GeM-Bidding-8132776_(2).pdf_1753519248_1378685726.pdf""]",tender-documents
GEM/2025/B/6491414,"[""GeM-Bidding-8132939_(2).pdf_1754651239_1471618673.pdf""]",tender-documents
GEM/2025/B/6491604,"[""GeM-Bidding-8133147_(1).pdf_1753533035_558161383.pdf""]",tender-documents
GEM/2025/B/6491898,"[""1753350593.pdf_1753435811_817767419.pdf"", ""GeM-Bidding-8133478_(1).pdf_1753435811_841946303.pdf""]",tender-documents
GEM/2025/B/6492695,"[""document-for-cms_2022-07-05-17-50-30_c3b90df06e58a7_2023-05-03-10-57-38_8eafdf9947a48d88b5d6b852b0c515cb_(2).pdf_1754046568_1775619234.pdf"", ""requirements_for_oem_status_against_the_category_-__2024-05-01-12-38-10_42eb1899ef2d07820095ebe48910a901_(2).pdf_1754046568_151352547.pdf"", ""stc_-version_2-_split_air_conditioner_including_gre_2024-06-26-16-57-37_efdc88d6a009d5c093d94097cf97cbc4_(3).pdf_1754046568_1186985038.pdf"", ""green_room_air_conditioner_specifications_-draft-_d_2024-05-01-11-50-44_6dc927f8627fd0e694ecf3e91a001743_(3).pdf_1754046568_2063778194.pdf"", ""GeM-Bidding-8134358.pdf_1754046568_1699703624.pdf""]",tender-documents
GEM/2025/B/6492892,"[""GeM-Bidding-8134583.pdf_1753685318_1626268191.pdf""]",tender-documents
GEM/2025/B/6493219,"[""GeM-Bidding-8134965_(1).pdf_1754112689_775213865.pdf""]",tender-documents
GEM/2025/B/6494222,"[""doc9727967066560197769_(1).pdf_1753683997_632720894.pdf""]",tender-documents
GEM/2025/B/6502246,"[""prbidRAsGemdoc_04082025_120145944820_(1).pdf_1754380957_531921914.pdf""]",tender-documents
GEM/2025/B/6507958,"[""GeM-Bidding-8151959.pdf_1755858073_1534540705.pdf""]",tender-documents
GEM/2025/B/6508024,"[""ATC_436c50f7-046e-4371-b9751754392999319_Buyerkwar1.docx_1757145919_1619149938.docx"", ""requirements_for_oem_status_against_the_category_-__2024-05-01-12-38-10_42eb1899ef2d07820095ebe48910a901_(6).pdf_1757145919_64667962.pdf"", ""stc_-version_2-_split_air_conditioner_including_gre_2024-06-26-16-57-37_efdc88d6a009d5c093d94097cf97cbc4_(7).pdf_1757145919_1222847131.pdf"", ""green_room_air_conditioner_specifications_-draft-_d_2024-05-01-11-50-44_6dc927f8627fd0e694ecf3e91a001743_(7).pdf_1757145919_815637098.pdf""]",tender-documents
GEM/2025/B/6508076,"[""GeM-Bidding-8152095.pdf_1754041019_2019436129.pdf""]",tender-documents
GEM/2025/B/6508891,"[""GeM-Bidding-8153014_(1).pdf_1756296859_330754075.pdf""]",tender-documents
GEM/2025/B/6509211,"[""GeM-Bidding-8153377.pdf_1754033563_1909970316.pdf""]",tender-documents
GEM/2025/B/6509583,"[""GeM-Bidding-8153777.pdf_1754651945_2041499457.pdf""]",tender-documents
GEM/2025/B/6512110,"[""EBG_d5170c41-cb87-438b-aea71753851861625_prakashgharat.pdf_1754293142_169263086.pdf"", ""specs_-_2_2025-07-30-10-24-45_4f0d828ce557ef61e6f9e4aabc55e5ce.pdf_1754293142_84582055.pdf"", ""GeM-Bidding-8156564.pdf_1754293142_61619116.pdf""]",tender-documents
GEM/2025/B/6516320,"[""GeM-Bidding-8161272.pdf_1754028488_1372989540.pdf""]",tender-documents
GEM/2025/B/6516547,"[""GeM-Bidding-8161525.pdf_1754468147_602582570.pdf""]",tender-documents
GEM/2025/B/6519838,"[""GeM-Bidding-8165217_(2).pdf_1754113650_842205674.pdf""]",tender-documents
GEM/2025/B/652043,"[""GeM-Bidding-8165913_(1).pdf_1754113260_1142039409.pdf""]",tender-documents
GEM/2025/B/6520437,"[""GeM-Bidding-8165913_(2).pdf_1755080821_875364621.pdf""]",tender-documents
GEM/2025/B/6520965,"[""GeM-Bidding-8166500.pdf_1754468638_820540798.pdf""]",tender-documents
GEM/2025/B/6521609,"[""GeM-Bidding-8167227.pdf_1755684659_1609034631.pdf""]",tender-documents
GEM/2025/B/6521819,"[""description_of_work_2025-08-01-11-02-04_7ce02e06f50350c2e658a260d8037646.pdf_1754294554_2067747284.pdf"", ""GeM-Bidding-8167461.pdf_1754294554_1898969177.pdf""]",tender-documents
GEM/2025/B/6522958,"[""GeM-Bidding-8168747.pdf_1754375182_1383002662.pdf""]",tender-documents
GEM/2025/B/6523336,"[""GeM-Bidding-8169189_(1).pdf_1756449388_1075757168.pdf""]",tender-documents
GEM/2025/B/6523665,"[""GeM-Bidding-8169566_(1).pdf_1754549860_56818502.pdf""]",tender-documents
GEM/2025/B/6524036,"[""GTC2793_1eb9adb4-b748-47bd-83311754309691133_buycon153@diom.pdf_1756795312_791125765.pdf"", ""GeM-Bidding-8169972_(1).pdf_1756795312_1533071760.pdf"", ""tech2793_2025-08-01-15-49-26_7e52bc7dcec29d530d78e0dae49a4995.pdf_1756795312_2118281478.pdf""]",tender-documents
GEM/2025/B/6524193,"[""specification_2025-07-30-15-40-19_5d613d1149ba0083abbae060e215154a.pdf_1755942170_1811999682.pdf"", ""GeM-Bidding-8170144.pdf_1755942170_1129688476.pdf""]",tender-documents
GEM/2025/B/6528087,"[""AC_b45ee112-cb59-439c-83e21754139842365_buycon1.fcs.adi.pdf_1754388734_1207436353.pdf"", ""GeM-Bidding-8174531.pdf_1754388734_1702975315.pdf""]",tender-documents
GEM/2025/B/6528508,"[""GeM-Bidding-8175010.pdf_1755674834_695268427.pdf""]",tender-documents
GEM/2025/B/6530614,"[""GeM-Bidding-8177409.pdf_1755857587_810292621.pdf""]",tender-documents
GEM/2025/B/6530855,"[""GeM-Bidding-8177706_(1).pdf_1754380393_1391804378.pdf""]",tender-documents
GEM/2025/B/6532466,"[""GeM-Bidding-8179553.pdf_1755497744_1916709160.pdf""]",tender-documents
GEM/2025/B/6533405,"[""GeM-Bidding-8180663.pdf_1754467925_1384679842.pdf""]",tender-documents
GEM/2025/B/6534826,"[""GeM-Bidding-8182228.pdf_1754550594_704496503.pdf""]",tender-documents
GEM/2025/B/6537508,"[""177689461_(1).pdf_1754563069_1912504380.pdf""]",tender-documents
GEM/2025/B/6538220,"[""400ahatc_7ec18530-5687-4579-a5fe1754393894109_slomissa.pdf_1758526054_1013813394.pdf"", ""IAF.pdf_1758526054_910916092.pdf"", ""GeM-Bidding-8185961_(2).pdf_1760005028_490140037.pdf""]",tender-documents
GEM/2025/B/6541269,"[""final_tender_06-08-2025-1_2025-08-06-12-52-41_93987175e0ada0f926fbfc49fd55a46f.pdf_1755935702_1037043885.pdf"", ""GeM-Bidding-8189302.pdf_1755935702_292319010.pdf""]",tender-documents
GEM/2025/B/6541687,"[""GeM-Bidding-8189781.pdf_1754562499_1807889544.pdf""]",tender-documents
GEM/2025/B/6541866,"[""document-for-cms_2022-07-05-17-50-30_c3b90df06e58a7_2023-05-03-10-56-37_49a2c1176c5b2458563a0644b1fa7293_(6).pdf_1758785985_1062798713.pdf"", ""GeM-Bidding-8189981.pdf_1758785985_1882411860.pdf""]",tender-documents
GEM/2025/B/6542185,"[""GeM-Bidding-8190334_(1).pdf_1754898112_1972071497.pdf""]",tender-documents
GEM/2025/B/6543690,"[""general_2025-08-06-19-10-36_01d9db7de989ea9a8ab3df7cd0268618.pdf_1756528655_1141698397.pdf"", ""g1.pdf_1756528655_192479427.pdf""]",tender-documents
GEM/2025/B/6544021,"[""ANNX_XI_1a42de3a-c463-4cf0-95331754543944966_apo6hrpsu.pdf_1757916964_1960714599.pdf"", ""GeM-Bidding-8192385_(1).pdf_1757916964_36974907.pdf""]",tender-documents
GEM/2025/B/6544863,"[""annexure-ii_2025-08-06-17-23-33_35a135bf4dc90010c8ea0b65f1cd781f.pdf_1755945383_1464045944.pdf"", ""annexure-i_2025-08-06-17-23-33_708ddfccd388ad27e1cd72391ae0fe6c.pdf_1755945383_1172138082.pdf"", ""item_1_2025-08-06-17-23-33_807d7f9b66cc6568c0d17a98e86c34fe.pdf_1755945383_1823183862.pdf"", ""GeM-Bidding-8193306_(1).pdf_1755945383_476712597.pdf""]",tender-documents
GEM/2025/B/6544887,"[""GeM-Bidding-8193331.pdf_1754891888_1651646309.pdf""]",tender-documents
GEM/2025/B/6545095,"[""GeM-Bidding-8193552.pdf_1757752404_388893094.pdf"", ""1754545243.pdf_1757752404_1806905793.pdf""]",tender-documents
GEM/2025/B/6545897,"[""GeM-Bidding-8194442.pdf_1758006795_530532086.pdf""]",tender-documents
GEM/2025/B/6546547,"[""GeM-Bidding-8195171.pdf_1754987606_1848064241.pdf""]",tender-documents
GEM/2025/B/6546982,"[""GeM-Bidding-8195668.pdf_1755670392_97542742.pdf""]",tender-documents
GEM/2025/B/6550003,"[""GeM-Bidding-8199032.pdf_1754983058_559041915.pdf""]",tender-documents
GEM/2025/B/6551049,"[""ATC__0dae968e-2b95-4972-b6361754639482600_siddharthsingh.pdf_1759819558_619120479.pdf"", ""1.pdf_1759819558_754886576.pdf""]",tender-documents
GEM/2025/B/6551847,"[""GeM-Bidding-8201094.pdf_1755668086_1662845232.pdf""]",tender-documents
GEM/2025/B/6553202,"[""updated_gem_spec_2025-08-07-17-15-03_57a70c58dfd12d61ffde51d90ce17d6c.pdf_1756530245_1813269590.pdf"", ""GeM-Bidding-8202624_(1).pdf_1756530245_1674130763.pdf""]",tender-documents
GEM/2025/B/6555308,"[""GeM-Bidding-8205065.pdf_1754889175_548341698.pdf""]",tender-documents
GEM/2025/B/6563236,"[""list-of-categories-where-trials-are-allowed_1712126171_(4).pdf_1755946494_350066884.pdf"", ""ATC_b7cb3a4f-9816-416f-ac911755013116749_cipetayodhyapurchase.pdf_1755946494_736478171.pdf"", ""Integrity_708562ec-599e-4c6b-87ad1754991939037_cipetayodhyapurchase.pdf_1755946494_1223693887.pdf"", ""specs_cooling_tower_2025-08-07-08-29-37_ecf7958cc900147a10c698d19d1d59d0.pdf_1755946494_537387145.pdf"", ""1755013225.xlsx_1755946494_347379613.xlsx"", ""GeM-Bidding-8214243.pdf_1755946494_802956364.pdf""]",tender-documents
GEM/2025/B/6565941,"[""GeM-Bidding-8217244.pdf_1755673503_1130654814.pdf""]",tender-documents
GEM/2025/B/6566172,"[""scope_2025-08-12-18-07-29_ea51f282127e0298727a3e33142efe77.pdf_1755944646_2102737857.pdf"", ""GeM-Bidding-8217502.pdf_1755944646_1370462881.pdf""]",tender-documents
GEM/2025/B/6566577,"[""GeM-Bidding-8217965.pdf_1755675660_1398601656.pdf""]",tender-documents
GEM/2025/B/6569103,"[""GeM-Bidding-8220748.pdf_1755497119_2022909283.pdf""]",tender-documents
GEM/2025/B/6571438,"[""OM_energy_ElecAppl_(1).pdf_1757161719_1656216026.pdf"", ""AnnexureF_024f7151-1b6b-443b-bf731755151772618_CMMBUYCON10.pdf_1757161719_559935648.pdf"", ""document-for-cms_2022-07-05-17-50-30_c3b90df06e58a7_2023-05-03-10-56-37_49a2c1176c5b2458563a0644b1fa7293_(1).pdf_1757161719_794492524.pdf"", ""1755151139.xlsx_1757161719_537787673.xlsx"", ""green_room_air_conditioner_specifications_-draft-_d_2024-05-01-11-50-44_6dc927f8627fd0e694ecf3e91a001743_(9).pdf_1757161719_100361946.pdf"", ""GeM-Bidding-8223379.pdf_1757161719_1213503483.pdf""]",tender-documents
GEM/2025/B/6571463,"[""GeM-Bidding-8223405.pdf_1755514057_1092408735.pdf""]",tender-documents
GEM/2025/B/6572810,"[""GeM-Bidding-8224919_(1).pdf_1755856065_2050210359.pdf""]",tender-documents
GEM/2025/B/6576955,"[""GeM-Bidding-8229594.pdf_1755931382_92488052.pdf""]",tender-documents
GEM/2025/B/6577095,"[""GeM-Bidding-8229760.pdf_1755760749_1507162417.pdf""]",tender-documents
GEM/2025/B/6578058,"[""GeM-Bidding-8230920_(2).pdf_1755761567_797223091.pdf""]",tender-documents
GEM/2025/B/6579056,"[""RFQF_bf78fa9e-5543-4fe2-93451755750670433_AshrukanaGogoi.pdf_1758260606_884696954.pdf"", ""technical_2025-08-18-11-13-05_ce564605090434ce89ef26b75c3374c8.pdf_1758260606_1531779675.pdf"", ""1755750429.xlsx_1758260606_1560044048.xlsx"", ""nrl2.pdf_1758260606_146373719.pdf"", ""1755505391.pdf_1758260606_1979388007.pdf"", ""nrl1.pdf_1758260606_1815223192.pdf""]",tender-documents
GEM/2025/B/6579795,"[""BORDER7_07a76603-95e1-40e7-90591755505651494_ranjit.roy.pdf_1755943272_79500733.pdf"", ""ac_specification_for_arka_santra_2025-08-18-13-50-22_1e87869bb05e1b21a7ad716642d4e18c.pdf_1755943272_1514858850.pdf"", ""GeM-Bidding-8233064.pdf_1755943272_1733827619.pdf""]",tender-documents
GEM/2025/B/6580087,"[""GeM-Bidding-8233412.pdf_1755672577_941436737.pdf""]",tender-documents
GEM/2025/B/6580545,"[""1756118612.pdf_1758266187_1280498747.pdf"", ""ATC_f5b06c1f-73f8-4c27-8fba1755513288154_spso_s@istrac.org.pdf_1758266187_2089316541.pdf"", ""1755513171.pdf_1758266187_53160625.pdf"", ""GeM-Bidding-8233918_(2).pdf_1758266187_1290051505.pdf""]",tender-documents
GEM/2025/B/6581034,"[""ATCAC_eeed830c-8fa0-402a-80d41755516532828_111446X.pdf_1757327314_1332704242.pdf"", ""stc_-version_2-_split_air_conditioner_including_gre_2024-06-26-16-57-37_efdc88d6a009d5c093d94097cf97cbc4_(9).pdf_1757327314_2004738523.pdf"", ""GeM-Bidding-8234449.pdf_1757327314_682254830.pdf""]",tender-documents
GEM/2025/B/6581100,"[""GeM-Bidding-8234518_(1).pdf_1755670605_245334364.pdf""]",tender-documents
GEM/2025/B/6581217,"[""GeM-Bidding-8234652.pdf_1755674687_786340628.pdf""]",tender-documents
GEM/2025/B/6584394,"[""GeM-Bidding-8238323.pdf_1756291570_958026620.pdf""]",tender-documents
GEM/2025/B/6584821,"[""GeM-Bidding-8238813_(1).pdf_1757589690_52099803.pdf""]",tender-documents
GEM/2025/B/6584824,"[""XI_HIN_7c8950fa-c0ab-4d50-adca1755596123774_apo1crpu.pdf_1757326332_1064190301.pdf"", ""1755597292.xlsx_1757326332_44445242.xlsx"", ""document-for-cms_2022-07-05-17-50-30_c3b90df06e58a7_2023-05-03-10-57-38_8eafdf9947a48d88b5d6b852b0c515cb_(3).pdf_1757326332_1311999014.pdf"", ""GeM-Bidding-8238816.pdf_1757326332_1978632610.pdf""]",tender-documents
GEM/2025/B/6585002,"[""GeM-Bidding-8239012.pdf_1755760921_1333451742.pdf""]",tender-documents
GEM/2025/B/6586489,"[""Binder1_ff23cc09-32cf-46e6-bbed1755609580016_buycon3.ihr.wb@gembuyer.in.pdf_1755942547_485159770.pdf"", ""rfq_2025-08-19-18-34-35_03de0cdaa066f47c36e4f12d7cd35c5b.pdf_1755942547_930453729.pdf"", ""GeM-Bidding-8240686.pdf_1755942547_1725288019.pdf""]",tender-documents
GEM/2025/B/6587431,"[""GeM-Bidding-8241761.pdf_1755761807_668299527.pdf""]",tender-documents
GEM/2025/B/6587526,"[""1755779836.pdf_1756529235_1728609136.pdf"", ""tech_specs_p22-25_2025-08-20-10-04-50_116c0975e36fe00c4979b429d5048ceb.pdf_1756529235_580983668.pdf"", ""1755665350.pdf_1756529235_2119293676.pdf"", ""g3.pdf_1756529235_213939414.pdf""]",tender-documents
GEM/2025/B/6587842,"[""GC_1f12ffca-4d6e-459f-80031755670137772_gemb8@ntpl.pdf_1757326909_2107614325.pdf"", ""TND_3afdbe59-0435-45a8-a9191755861477422_gemb8@ntpl.pdf_1757326910_1546241616.pdf"", ""scopespcl_aa6daade-53e9-4889-a5641755846618545_gemb8@ntpl.pdf_1757326910_2095944868.pdf"", ""1755667985.pdf_1757326910_1958308373.pdf"", ""1755667999.pdf_1757326910_2073513321.pdf"", ""1755861407.pdf_1757326910_1221163957.pdf"", ""1755846518.pdf_1757326910_1216936867.pdf"", ""GeM-Bidding-8242227.pdf_1757326910_437064350.pdf""]",tender-documents
GEM/2025/B/6588313,"[""GeM-Bidding-8242771_(1).pdf_1756297485_49130160.pdf""]",tender-documents
GEM/2025/B/6588756,"[""ts_2025-08-20-12-08-08_e7da5c100f0912e820a1b1f3813a2691.pdf_1758372123_91728447.pdf"", ""1755674368.pdf_1758372123_1718302358.pdf"", ""GeM-Bidding-8243271.pdf_1758372123_1669459097.pdf""]",tender-documents
GEM/2025/B/6590543,"[""Tender_dea772a6-b658-4289-83291757913624050_BUYERPATA69.docx_1758350536_800106942.docx"", ""technical_specification_2025-08-20-15-58-47_12232e442cbfa267f9ad69cbf2df2abb.pdf_1758350536_482987640.pdf"", ""technical_specification_2025-08-20-15-55-43_dbd77e6926a89e183ac8f42cbda9bd56.pdf_1758350536_497993244.pdf"", ""1755688849.pdf_1758350536_75636303.pdf"", ""GeM-Bidding-8245309.pdf_1758350536_1176034060.pdf""]",tender-documents
GEM/2025/B/6591017,"[""GeM-Bidding-8245831.pdf_1755761080_889151988.pdf""]",tender-documents
GEM/2025/B/6592006,"[""GeM-Bidding-8246938_(1).pdf_1757501913_2011806696.pdf"", ""ni-cd_battery__specification_2025-08-18-13-22-47_d9cc29726ba68958e9d9b83610710a23.pdf_1757501913_1062491355.pdf""]",tender-documents
GEM/2025/B/6593260,"[""GeM-Bidding-8248380_(2).pdf_1756298004_1348554329.pdf""]",tender-documents
GEM/2025/B/6593860,"[""GeM-Bidding-8249058.pdf_1756109080_1270945714.pdf""]",tender-documents
GEM/2025/B/6597430,"[""FCBC.pdf_1758957520_1776879510.pdf"", ""charger_specs_2025-08-21-16-48-44_ecef90a64a5dc88788223d4e475c1bda.pdf_1758957520_260714265.pdf""]",tender-documents
GEM/2025/B/6597501,"[""batteries_214a1466-83ae-4dd3-88131755861849710_nikhil.kt.pdf_1756528834_522185768.pdf"", ""GeM-Bidding-8253208_(2).pdf_1756528834_630023018.pdf""]",tender-documents
GEM/2025/B/6598816,"[""vrla_battery_drg_2025-08-21-19-24-10_bdacf3c9134381c5a7df93618e18aa9c.pdf_1756529731_633799082.pdf"", ""tdc_vrla_battery_lhb_coaches_2025-08-21-19-24-10_3da3596ad841876aadca30019653f8cf.pdf_1756529731_267777265.pdf"", ""GeM-Bidding-8254686_(1).pdf_1756529731_995146470.pdf""]",tender-documents
GEM/2025/B/6598940,"[""ATC_ec30a46e-dd31-4d54-80b61756093242612_oil.bep.buycon1.pdf_1756550409_891513229.pdf"", ""requirements_for_oem_status_against_the_category_-__2024-05-01-12-38-10_42eb1899ef2d07820095ebe48910a901_(3).pdf_1756550409_1512251662.pdf"", ""stc_-version_2-_split_air_conditioner_including_gre_2024-06-26-16-57-37_efdc88d6a009d5c093d94097cf97cbc4_(4).pdf_1756550409_524832046.pdf"", ""1756093068.pdf_1756550409_1648341370.pdf"", ""green_room_air_conditioner_specifications_-draft-_d_2024-05-01-11-50-44_6dc927f8627fd0e694ecf3e91a001743_(4).pdf_1756550409_884603662.pdf"", ""GeM-Bidding-8254819.pdf_1756550409_399810157.pdf""]",tender-documents
GEM/2025/B/6599493,"[""GeM-Bidding-8255461_(1).pdf_1756296530_786499318.pdf""]",tender-documents
GEM/2025/B/6600564,"[""specbr_2025-08-22-17-17-26_599a1a2249fa387b80ade787b0b2fcfc.pdf_1756529909_194229775.pdf"", ""GeM-Bidding-8256668_(1).pdf_1756529909_1521529045.pdf""]",tender-documents
GEM/2025/B/6600692,"[""GeM-Bidding-8256817_(2).pdf_1758265099_739889432.pdf""]",tender-documents
GEM/2025/B/6601650,"[""EMD_e603cd08-a71b-49d4-aa1f1755921685331_buycon2ntpccg.pdf_1757328094_264186987.pdf"", ""specs_-_2_2025-08-22-14-50-50_3525497014f13bd0764306b98d549b41.pdf_1757328094_54532820.pdf"", ""GeM-Bidding-8257930.pdf_1757328094_1238378220.pdf""]",tender-documents
GEM/2025/B/6602584,"[""Tender_fdf7d3a5-d11c-4c03-8d5c1755933808577_bo-caretakercell.pdf_1756884133_903878348.pdf"", ""GeM-Bidding-8258997.pdf_1756884133_764871434.pdf""]",tender-documents
GEM/2025/B/6604936,"[""GeM-Bidding-8261678.pdf_1757757675_1994882089.pdf"", ""technical_specifications_2025-08-24-16-20-34_4cafefc668e0e12116fd9de62fe37646.pdf_1757757675_164847949.pdf""]",tender-documents
GEM/2025/B/6606224,"[""GeM-Bidding-8263259.pdf_1756448204_712861623.pdf""]",tender-documents
GEM/2025/B/6607365,"[""1756703440.pdf_1759819343_1964978266.pdf"", ""1756112589.pdf_1759819343_1503922062.pdf"", ""1756188490.pdf_1759819343_1568620743.pdf"", ""1756112524.pdf_1759819343_577085800.pdf"", ""1756112359.pdf_1759819343_2117876297.pdf"", ""1756112496.pdf_1759819343_1482727627.pdf"", ""1756112481.pdf_1759819343_1578407871.pdf"", ""annexure-1_ups_20250724093437-388_x_2025-08-22-15-44-46_ddca6bd6ae6822a88a593bc4be374208.pdf_1759819343_1704481502.pdf"", ""1.pdf_1759819343_514478259.pdf""]",tender-documents
GEM/2025/B/6607620,"[""withMII_50360026-5bde-45df-9b081756114883874_BUYER5.NAPS.pdf_1757501684_1663922736.pdf"", ""a_2025-08-25-13-56-45_4a52b4fe83e8c8f2f29c8a36bf78eb99.pdf_1757501684_388014721.pdf"", ""GeM-Bidding-8264906.pdf_1757501684_1378616483.pdf""]",tender-documents
GEM/2025/B/6609897,"[""specification-gem_2025-08-25-11-37-45_10f9b382d92cb1d4c28df8dfbe735c06.pdf_1757590306_547863607.pdf"", ""GeM-Bidding-8267496_(1).pdf_1757590306_433620802.pdf""]",tender-documents
GEM/2025/B/6611432,"[""technical_specifications4740639_2025-08-26-12-28-40_42c8a2fd9c930a91ebb8316021629927.pdf_1758177345_88186149.pdf"", ""1756229328.xlsx_1758177345_608412187.xlsx"", ""1756192721.pdf_1758177345_242695908.pdf"", ""GeM-Bidding-8269237_(1).pdf_1758177345_817673356.pdf""]",tender-documents
GEM/2025/B/6612794,"[""stc_-version_2-_split_air_conditioner_including_gre_2024-06-26-16-57-37_efdc88d6a009d5c093d94097cf97cbc4_(8).pdf_1757152491_1175237965.pdf"", ""green_room_air_conditioner_specifications_-draft-_d_2024-05-01-11-50-44_6dc927f8627fd0e694ecf3e91a001743_(8).pdf_1757152491_737067974.pdf"", ""GeM-Bidding-8270739.pdf_1757152491_88857512.pdf""]",tender-documents
GEM/2025/B/6613034,"[""PAC_9c394968-709d-4a2f-ad161756534377012_OGPGEMAOPP.pdf_1761557338_1363980999.pdf"", ""GeM-Bidding-8271002.pdf_1761557338_630444039.pdf""]",tender-documents
GEM/2025/B/6613416,"[""ATC_2d17d4b1-e504-40ed-b9581756792016453_buyer877.pdf_1757672063_1617897067.pdf"", ""document-for-cms_2022-07-05-17-50-30_c3b90df06e58a7_2023-05-03-10-56-37_49a2c1176c5b2458563a0644b1fa7293_(3).pdf_1757672063_1759824130.pdf"", ""GeM-Bidding-8271420.pdf_1757672063_1377052968.pdf""]",tender-documents
GEM/2025/B/6613925,"[""1756471532.pdf_1758346118_1165058301.pdf"", ""1756213575.pdf_1758346118_1900608139.pdf"", ""1756213253.pdf_1758346118_740178013.pdf"", ""1756213543.pdf_1758346118_1827764211.pdf"", ""1756213459.pdf_1758346118_809674512.pdf"", ""1756213117.pdf_1758346118_1906047964.pdf"", ""1756213040.pdf_1758346118_288086527.pdf"", ""specification_3nd_item_2025-08-26-16-49-38_c18fd6022863e9d69e45595f835e54a3.pdf_1758346118_910215398.pdf"", ""specification_1st_item_2025-08-26-16-46-05_211e19fe28cefcc0b241e65bf884f745.pdf_1758346118_887851298.pdf"", ""GeM-Bidding-8271976.pdf_1758346118_121354663.pdf""]",tender-documents
GEM/2025/B/6614762,"[""GeM-Bidding-8272899_(1).pdf_1756448925_1519309862.pdf""]",tender-documents
GEM/2025/B/6615310,"[""GeM-Bidding-8273508.pdf_1756449773_2070480754.pdf""]",tender-documents
GEM/2025/B/6615972,"[""GeM-Bidding-8274249.pdf_1758352026_203417011.pdf""]",tender-documents
GEM/2025/B/6616475,"[""GeM-Bidding-8274814.pdf_1756450340_1931853825.pdf""]",tender-documents
GEM/2025/B/6617905,"[""GeM-Bidding-8276433.pdf_1756447990_751032116.pdf""]",tender-documents
GEM/2025/B/6618423,"[""SPEC_dfdb6e82-ac71-463d-8b661756462945427_smmsteel.pdf_1760095160_315162225.pdf"", ""GeM-Bidding-8277026_(2).pdf_1760095160_1264753910.pdf""]",tender-documents
GEM/2025/B/6620282,"[""ATC_44620988-a12e-44f6-a28b1756709104084_Meenakshicpg1.doc_1757421092_1909208535.doc"", ""m6620106004__catalog_2025-08-28-11-05-02_1550070fcc72c0b10d2788fdb7dbccec.pdf_1757421092_313076750.pdf"", ""GeM-Bidding-8279174.pdf_1757421092_9181045.pdf""]",tender-documents
GEM/2025/B/6620781,"[""1756381382.pdf_1756528432_1364903279.pdf"", ""1756381423.pdf_1756528432_507976327.pdf"", ""1756381411.pdf_1756528432_1339001141.pdf"", ""specification_2025-08-28-14-40-50_697ba3200f77bbc10417274f55546bff.pdf_1756528432_1579147202.pdf"", ""GeM-Bidding-8279748_(1).pdf_1756528432_1904069993.pdf""]",tender-documents
GEM/2025/B/6622289,"[""technical_specifications_2025-08-29-10-09-11_1201ae89a561479bff24f3803cac4edd.pdf_1756529477_572410234.pdf"", ""GeM-Bidding-8281494_(1).pdf_1756529477_260875520.pdf""]",tender-documents
GEM/2025/B/6622493,"[""tech_spec_centrifugal_2025-08-29-10-35-00_f5c801ef594da3873fdbf645c6f24b09.pdf_1759232278_1423864840.pdf"", ""GeM-Bidding-8281737.pdf_1759232278_468392135.pdf""]",tender-documents
GEM/2025/B/6624592,"[""1756461796.pdf_1756708176_1861421804.pdf"", ""ATC_ab65f30a-5a29-4127-abe01756465288542_omendra.singh.docx_1756708176_1653033056.docx"", ""1756464147.pdf_1756708176_582189326.pdf"", ""1756461711.pdf_1756708176_508932382.pdf"", ""1756461619.pdf_1756708176_1716671112.pdf"", ""1756461763.pdf_1756708176_1246438383.pdf"", ""1756461602.pdf_1756708176_2005599347.pdf"", ""1756461574.pdf_1756708176_930930029.pdf"", ""technical_specification_-2_2025-08-29-13-59-12_0588aefd09ffe58fdbfddd445bf47b73.pdf_1756708176_49225508.pdf"", ""HAL.pdf_1756708176_904884880.pdf""]",tender-documents
GEM/2025/B/6624928,"[""180392225.pdf_1757402960_2116172896.pdf"", ""180392226.pdf_1757402960_899158680.pdf"", ""180392227.pdf_1757402960_1927809591.pdf"", ""180392228.pdf_1757402960_82825826.pdf"", ""180392229.pdf_1757402960_996103152.pdf"", ""180392230.pdf_1757402960_1687819429.pdf"", ""180392231.pdf_1757402960_1794960268.pdf""]",tender-documents
GEM/2025/B/6625466,"[""Terms_f53cd697-66c2-48c2-ab351756482500720_chandarkumar.r.pdf_1757421455_78138923.pdf"", ""GeM-Bidding-8285097.pdf_1757421455_1603574947.pdf""]",tender-documents
GEM/2025/B/6626757,"[""TPI_6efa9230-3697-4feb-bf991756530522643_buyer26.ibr.as.pdf_1756880131_1009102443.pdf"", ""merge_result_2025-08-30-10-10-39_4ea11c4d136b67e110a81220c545404a.pdf_1756880131_1244351.pdf"", ""GeM-Bidding-8286587.pdf_1756880131_1243862901.pdf""]",tender-documents
GEM/2025/B/6630054,"[""OM_energy_ElecAppl_(2).pdf_1758624733_286367116.pdf"", ""green_room_air_conditioner_specifications_-draft-_d_2024-05-01-11-50-44_6dc927f8627fd0e694ecf3e91a001743_(12).pdf_1758624733_85648655.pdf"", ""requirements_for_oem_status_against_the_category_-__2024-05-01-12-38-10_42eb1899ef2d07820095ebe48910a901_(8).pdf_1758624733_807162284.pdf"", ""stc_-version_2-_split_air_conditioner_including_gre_2024-06-26-16-57-37_efdc88d6a009d5c093d94097cf97cbc4_(12).pdf_1758624733_1249341103.pdf"", ""1756644119.xlsx_1758624733_671268638.xlsx"", ""GeM-Bidding-8290313.pdf_1758624733_2957347.pdf""]",tender-documents
GEM/2025/B/6630751,"[""ATC_2c2c7a7d-69af-42ca-990b1756703868995_stnhqjammu1972_(4).docx_1758180416_1058637031.docx"", ""atc___specifiation_2025-09-01-10-41-19_2c3c06dfe083b22acec5b783b6164e9a_(1).pdf_1758180416_689466613.pdf"", ""GeM-Bidding-8291201_(1).pdf_1758180416_1745310956.pdf""]",tender-documents
GEM/2025/B/6630879,"[""GeM-Bidding-8291354_(1).pdf_1756881471_186410096.pdf""]",tender-documents
GEM/2025/B/6631210,"[""pr_20040379_vsp_spec_for_gem_2v_320ah_ups_battery_2025-08-23-16-20-50_6b4d97ad4670cc70da3b7acf7734ffc4.pdf_1757590456_604804184.pdf"", ""GeM-Bidding-8291750_(2).pdf_1757590456_1365918253.pdf""]",tender-documents
GEM/2025/B/6634013,"[""specification_docu_for_boq_2025-09-01-20-37-34_a10e6376109a9517b9ee62253bf3eb81_(1).pdf_1756886908_1624021817.pdf"", ""GeM-Bidding-8295089_(1).pdf_1756886908_1593776375.pdf""]",tender-documents
GEM/2025/B/6634507,"[""tech_specification_bty_001_2025-09-02-09-29-23_02ed6c7929bc737b08840bab6e60f66a.pdf_1756887050_1090782785.pdf"", ""GeM-Bidding-8295635_(1).pdf_1756887050_1414870752.pdf""]",tender-documents
GEM/2025/B/6634834,"[""GeM-Bidding-8295999.pdf_1757676250_1764804966.pdf"", ""car-25_91_-1_2025-09-02-10-19-32_bbffcc77b6a72870acc9b2a6346446cc.pdf_1757676250_1099927530.pdf""]",tender-documents
GEM/2025/B/6634873,"[""GeM-Bidding-8296047_(2).pdf_1757576984_1937377071.pdf""]",tender-documents
GEM/2025/B/6636656,"[""tech_spcification__2025-09-02-14-46-32_e819810e949c05fbd916f55ee188ebc2.pdf_1757504340_1777786424.pdf"", ""GeM-Bidding-8298096_(1).pdf_1757504340_78662730.pdf""]",tender-documents
GEM/2025/B/6636806,"[""document-for-cms_2022-07-05-17-50-30_c3b90df06e58a7_2023-05-03-10-56-37_49a2c1176c5b2458563a0644b1fa7293_(4).pdf_1757674445_925031664.pdf"", ""FOURTRAC_a96c6d98-14ac-48b4-8cc11756806522419_smmelsbrcy1.pdf_1757674445_406475845.pdf"", ""GeM-Bidding-8298259.pdf_1757674445_1796628356.pdf""]",tender-documents
GEM/2025/B/6637255,"[""IPNEW_fcad3b47-a6cc-4db5-b8d91756810331348_mkpatel-kgps.pdf_1759736057_1086233897.pdf"", ""ts_2025-09-02-16-10-59_79e7373376a1a9a1b0fbb38c37860fbc.pdf_1759736057_777776656.pdf"", ""GeM-Bidding-8298748.pdf_1759736057_575817579.pdf""]",tender-documents
GEM/2025/B/6639363,"[""technical_specification_for_battery1_2025-09-02-18-03-46_2ddb5a21650e72505bd28c55d9848d41.pdf_1757588762_276546812.pdf"", ""GeM-Bidding-8301110_(2).pdf_1757588762_1442778888.pdf""]",tender-documents
GEM/2025/B/6639428,"[""ST_ATC_2cda4fbd-379a-426c-aacc1756876986707_872Fd_acsfp.pdf_1757674110_1476066791.pdf"", ""wcor_hvac_2025-09-03-10-34-43_01189f2aa4d35fa8dbb037fa59ce55c5.pdf_1757674110_686660807.pdf"", ""GeM-Bidding-8301186.pdf_1757674110_2049810777.pdf""]",tender-documents
GEM/2025/B/6639972,"[""FINALATC_99d4297b-7b2d-4262-a1931758013693743_bo.sanjeevsinha@sci.nic.in_(1).pdf_1758179775_1232480543.pdf"", ""GeM-Bidding-8291201_(1).pdf_1758179775_784489995.pdf""]",tender-documents
GEM/2025/B/6642733,"[""nicad_2025-09-03-14-55-33_6aa428a556154ca4f363b89d902a31e3.pdf_1757661479_2043943177.pdf"", ""GeM-Bidding-8304924_(1).pdf_1757661479_283604213.pdf""]",tender-documents
GEM/2025/B/6643501,"[""GeM-Bidding-8305803_(1).pdf_1757317927_1342540648.pdf""]",tender-documents
GEM/2025/B/6644732,"[""GeM-Bidding-8307209_(2).pdf_1761224040_90000972.pdf""]",tender-documents
GEM/2025/B/6645084,"[""1757918522.pdf_1758177578_1645372977.pdf"", ""1757919656.pdf_1758177578_994677545.pdf"", ""1757918527.pdf_1758177578_1032318961.pdf"", ""ATCmerge_e4b9b7a8-2788-4007-b29d1757920681559_buyerpesl5.pdf_1758177578_719450543.pdf"", ""GeM-Bidding-8307608_(1).pdf_1758177578_2110871153.pdf""]",tender-documents
GEM/2025/B/6646643,"[""ATC_961b5a06-c4bf-4904-97b61757591078706_ONGCCBMMBUYER31.docx_1757756820_519517142.docx"", ""1757462006.pdf_1757756820_1610369860.pdf"", ""1757461940.pdf_1757756820_941730702.pdf"", ""1757461912.pdf_1757756820_1544812370.pdf"", ""1757461714.pdf_1757756820_115257115.pdf"", ""technical_spec_2025-09-04-13-06-38_89a2c208fa7bda30b4aee9c0fc54f433.pdf_1757756820_1513553076.pdf"", ""1757463295.pdf_1757756820_42437747.pdf"", ""GeM-Bidding-8309329.pdf_1757756820_2045492367.pdf""]",tender-documents
GEM/2025/B/6647582,"[""GeM-Bidding-8310385_(2).pdf_1757661986_1634865543.pdf""]",tender-documents
GEM/2025/B/6647590,"[""GeM-Bidding-8310395_(1).pdf_1757589434_958808673.pdf""]",tender-documents
GEM/2025/B/6648211,"[""IN.pdf_1758974506_1398646683.pdf"", ""aiopcspecs_a4397ac9-ceab-4611-93fb1756998362677_ITOTUN.pdf_1758974506_1280504684.pdf""]",tender-documents
GEM/2025/B/6648516,"[""tech_spec_batteries_2025-09-05-09-37-29_25e61cbfadd1a5eabd7be68f97ff7aea.pdf_1757396043_385665547.pdf"", ""GeM-Bidding-8311468_(1).pdf_1757396043_1710169485.pdf""]",tender-documents
GEM/2025/B/6649266,"[""ATCUPLD3_8daac2e7-90b7-4b09-8e1b1757058706628_amulya.rout@dvc.gov.in.pdf_1757758040_1986298369.pdf"", ""1757058489_(1).pdf_1757758040_782802148.pdf"", ""1757058321_(1).pdf_1757758040_1579668204.pdf"", ""1757059193_(1).xlsx_1757758040_1345836164.xlsx"", ""GeM-Bidding-8312349.pdf_1757758040_1590130279.pdf"", ""material_specification_sheet_with_qap_2025-09-05-12-46-45_86c5b8414a777bf39bed34268b5866f2_(1).pdf_1757758040_504904942.pdf""]",tender-documents
GEM/2025/B/6649697,"[""TENDER_8be1317c-cf03-4f8d-91231760092532141_buycon12.gail.jaipur.pdf_1760440184_1384863478.pdf"", ""specification_2025-09-05-15-10-11_b5e4ec733249a892f0a4d678dc5a87a9.pdf_1760440184_227369516.pdf"", ""1757065689.pdf_1760440184_41154352.pdf"", ""GeM-Bidding-8312815_(1).pdf_1760440184_885208490.pdf""]",tender-documents
GEM/2025/B/6652442,"[""gem_spec_2025-08-22-10-01-32_efd630d2c435b1c96d4870b4cb465d11.pdf_1759819146_1257710905.pdf"", ""1.pdf_1759819146_978951228.pdf""]",tender-documents
GEM/2025/B/6652465,"[""1757148923.pdf_1757673247_1115088160.pdf"", ""1757148919.pdf_1757673247_49273638.pdf"", ""1757148914.pdf_1757673247_1260956731.pdf"", ""1757148897.pdf_1757673247_1775548305.pdf"", ""1757148892.pdf_1757673247_65474707.pdf"", ""1757148883.pdf_1757673247_738964740.pdf""]",tender-documents
GEM/2025/B/6654101,"[""GeM-Bidding-8317866.pdf_1758366613_1117404653.pdf""]",tender-documents
GEM/2025/B/6656673,"[""world-bank-stc_1704778647.pdf_1758179829_855413454.pdf"", ""brief_specification_of_bid_2025-09-08-14-25-57_e6b28eec59f18d75e94b78d31cc6b664.pdf_1758179829_2123534365.pdf"", ""stc_-version_2-_split_air_conditioner_including_gre_2024-06-26-16-57-37_efdc88d6a009d5c093d94097cf97cbc4_(11).pdf_1758179829_206025628.pdf"", ""green_room_air_conditioner_specifications_-draft-_d_2024-05-01-11-50-44_6dc927f8627fd0e694ecf3e91a001743_(10).pdf_1758179829_1832014350.pdf"", ""GeM-Bidding-8320891_(1).pdf_1758179829_764502011.pdf""]",tender-documents
GEM/2025/B/6657865,"[""nsn6130-72-049-8665_2025-09-08-10-56-04_cacddbb5df463282994aa19e90162f07.pdf_1763635146_2004205827.pdf"", ""GeM-Bidding-8322250_(1).pdf_1763635146_1143969182.pdf""]",tender-documents
GEM/2025/B/6659392,"[""TANDCAIR_52e0751a-77e2-408c-b9f41757392579684_buyer23.belb.ap@gembuyer.in.pdf_1757669973_1898421471.pdf"", ""technical_specification_-air_2025-09-05-17-00-37_c8fb030432ab96e027d9a8a4f5bb87d8.pdf_1757669973_52803543.pdf"", ""GeM-Bidding-8324011.pdf_1757669973_330724663.pdf""]",tender-documents
GEM/2025/B/6659649,"[""1757414694.pdf_1757757543_302558604.pdf"", ""1757414663.pdf_1757757543_1118201584.pdf"", ""1757414619.pdf_1757757543_1373529926.pdf"", ""1757414554.pdf_1757757543_1903258879.pdf"", ""1757414194.pdf_1757757543_361487882.pdf"", ""1757414461.pdf_1757757543_1872820824.pdf"", ""1757414418.pdf_1757757543_487542829.pdf"", ""1757414252.pdf_1757757543_917190305.pdf"", ""1757414146.pdf_1757757543_2053232113.pdf"", ""1757414081.pdf_1757757543_577364574.pdf"", ""tech_spec_1_2025-09-09-10-19-31_20e6ac3ac3ce802131fea59a196d399a_(1).pdf_1757757543_1644634272.pdf"", ""GeM-Bidding-8324294_(1).pdf_1757757543_673165701.pdf""]",tender-documents
GEM/2025/B/6659778,"[""technical_document_2025-09-09-10-25-28_1dae4f32a4ef614d83230320093b3962.pdf_1757670413_835138723.pdf"", ""GeM-Bidding-8324440.pdf_1757670413_818711418.pdf""]",tender-documents
GEM/2025/B/6660547,"[""charger_2025-09-09-11-23-39_ae4742ed9ee63569e1fc207f4d0d2dad.pdf_1757577820_1639763808.pdf"", ""GeM-Bidding-8325334.pdf_1757577820_890049793.pdf""]",tender-documents
GEM/2025/B/6661363,"[""GeM-Bidding-8326284.pdf_1762152780_749699858.pdf""]",tender-documents
GEM/2025/B/6661454,"[""GeM-Bidding-8326394.pdf_1758005308_1966221536.pdf"", ""ATC_0fe03bc1-1686-4370-a70a1757408363414_s.siripuram.sail@nic.in.pdf_1758005308_1594039723.pdf""]",tender-documents
GEM/2025/B/6661647,"[""GeM-Bidding-8326598_(1).pdf_1758961555_1864902729.pdf""]",tender-documents
GEM/2025/B/6662160,"[""GeM-Bidding-8327163.pdf_1763011410_932569932.pdf""]",tender-documents
GEM/2025/B/6662435,"[""GENEMDMLC_ae2c8c17-8ee7-45dd-9b8d1757997956468_suvendukumar@hal-india.com.docx_1758622617_1338129845.docx"", ""custom_bid_format_25urb-1001_2025-09-02-11-34-51_4110dd1fac8b0e1770b7489e1538efd5.pdf_1758622617_1784390548.pdf"", ""GeM-Bidding-8327461.pdf_1758622617_1677785494.pdf""]",tender-documents
GEM/2025/B/6662467,"[""tender_document_final_2025-09-09-16-25-05_4e8205d1bd8f0e4b79839f13c322a721.pdf_1757759208_880825280.pdf"", ""1757415543.xlsx_1757759208_1223295780.xlsx"", ""GeM-Bidding-8327498.pdf_1757759208_1617104913.pdf""]",tender-documents
GEM/2025/B/6663177,"[""GeM-Bidding-8328278.pdf_1758353041_1714266760.pdf""]",tender-documents
GEM/2025/B/6666869,"[""1757498986.pdf_1757660119_780539210.pdf"", ""1757498968.pdf_1757660119_1446800838.pdf"", ""1757498423.pdf_1757660119_1796378542.pdf"", ""1757498399.pdf_1757660119_1772347027.pdf"", ""GeM-Bidding-8332437_(3).pdf_1757660119_663977365.pdf"", ""battery_specification_2025-09-10-12-20-21_5efe97d2484b93c713812846ffad375b.pdf_1757660119_1397983939.pdf""]",tender-documents
GEM/2025/B/6667592,"[""1757502682.pdf_1758282072_1215458686.pdf"", ""1757502662.pdf_1758282072_594486582.pdf"", ""GeM-Bidding-8333226.pdf_1758282072_1086253478.pdf""]",tender-documents
GEM/2025/B/6667756,"[""GeM-Bidding-8333412_(1).pdf_1758104869_2141096895.pdf""]",tender-documents
GEM/2025/B/6667849,"[""1757569197.xlsx_1758535970_83611957.xlsx"", ""1757653026.pdf_1758535970_1677645930.pdf"", ""1757586122.pdf_1758535970_234118108.pdf"", ""1757568331.pdf_1758535970_1349582512.pdf"", ""sow_stc_specification_2025-09-10-15-58-40_de6e7fde33482cc9eafb7523715422b5.pdf_1758535970_1303879244.pdf"", ""GeM-Bidding-8333522.pdf_1758535970_945349409.pdf""]",tender-documents
GEM/2025/B/6668830,"[""ATCA_6c429b9f-e68f-4b44-a0b21757689141661_aaogd@123.docx_1758284819_1911080843.docx"", ""GeM-Bidding-8334618.pdf_1758284819_1297474973.pdf""]",tender-documents
GEM/2025/B/6668921,"[""GeM-Bidding-8334723_(1).pdf_1757662430_320770773.pdf""]",tender-documents
GEM/2025/B/6670281,"[""ATC_f900ada9-1c44-4c8a-b7131757573510811_buycon9.cdtc.ka.pdf_1758526142_2079930881.pdf"", ""GeM-Bidding-8336253.pdf_1758526142_246066003.pdf""]",tender-documents
GEM/2025/B/6671643,"[""EMD_e28686a4-3158-459f-a9ea1757650612970_prakashgharat.pdf_1760596325_1857494772.pdf"", ""boq_gem_specs_2025-09-11-14-28-29_4fef5a49b6162ca6ce4b3a006877e210.pdf_1760596325_305273254.pdf"", ""GeM-Bidding-8337784_(3).pdf_1760596325_1111191853.pdf""]",tender-documents
GEM/2025/B/6671657,"[""GeM-Bidding-8337802.pdf_1758352588_817388084.pdf""]",tender-documents
GEM/2025/B/6671704,"[""TERMS_4ec89c41-64a3-4fab-91851757582370990_satpalsingh@2stc.doc_1761636277_1945776187.doc"", ""tech_spec_2025-09-11-14-36-45_c148e2c1f8c5afb0aaa6052497c669cc.pdf_1761636277_537448720.pdf"", ""GeM-Bidding-8337855.pdf_1761636277_40536127.pdf""]",tender-documents
GEM/2025/B/6671927,"[""ATC1_b41829a6-06c6-43f8-b3b71757586467918_digeqpt@crpf.gov.in.pdf_1759998673_1153953843.pdf"", ""qrstds_2025-09-09-19-18-15_a0d082d273959003e998273c24490736.pdf_1759998673_459956560.pdf"", ""CRPF.pdf_1759998673_486751956.pdf""]",tender-documents
GEM/2025/B/6674977,"[""SCR.pdf_1758696680_1798291719.pdf"", ""GeMATC_92b1638f-2d8a-4302-a0231757655103975_admmgtl.docx_1758696680_600851101.docx""]",tender-documents
GEM/2025/B/6676013,"[""TENDER_89ce37de-4ef6-49be-b87d1757662776527_satyendrasingh@jnport.gov.in.pdf_1758351745_76032878.pdf"", ""GeM-Bidding-8342702.pdf_1758351745_1274994759.pdf""]",tender-documents
GEM/2025/B/6677771,"[""binder1_2025-09-01-15-44-59_f2a7ce2dbdc6ea68a70426c8865bf007.pdf_1758347922_666454498.pdf"", ""GeM-Bidding-8344657.pdf_1758347922_1516955880.pdf""]",tender-documents
GEM/2025/B/6678594,"[""CERT_0a642d44-4b28-41fb-a1161758615101421_RPO1_DOD_75.pdf_1758793151_1222219408.pdf"", ""IA.pdf_1758793151_914410827.pdf""]",tender-documents
GEM/2025/B/6678968,"[""3188_64d222fe-2d3a-48e5-9b881758301657296_VS10203.pdf_1758530161_1094029703.pdf"", ""isro_(2).pdf_1758530161_1846180680.pdf""]",tender-documents
GEM/2025/B/6680190,"[""1758114991.pdf_1758628933_1330694091.pdf"", ""1757745377.pdf_1758628933_1702306846.pdf"", ""1757745350.pdf_1758628933_804667526.pdf"", ""1757745313.pdf_1758628933_1012998509.pdf"", ""1758114831.xlsx_1758628933_194644547.xlsx"", ""gail.pdf_1758628933_587197710.pdf""]",tender-documents
GEM/2025/B/6681216,"[""NITTABLE_2a845f31-3cd5-4ed8-ac581757758718876_mka@beml.pdf_1758005928_1457080719.pdf"", ""nitermsop_2025-09-13-15-41-49_b04964e168c58fde12d705acd213621b.pdf_1758005928_1950998439.pdf"", ""GeM-Bidding-8348515.pdf_1758005928_1186885094.pdf""]",tender-documents
GEM/2025/B/6681413,"[""custom_techspec_merged_2025-09-13-16-39-14_6f8eecb40dd4b2818fc057b7e55d4e48.pdf_1758102739_1486684160.pdf"", ""ITB_GEM_78e77fa5-cea1-40c6-882e1757762857188_buyer5.iocl.bgr@gembuyer.in.pdf_1758102739_1123292038.pdf"", ""GeM-Bidding-8348728_(1).pdf_1758102739_183998280.pdf""]",tender-documents
GEM/2025/B/6681568,"[""1757766206.pdf_1758798123_1968103440.pdf"", ""GeM-Bidding-8348925.pdf_1758798123_1471677087.pdf""]",tender-documents
GEM/2025/B/6681576,"[""GeM-Bidding-8348939_(1).pdf_1758268235_677148818.pdf""]",tender-documents
GEM/2025/B/6682436,"[""GeM-Bidding-8349924.pdf_1761377588_285800162.pdf""]",tender-documents
GEM/2025/B/6683235,"[""atcb_d51fffc8-7247-4b1e-b4831758626467411_mculgs1.pdf_1758793339_623326715.pdf"", ""IAF.pdf_1758793339_956200475.pdf""]",tender-documents
GEM/2025/B/6683733,"[""NIT_729d62e0-dc9a-4d3c-a1991757913910813_ganesh-babu@beml.docx_1758103558_1105378432.docx"", ""GeM-Bidding-8351429.pdf_1758103558_1157217152.pdf"", ""niterm_2025-09-15-10-44-57_4f7c86ea87578c4c1cb7c80a030bbfbe_(1).pdf_1758103558_724129232.pdf""]",tender-documents
GEM/2025/B/6684465,"[""ATC_Bttry_8c958a07-e17c-4566-9af51757921782875_buycon222.aai.bh.docx_1758096817_1478883047.docx"", ""GeM-Bidding-8352323_(1).pdf_1758096817_431878661.pdf""]",tender-documents
GEM/2025/B/6684568,"[""LPP_1339_17237aa4-3bcd-43b3-89ab1757920837548_siddharthsingh.pdf_1758104673_1773334092.pdf"", ""1339_2025-09-12-14-30-15_195d162e4b5103fe062f8adc838a9723.pdf_1758104673_226827265.pdf"", ""GeM-Bidding-8352443.pdf_1758104673_1225088223.pdf""]",tender-documents
GEM/2025/B/6685328,"[""1757928589.pdf_1758519328_1646624657.pdf"", ""ITB150925_64199ea8-0b10-444e-a6621757931639463_buycon12.pdil.noida@gembuyer.in.pdf_1758519328_1967654534.pdf"", ""catalog_2025-09-12-16-45-32_5bb81ec473c161d51af1fee0e0ac33fd.pdf_1758519328_1852711682.pdf"", ""GeM-Bidding-8353337.pdf_1758519328_1326719945.pdf""]",tender-documents
GEM/2025/B/6685419,"[""ATC_43829dab-70d4-4105-824c1757927882404_leopard.bull@gov.in_(1).pdf_1758104782_1849603700.pdf"", ""atc_2025-09-13-12-12-25_a29acb91ec48d9574fc90a278ade0039.pdf_1758104782_171902920.pdf"", ""GeM-Bidding-8353441.pdf_1758104782_1086713597.pdf""]",tender-documents
GEM/2025/B/6687077,"[""tech_specs_rfp_fin_2025-09-15-18-31-27_d1e58931a87393e4da56023e0f23f122.pdf_1761992534_2010305283.pdf"", ""GeM-Bidding-8355327_(1).pdf_1761992534_267945179.pdf""]",tender-documents
GEM/2025/B/6688249,"[""ANNEXUREC_ead1ea21-e4e8-465f-987d1758002318101_PURCHASE_977.pdf_1758362017_1456556968.pdf"", ""annexure-c_2025-09-16-10-12-03_83dc601ca4f14bf9c8a92b0255f7be56.pdf_1758362017_510977634.pdf"", ""GeM-Bidding-8356644.pdf_1758362017_1113797337.pdf""]",tender-documents
GEM/2025/B/6688801,"[""1758002257.xlsx_1758786782_465498327.xlsx"", ""technical_specification_2025-09-16-11-01-56_1b7854eb9da40ff45fa8701979dc0a3c.pdf_1758786782_461485484.pdf"", ""GeM-Bidding-8357261.pdf_1758786782_1780909924.pdf""]",tender-documents
GEM/2025/B/6689029,"[""atc_49b3b09f-7e61-4c23-a7e11758778129961_jwmte.pdf_1758973716_701433910.pdf"", ""TCL.pdf_1758973716_1560023466.pdf""]",tender-documents
GEM/2025/B/6690858,"[""ATC_ae106e7c-256d-4fca-a7441758105413975_komalahuja.docx_1758626000_1672463010.docx"", ""AAI.pdf_1758626000_658652048.pdf""]",tender-documents
GEM/2025/B/6692617,"[""b568-466-xi-mr-0600-69-rfq_a_renditionfile_compress_2025-09-16-23-01-15_cdfc319fac0cc86f9ab83b3224d040c9.pdf_1761552366_779267970.pdf"", ""GeM-Bidding-8361472_(1).pdf_1761552366_412837779.pdf""]",tender-documents
GEM/2025/B/6692912,"[""GeM-Bidding-8361800.pdf_1758363983_1033962166.pdf""]",tender-documents
GEM/2025/B/6693422,"[""671_53bedd26-0cdf-4466-a14b1758086451327_buygoods29.pdf_1758181572_433045998.pdf"", ""671_2025-09-17-10-48-09_92ae3ebfff6a52486fc773066f666ac0.pdf_1758181572_1271766761.pdf"", ""GeM-Bidding-8362371_(1).pdf_1758181572_1516636174.pdf""]",tender-documents
GEM/2025/B/6694696,"[""1dc_2025-09-17-13-31-27_844cd53a254f811919bd0b413c254469.pdf_1758612947_775960793.pdf"", ""GeM-Bidding-8363773.pdf_1758612947_1545673244.pdf""]",tender-documents
GEM/2025/B/6695516,"[""BuyerATC1_ed5cab7c-71b4-4bd6-993b1758193059419_praveenpal@aai.aero.pdf_1758527328_2098450790.pdf"", ""ups_specifications_2025-09-17-15-35-31_8a556241efba517f24931d42a4c79fed.pdf_1758527328_819654288.pdf"", ""AAI.pdf_1758527328_1792744218.pdf""]",tender-documents
GEM/2025/B/6699938,"[""details_d1629079-2503-4387-ab031758191549236_buyerkolkata8.pdf_1760440390_939914813.pdf"", ""GeM-Bidding-8369766_(2).pdf_1760440390_991852946.pdf""]",tender-documents
GEM/2025/B/6700299,"[""ATCUB_b10033ce-96df-46b7-ba161758196849377_NIYATI1.pdf_1759304797_1150171832.pdf"", ""ts_2025-09-18-15-51-44_7f1e22e0664d32adb18560097249e2a8.pdf_1759304797_1190850857.pdf"", ""BHEL.pdf_1759304797_889810963.pdf""]",tender-documents
GEM/2025/B/6700338,"[""GeM-Bidding-8370202.pdf_1758371882_1746952075.pdf"", ""specification_30kva_2025-09-18-15-56-15_a9d6a94bb9aba3a78534abb45a8a61cb.pdf_1758371882_1388930295.pdf""]",tender-documents
GEM/2025/B/6700765,"[""GeM-Bidding-8370698_(1).pdf_1759920173_85646858.pdf""]",tender-documents
GEM/2025/B/6701723,"[""ATC_04d03e40-5cef-4f60-81ca1758209730180_mithan.637p@gov.in.pdf_1758528935_817833819.pdf"", ""tech_specs_battery_2025-09-18-14-46-24_884d638eb330688da0ec2d36835283ee.pdf_1758528935_703338609.pdf"", ""IA.pdf_1758528935_2110983496.pdf""]",tender-documents
GEM/2025/B/6702736,"[""GeM-Bidding-8372918_(1).pdf_1763626751_587554808.pdf""]",tender-documents
GEM/2025/B/6702868,"[""annexure12_680ad74c-7612-4a92-943d1758258516241_anilbarla.doc_1758626654_288185474.doc"", ""1384specs_2025-09-19-10-21-35_c06f3f45e694e39b9a2ff65b5381d853.pdf_1758626654_540202448.pdf"", ""GeM-Bidding-8373071.pdf_1758626654_883382692.pdf""]",tender-documents
GEM/2025/B/6704736,"[""GeM-Bidding-8375184_(1).pdf_1759730979_1603811332.pdf""]",tender-documents
GEM/2025/B/6704861,"[""DAE.pdf_1758696431_1409912672.pdf"", ""tn_78_supply_including_installation_of_ups_w_lithiu_2025-09-19-10-48-47_d23754745bd63c08d67bb79158e1d175.pdf_1758696431_1544161514.pdf""]",tender-documents
GEM/2025/B/6704897,"[""GeM-Bidding-8375358.pdf_1761640027_880417490.pdf""]",tender-documents
GEM/2025/B/6707192,"[""annexure_1_2025-09-19-16-50-07_9e91cdc7dfecb1cfa142713be3f61c41.pdf_1758530657_717776927.pdf"", ""IN_(1).pdf_1758530657_1096475137.pdf""]",tender-documents
GEM/2025/B/6707628,"[""GeM-Bidding-8378510.pdf_1762340498_87305373.pdf""]",tender-documents
GEM/2025/B/6711870,"[""ANNEXURES_c2c4a8fc-22e3-4078-b72f1758538232919_jayabrata.biswas@dvc.gov.in.docx_1759918579_984443999.docx"", ""1758538543.pdf_1759918579_1390671384.pdf"", ""1758520558.pdf_1759918579_1311880029.pdf"", ""1758520185.pdf_1759918579_1112881841.pdf"", ""1758520136.pdf_1759918579_1277670778.pdf"", ""specification_sheet_2025-09-16-17-23-47_7064943e25d68b3a583acd1fc9471d83.pdf_1759918579_429805422.pdf"", ""GeM-Bidding-8383446.pdf_1759918579_188668608.pdf""]",tender-documents
GEM/2025/B/6712015,"[""Annex_ABC_7a4a45b8-4f98-47f8-85221758521655171_npknp.3.pdf_1758787928_1181700548.pdf"", ""GeM-Bidding-8383620.pdf_1758787928_1415282124.pdf""]",tender-documents
GEM/2025/B/6712842,"[""Annex_ABC_8d03c99d-710e-44e9-a1c51758528810782_npknp.3.pdf_1759216357_890504486.pdf"", ""OM_energy_ElecAppl_(4).pdf_1759216357_1091426288.pdf"", ""GeM-Bidding-8384608.pdf_1759216357_1668435629.pdf""]",tender-documents
GEM/2025/B/6713749,"[""ceb01_2025-09-22-14-28-59_a7e0ebd96b4ebc398ba87678c1759605.pdf_1758696046_1565099525.pdf"", ""GeM-Bidding-8385669_(3).pdf_1758696046_398925250.pdf""]",tender-documents
GEM/2025/B/6714492,"[""1758543154.pdf_1758957867_726153904.pdf"", ""smf.pdf_1758957867_303264326.pdf""]",tender-documents
GEM/2025/B/6714681,"[""GMPL2.pdf_1758626660_1069620037.pdf"", ""GMPL.pdf_1758626660_2116612732.pdf""]",tender-documents
GEM/2025/B/6714717,"[""ATC65_02745bec-646d-46ff-9e4a1758546236275_deepak@33582.pdf_1759220627_1335373470.pdf"", ""vrla.pdf_1759220627_1326856955.pdf""]",tender-documents
GEM/2025/B/6717556,"[""rfp_2025-09-19-13-42-12_9c8e7204d9049978be096da6c3a16439.pdf_1760702280_1547070288.pdf"", ""GeM-Bidding-8390071.pdf_1760702280_143572756.pdf""]",tender-documents
GEM/2025/B/6718254,"[""TPI_fce3f792-c7f7-4f1b-81e91758624773971_buycon9.iocl.dl@gembuyer.in.pdf_1759749872_1100154259.pdf"", ""merged_tech_spec_2025-09-23-15-56-40_166b95ed413eaadcf1aa61d9e32407eb.pdf_1759749872_980839717.pdf"", ""GeM-Bidding-8390848_(1)_(1).pdf_1759749872_1594811751.pdf""]",tender-documents
GEM/2025/B/6718930,"[""GENEMDMLC1_2b815f0f-7d3a-4ca7-ad911760440853968_suvendukumar@hal-india.com.docx_1763378645_1687823995.docx"", ""custom_bid_25ab-1086_2025-09-15-07-38-54_a6d00790a3c1695297215e2ea4e7efd6.pdf_1763378645_142378765.pdf"", ""GeM-Bidding-8391596_(3).pdf_1763378645_1289811134.pdf""]",tender-documents
GEM/2025/B/6719205,"[""GeM-Bidding-8391908.pdf_1759220646_769155007.pdf""]",tender-documents
GEM/2025/B/6720231,"[""technical_spec-20_2025-09-23-16-26-23_c8c5d57c4dfd2863444d2d5d4234068f.pdf_1758794775_1340748512.pdf"", ""IOCL.pdf_1758794775_221085238.pdf""]",tender-documents
GEM/2025/B/6720917,"[""GeM-Bidding-8393816_(2).pdf_1758794007_1957090069.pdf"", ""spec_merged_-1_2025-09-24-11-04-54_ba48faafb094c39a83a741513ec50bc8.pdf_1758794007_1872011766.pdf""]",tender-documents
GEM/2025/B/6721937,"[""1758700039.pdf_1758872076_716638709.pdf"", ""pgcil.pdf_1758872076_1082050674.pdf""]",tender-documents
GEM/2025/B/6721946,"[""specslab_2025-09-24-13-10-46_938318b60fce931d0e6e3f0ccde9e417.pdf_1761639715_380578560.pdf"", ""GeM-Bidding-8394968.pdf_1761639715_1965423494.pdf""]",tender-documents
GEM/2025/B/6722410,"[""specs_final_2025-09-24-14-20-32_a9777c5488a448bae54e9de2864a706d.pdf_1758871363_1292002102.pdf"", ""gail.pdf_1758871363_177286285.pdf""]",tender-documents
GEM/2025/B/6723362,"[""NIQ_5abbfd40-c36f-4b33-93c31758712373284_mmkhanikar.pdf_1758873085_1494121476.pdf"", ""annexure_2025-09-24-16-25-11_de8b583a367fb44252e5a270f05df895.pdf_1758873085_1741080460.pdf"", ""iit.pdf_1758873085_1128591582.pdf""]",tender-documents
GEM/2025/B/6723898,"[""g.pdf_1758871858_5282001.pdf"", ""ts-p25233_2025-09-24-14-33-30_79c3ff84aea8442d799917b29c5340fe.pdf_1758871858_1960181902.pdf"", ""1758715987.pdf_1758871858_585553043.pdf""]",tender-documents
GEM/2025/B/6724909,"[""GeM-Bidding-8398306_(2).pdf_1760598858_1121684182.pdf""]",tender-documents
GEM/2025/B/6725391,"[""GeM-Bidding-8398845_(1).pdf_1759918704_1815852966.pdf""]",tender-documents
GEM/2025/B/6725476,"[""OM_energy_ElecAppl_(3).pdf_1758964700_1370251114.pdf"", ""stc_-version_2-_split_air_conditioner_including_gre_2024-06-26-16-57-37_efdc88d6a009d5c093d94097cf97cbc4_(13).pdf_1758964700_830746128.pdf"", ""requirements_for_oem_status_against_the_category_-__2024-05-01-12-38-10_42eb1899ef2d07820095ebe48910a901_(9).pdf_1758964700_391619836.pdf"", ""GeM-Bidding-8398946.pdf_1758964700_1479382474.pdf""]",tender-documents
GEM/2025/B/6725630,"[""ATC_9ffa988f-d0fd-4421-bd4c1759822967569_subhankar.das@dvc.gov.in.docx_1759920713_436480867.docx"", ""specs1_2025-09-25-10-31-38_fbe818d6703793a6ce0b12069f0ef6d8.pdf_1759920713_307973660.pdf"", ""GeM-Bidding-8399123_(1).pdf_1759920713_1663223843.pdf""]",tender-documents
GEM/2025/B/6726106,"[""1759215680.xlsx_1759993094_764159459.xlsx"", ""ATCCAMC_7d64a623-7d5d-452f-a6131759218769033_buyer9.ongc.delhi.pdf_1759993094_1116094772.pdf"", ""1759215289.pdf_1759993094_940624614.pdf"", ""1759215179.pdf_1759993094_1208159958.pdf"", ""1759215051.pdf_1759993094_706111614.pdf"", ""1759214996.pdf_1759993094_1226546179.pdf"", ""1759214918.pdf_1759993094_602102932.pdf"", ""GeM-Bidding-8399660.pdf_1759993094_118198606.pdf""]",tender-documents
GEM/2025/B/6727560,"[""OM_energy_ElecAppl_(1).pdf_1760079682_717817657.pdf"", ""requirements_for_oem_status_against_the_category_-__2024-05-01-12-38-10_42eb1899ef2d07820095ebe48910a901_(6).pdf_1760079682_358387118.pdf"", ""stc_-version_2-_split_air_conditioner_including_gre_2024-06-26-16-57-37_efdc88d6a009d5c093d94097cf97cbc4_(7).pdf_1760079682_437618300.pdf"", ""green_room_air_conditioner_specifications_-draft-_d_2024-05-01-11-50-44_6dc927f8627fd0e694ecf3e91a001743_(14).pdf_1760079682_828466842.pdf"", ""GeM-Bidding-8401296.pdf_1760079682_1976897493.pdf""]",tender-documents
GEM/2025/B/6727568,"[""ups_a8490fde-f175-4a26-9fbb1759470932118_dyspcstore.docx_1760094892_1384563068.docx"", ""GeM-Bidding-8401305_(1).pdf_1760094892_1610892739.pdf""]",tender-documents
GEM/2025/B/6728618,"[""requirements_for_oem_status_against_the_category_-__2024-05-01-12-38-10_42eb1899ef2d07820095ebe48910a901_(5).pdf_1759919180_1460674595.pdf"", ""UD_d462b019-2465-4448-afdb1759320623944_mkpatel-kgps_(1).pdf_1759919180_1528303998.pdf"", ""UD_d462b019-2465-4448-afdb1759320623944_mkpatel-kgps.pdf_1759919180_144166833.pdf"", ""IPNEW_6c1cc31d-9019-483a-86141758804136376_mkpatel-kgps.pdf_1759919180_207538352.pdf"", ""stc_-version_2-_split_air_conditioner_including_gre_2024-06-26-16-57-37_efdc88d6a009d5c093d94097cf97cbc4_(6).pdf_1759919180_467121227.pdf"", ""green_room_air_conditioner_specifications_-draft-_d_2024-05-01-11-50-44_6dc927f8627fd0e694ecf3e91a001743_(13).pdf_1759919180_1352486835.pdf"", ""GeM-Bidding-8402485.pdf_1759919180_944056885.pdf""]",tender-documents
GEM/2025/B/6729598,"[""GeM-Bidding-8403612.pdf_1761910752_360985839.pdf""]",tender-documents
GEM/2025/B/6730084,"[""bid_doc_b2fa0404-74ee-4bfe-bebb1760588873772_CC_CM_EXE2.pdf_1760685976_1850256771.pdf"", ""GeM-Bidding-8404173_(2).pdf_1760685976_1824532571.pdf""]",tender-documents
GEM/2025/B/6730611,"[""tech2732_-2_2025-09-25-18-11-08_a80a24a8c87d075ca686e2912e100ec9.pdf_1760095999_918849305.pdf"", ""GeM-Bidding-8404765_(1).pdf_1760095999_694065404.pdf""]",tender-documents
GEM/2025/B/6730885,"[""techspe399_c6d5df60-2e38-4ff4-afa61758869056799_DySlo16.pdf_1762950900_1475127717.pdf"", ""GeM-Bidding-8405073_(1).pdf_1762950900_1578342784.pdf""]",tender-documents
GEM/2025/B/6731017,"[""ATC_cac60579-8a9e-4539-9b2c1759735713686_JGMCNSkol1.pdf_1759998963_1745410750.pdf"", ""GeM-Bidding-8405223_(2).pdf_1759998963_1333853530.pdf""]",tender-documents
GEM/2025/B/6732519,"[""1758882039.pdf_1761216712_1861449194.pdf"", ""new_revised_technical_specifications_2025-09-26-11-13-25_4d23c0372838c335fe9791ab1e00b423.pdf_1761216712_407911557.pdf"", ""GeM-Bidding-8406897_(2).pdf_1761216712_645947982.pdf""]",tender-documents
GEM/2025/B/6732593,"[""GeM-Bidding-8406981_(1).pdf_1761216849_195763904.pdf""]",tender-documents
GEM/2025/B/6735193,"[""Distrion_54d9b6d9-a8b4-4f8f-91991758955105137_arindam.amscl@assam.gov.in.pdf_1759737974_767536550.pdf"", ""requirements_for_oem_status_against_the_category_-__2024-05-01-12-38-10_42eb1899ef2d07820095ebe48910a901_(10).pdf_1759737974_1452925818.pdf"", ""stc_-version_2-_split_air_conditioner_including_gre_2024-06-26-16-57-37_efdc88d6a009d5c093d94097cf97cbc4_(14).pdf_1759737974_2132488580.pdf"", ""green_room_air_conditioner_specifications_-draft-_d_2024-05-01-11-50-44_6dc927f8627fd0e694ecf3e91a001743_(13).pdf_1759737974_604052696.pdf"", ""GeM-Bidding-8409945.pdf_1759737974_2081047332.pdf""]",tender-documents
GEM/2025/B/6735352,"[""UPSATC_03995bf1-8491-4640-97d21758955232311_deepak@33582.pdf_1760095805_548703436.pdf"", ""1758954530.pdf_1760095805_478652636.pdf"", ""GeM-Bidding-8410120_(2).pdf_1760095805_44473860.pdf""]",tender-documents
GEM/2025/B/6736413,"[""Annexure_F_ebb024c1-e813-4788-b5141758968783191_buyer2.npcil.truvnli.pdf_1763632165_1357759009.pdf"", ""specification_1_2025-09-27-15-27-37_1b7cea0f0ff23bf20dd49dc52bddd68a.pdf_1763632165_322908870.pdf"", ""1758967446.xlsx_1763632165_1180874420.xlsx"", ""GeM-Bidding-8411343.pdf_1763632165_2053996679.pdf""]",tender-documents
GEM/2025/B/6737627,"[""ac_2025-09-28-12-11-55_0265dd8130f238f408909b672ef94071.pdf_1759491888_2132961324.pdf"", ""GeM-Bidding-8412728.pdf_1759491888_1802846337.pdf""]",tender-documents
GEM/2025/B/6739923,"[""GeM-Bidding-8415496.pdf_1761634661_1859000357.pdf""]",tender-documents
GEM/2025/B/6741187,"[""DOCS_ded04529-ea34-4efd-9f841759928857291_buyerkolkata4.pdf_1760094561_361186873.pdf"", ""1759151452.pdf_1760094561_233014872.pdf"", ""ts_2025-09-29-17-01-20_103d65b54c8996e4708f0f506cb9e37c.pdf_1760094561_271468308.pdf"", ""GeM-Bidding-8416949_(3).pdf_1760094561_287956910.pdf""]",tender-documents
GEM/2025/B/6743617,"[""binder1_2025-09-30-14-48-06_333840570ab4d054f0372c3e7b8414c2.pdf_1761906540_1878151416.pdf"", ""GeM-Bidding-8419786_(1).pdf_1761906540_1687755359.pdf""]",tender-documents
GEM/2025/B/6743974,"[""NITchiller_152d2bce-5471-4f94-91eb1759227557276_TSDKBC.pdf_1759735049_1454819218.pdf"", ""chiller-plant-tech-specs-final_2025-09-30-15-39-40_67fd8d01faa7ffb5aef550907949a65b.pdf_1759735049_178323995.pdf"", ""GeM-Bidding-8420175.pdf_1759735049_1315765883.pdf""]",tender-documents
GEM/2025/B/6745674,"[""ts_177_2025-10-01-10-27-38_9015fb092d9c50d154f4a5f0c40b173d.pdf_1759919931_641177262.pdf"", ""GeM-Bidding-8422123_(1).pdf_1759919931_1134050147.pdf""]",tender-documents
GEM/2025/B/6746401,"[""GeM-Bidding-8422921.pdf_1763723594_392435177.pdf""]",tender-documents
GEM/2025/B/6746475,"[""specs_2025-10-01-12-06-37_d87b4438e8c0cad279630958c1c23525_(1).pdf_1761217590_871215731.pdf"", ""Specs_cf6417c3-66e8-4579-a9b31759317864348_DDMBUYER.pdf_1761217590_1601211795.pdf"", ""GeM-Bidding-8423001_(1).pdf_1761217590_1316160685.pdf""]",tender-documents
GEM/2025/B/6747346,"[""GeM-Bidding-8423969.pdf_1762323482_223878964.pdf""]",tender-documents
GEM/2025/B/6747643,"[""LR4_BATC_9c8cc1c7-2cb1-4826-8bda1760529521641_consigneebhubaneswar10.doc_1761910590_1525825178.doc"", ""1759926599.pdf_1761910590_1522002266.pdf"", ""annexure-iii_layout_for_bess_installation_2025-10-01-18-17-44_e5b8fb288a82af92aadfde5b630f96fe.pdf_1761910590_1206386352.pdf"", ""tinywow_annexure-iv_ts_section_project_rev_00_84742_2025-10-01-18-17-44_a00a54c4b7b9ebcc9eaaa89f45c55b12.pdf_1761910590_1430899200.pdf"", ""1759927054.xlsx_1761910590_404320446.xlsx"", ""GeM-Bidding-8424312.pdf_1761910590_1972502830.pdf""]",tender-documents
GEM/2025/B/6749245,"[""ATCFINAL_490b3444-0955-4092-bb4d1760702195604_MM_BIAL.docx_1761821539_1500094853.docx"", ""GeM-Bidding-8426209_(3).pdf_1761821539_463682218.pdf""]",tender-documents
GEM/2025/B/6749445,"[""Document_2b2a121f-83d8-49e7-84cf1759835240211_sudha27.pdf_1760184605_119628892.pdf"", ""1759473532.pdf_1760184605_842760219.pdf"", ""1759473465.pdf_1760184605_1073075681.pdf"", ""1759473310.pdf_1760184605_296580323.pdf"", ""1759473301.pdf_1760184605_608611259.pdf"", ""GeM-Bidding-8426444_(1).pdf_1760184605_24670017.pdf""]",tender-documents
GEM/2025/B/6750436,"[""tech_specs_2025-10-03-14-46-54_203e796927ba6da56f976fc0778499a1_(1).pdf_1761636694_1791755620.pdf"", ""ATC_0b825247-ee62-4267-a2151759485379656_anbarasus.032w@gov.in.pdf_1761636694_1694366578.pdf"", ""GeM-Bidding-8427630_(1).pdf_1761636694_586450523.pdf""]",tender-documents
GEM/2025/B/6750591,"[""UPS_37a02cdc-aed4-450c-96871759749579982_pso_b.pdf_1759998236_2145012930.pdf"", ""isro.pdf_1759998236_1391809866.pdf""]",tender-documents
GEM/2025/B/6754315,"[""UPS_b9f3daae-0eea-4b27-901d1759578546513_MINIGEM@NMDC.pdf_1759820074_1896035400.pdf"", ""GeM-Bidding-8432177_(3).pdf_1759820074_707498217.pdf""]",tender-documents
GEM/2025/B/6755288,"[""ATCBATTERY_ecfb8abf-04fe-4891-84011759660033430_SEO2-13BRTF.docx_1759820273_119666230.docx"", ""batttspec_2025-10-05-15-31-05_f12376908bc895141765d5af8cad52db.pdf_1759820273_1962409194.pdf"", ""1.pdf_1759820273_1026859500.pdf""]",tender-documents
GEM/2025/B/6755661,"[""item_no_2025-10-06-08-34-41_cb451a14269cef91e352995cf7f7ea05.pdf_1760438338_1979139963.pdf"", ""GeM-Bidding-8433711_(1).pdf_1760438338_1465443270.pdf""]",tender-documents
GEM/2025/B/6755682,"[""GeM-Bidding-8433745.pdf_1762156115_70023233.pdf""]",tender-documents
GEM/2025/B/6755840,"[""sow_2025-10-03-16-07-17_0522a264a176169354d59a65d9b622ff.pdf_1761906752_878894161.pdf"", ""GeM-Bidding-8433969_(1).pdf_1761906752_1510099824.pdf""]",tender-documents
GEM/2025/B/6755975,"[""GeM-Bidding-8434148.pdf_1762949210_1529511461.pdf""]",tender-documents
GEM/2025/B/6756263,"[""document-for-cms_2022-07-05-17-50-30_c3b90df06e58a7_2023-05-03-10-57-38_8eafdf9947a48d88b5d6b852b0c515cb_(4).pdf_1760089869_82511060.pdf"", ""GeM-Bidding-8434509.pdf_1760089869_885946743.pdf""]",tender-documents
GEM/2025/B/6757178,"[""ups_specification_-1_2025-10-06-13-38-08_d72e7dd951f118c6b87570687af09d62.pdf_1760595500_467753073.pdf"", ""GeM-Bidding-8435641.pdf_1760595500_1952292288.pdf""]",tender-documents
GEM/2025/B/6757430,"[""1759741012.pdf_1760180470_1407165067.pdf"", ""1759740991.pdf_1760180470_1047511728.pdf"", ""1759740977.pdf_1760180470_764039421.pdf"", ""1759740965.pdf_1760180470_1981890643.pdf"", ""GeM-Bidding-8435938_(1).pdf_1760180470_1247985766.pdf""]",tender-documents
GEM/2025/B/6758447,"[""Stattry_Up_7bc7e53a-8268-47d1-bdf61759748762816_buyernalcopf.pdf_1759831058_1222840054.pdf"", ""tec_spec_2_2025-10-06-14-14-55_47bcecc788f68fcf8cffd39c784cfec6.pdf_1759831058_1176320907.pdf"", ""GeM-Bidding-8437089.pdf_1759831058_932769742.pdf""]",tender-documents
GEM/2025/B/6758562,"[""nit_2025-10-06-16-43-42_b3767d0d4e7a24bed3fb8127b276465b.pdf_1759918943_2046617259.pdf"", ""ATC_46e79563-f0f0-4a17-8d151759750516846_saumya1.pdf_1759918943_807420521.pdf"", ""GeM-Bidding-8437215_(1).pdf_1759918943_1057726933.pdf""]",tender-documents
GEM/2025/B/6759511,"[""ATC_UPS_245f6e9d-f5ce-41ab-adac1759761496572_CFO.BUYER.pdf_1761818677_625965267.pdf"", ""GeM-Bidding-8438354_(1).pdf_1761818677_499356872.pdf""]",tender-documents
GEM/2025/B/6761538,"[""SPEC_58effd0d-f362-4158-af8b1759906360429_bhuvnesh.mathur_(1).pdf_1761560929_2093455391.pdf"", ""SPEC_58effd0d-f362-4158-af8b1759906360429_bhuvnesh.mathur.pdf_1761560929_732420155.pdf"", ""ac_ac1_merged_compressed_2025-10-07-13-03-45_7bb8b8d1e5e381578af83734c8cdd4af.pdf_1761560929_468383821.pdf"", ""GeM-Bidding-8440631.pdf_1761560929_369314687.pdf""]",tender-documents
GEM/2025/B/6762679,"[""OM_energy_ElecAppl_(3).pdf_1761562250_63264724.pdf"", ""requirements_for_oem_status_against_the_category_-__2024-05-01-12-38-10_42eb1899ef2d07820095ebe48910a901_(10).pdf_1761562250_664056033.pdf"", ""stc_-version_2-_split_air_conditioner_including_gre_2024-06-26-16-57-37_efdc88d6a009d5c093d94097cf97cbc4_(11).pdf_1761562250_844951320.pdf"", ""green_room_air_conditioner_specifications_-draft-_d_2024-05-01-11-50-44_6dc927f8627fd0e694ecf3e91a001743_(18).pdf_1761562250_1096284818.pdf"", ""GeM-Bidding-8441883.pdf_1761562250_1978393934.pdf""]",tender-documents
GEM/2025/B/6762906,"[""drawing_2025-10-07-15-00-55_06b2fe1143f54bb9faa91c06ef785504.pdf_1759998388_1256488518.pdf"", ""BEML.pdf_1759998388_514289831.pdf""]",tender-documents
GEM/2025/B/6763011,"[""CommlDoc_1e137451-6eb6-4887-9aae1759903124229_SSTPBUYER3.pdf_1760688419_1243059173.pdf"", ""tech_spec_schedule_1_2025-10-07-15-38-57_d90fae33a4deffcf4b253d9a1a31f8a5.pdf_1760688419_990133851.pdf"", ""GeM-Bidding-8442251_(1).pdf_1760688419_690627520.pdf""]",tender-documents
GEM/2025/B/6763390,"[""smf_battery_12v_7ah_2025-10-07-16-42-37_ae160b171be9ceb3e277782cfe46e3cf.pdf_1760440601_942126746.pdf"", ""GeM-Bidding-8442662_(1).pdf_1760440601_1417046928.pdf""]",tender-documents
GEM/2025/B/6764547,"[""ATC_92d36832-76cf-46d6-8d491759892317871_halengimmbcvck.pdf_1759998442_1135532224.pdf"", ""specification_ac_for_htt40_2025-10-08-08-04-06_86c32724056776cca6f39788aa36fa8d.pdf_1759998442_1260308103.pdf"", ""1759891305.xlsx_1759998442_265676010.xlsx"", ""GeM-Bidding-8443937.pdf_1759998442_1077889430.pdf""]",tender-documents
GEM/2025/B/6765271,"[""ATC_merged_5ef84bda-4508-428e-b9ac1761630672814_narendrasinghnbps.pdf_1761733165_283252914.pdf"", ""IPACT_38309591-9707-4ab8-b1e61759903171190_narendrasinghnbps.pdf_1761733165_2025210505.pdf"", ""technical_specifications_2025-10-07-19-21-29_231a50ac47c247e9f532923f6c8a6119.pdf_1761733165_288089480.pdf"", ""GeM-Bidding-8444739_(1).pdf_1761733165_432423007.pdf""]",tender-documents
GEM/2025/B/6766230,"[""BUYER_ATC_ff90edb0-95c2-485f-b4411759908865255_ARDCMCOM7S.pdf_1761559369_1507711395.pdf"", ""5421-cap-463_6hp_2025-10-08-12-00-12_f2e73b25bd58eadb833430a3b42d021a.xls_1761559369_2061282612.xls"", ""GeM-Bidding-8445818.pdf_1761559369_50654923.pdf""]",tender-documents
GEM/2025/B/6767128,"[""GeM-Bidding-8446869.pdf_1761640947_179267302.pdf""]",tender-documents
GEM/2025/B/6767166,"[""GeM-Bidding-8446912.pdf_1763638871_1394636090.pdf""]",tender-documents
GEM/2025/B/6768374,"[""TD_517c0d40-6944-4cd0-b7d01760415060282_Hrithik123.pdf_1760684378_127840238.pdf"", ""1760415185_(1).pdf_1760684378_639201024.pdf"", ""1760414757.pdf_1760684378_406064896.pdf"", ""tech_specs_p39-25_2025-10-08-10-56-02_73ae30333bb139b09483d9907506d008.pdf_1760684378_809584839.pdf"", ""1760360958.pdf_1760684378_1819771810.pdf"", ""GeM-Bidding-8448271.pdf_1760684378_1220284109.pdf""]",tender-documents
GEM/2025/B/6768501,"[""EATONUPS_9f189fa0-740d-4d6b-84301760609432625_ASSISTANT_DIRECTOR.pdf_1762599869_316355065.pdf"", ""GeM-Bidding-8448422_(3).pdf_1762599869_1891917628.pdf""]",tender-documents
GEM/2025/B/6768608,"[""ATC_4225530b-8515-4f8e-8d1d1759930056327_prabhakar@223.doc_1760602613_629148491.doc"", ""GeM-Bidding-8448544_(1).pdf_1760602613_51330527.pdf""]",tender-documents
GEM/2025/B/6770440,"[""GeM-Bidding-8450628.pdf_1761638448_487029816.pdf""]",tender-documents
GEM/2025/B/6770641,"[""GeM-Bidding-8450851_(1).pdf_1761634270_793806106.pdf""]",tender-documents
GEM/2025/B/6771963,"[""TechMatrix_cf609cc0-386a-4769-9bc61762754618603_baishali@dit.docx_1762854280_767168576.docx"", ""1760006312.pdf_1762854280_1136434526.pdf"", ""1760004846.pdf_1762854280_960812359.pdf"", ""1760004779.pdf_1762854280_1914743505.pdf"", ""GeM-Bidding-8452354_(1).pdf_1762854280_1076595506.pdf""]",tender-documents
GEM/2025/B/6772517,"[""GeM-Bidding-8452960.pdf_1762772646_1599664974.pdf""]",tender-documents
GEM/2025/B/6772850,"[""GeM-Bidding-8453340_(1).pdf_1764149089_1093333244.pdf""]",tender-documents
GEM/2025/B/6774200,"[""ATCPAY_f48599cf-e15b-4a5e-a1a91760092478928_Logo@niat2.pdf_1765362163_876006826.pdf"", ""GeM-Bidding-8454912_(1).pdf_1765362163_1866216307.pdf""]",tender-documents
GEM/2025/B/6774246,"[""NITATC_e3963678-c54c-40f8-a8d41760071914291_Praveen_2021.pdf_1761217917_1868975448.pdf"", ""technical_specification_2025-10-09-15-17-25_77b86d192b78879eb9351c0100622215.pdf_1761217917_1147751653.pdf"", ""GeM-Bidding-8454962_(1).pdf_1761217917_87428784.pdf""]",tender-documents
GEM/2025/B/6775155,"[""GeM-Bidding-8455959.pdf_1761207494_536984432.pdf""]",tender-documents
GEM/2025/B/6775530,"[""1760080577.xlsx_1760342767_980588677.xlsx"", ""GeM-Bidding-8456388_(2).pdf_1760342767_730078776.pdf""]",tender-documents
GEM/2025/B/6775907,"[""GeM-Bidding-8456809.pdf_1761635749_1644400616.pdf""]",tender-documents
GEM/2025/B/6776599,"[""upstec_947e44f6-de1d-4ee8-877c1760089366355_ACPRONS01.pdf_1763983403_1390035937.pdf"", ""25p01c002_spec_2025-10-10-11-13-06_264d4cc9eee3ab9170659c8a7e5f8842.pdf_1763983403_567106093.pdf"", ""1760088650.xlsx_1763983403_1649075517.xlsx"", ""GeM-Bidding-8457607_(2).pdf_1763983403_1174098789.pdf""]",tender-documents
GEM/2025/B/6776919,"[""SOTR_1498b07e-0b6b-4836-b4b11760092616481_buyer16_cnp.pdf_1763020445_1719867548.pdf"", ""documents_2025-10-10-15-33-48_69318cd1d641d5a63bba7a70887f3df5.pdf_1763020445_174024102.pdf"", ""GeM-Bidding-8457958.pdf_1763020445_164980274.pdf""]",tender-documents
GEM/2025/B/6777029,"[""30KVAUPSIS_d1fcee14-6352-4684-a1ee1760341605148_aeairm1.cewz.pdf_1762339426_1636402694.pdf"", ""GeM-Bidding-8458081_(1).pdf_1762339426_389534497.pdf""]",tender-documents
GEM/2025/B/6777754,"[""b933-000-xi-mr-0440-66-rfq_a_renditionfile_compress_2025-10-10-17-06-09_fd1253a435151358b0fadb48c978056c.pdf_1762334974_977229862.pdf"", ""GeM-Bidding-8458883_(3).pdf_1762334974_2043914021.pdf""]",tender-documents
GEM/2025/B/6778410,"[""1760104835.pdf_1760439952_208565943.pdf"", ""1760105369.xlsx_1760439952_1939223738.xlsx"", ""GeM-Bidding-8459634_(2).pdf_1760439952_1637727952.pdf""]",tender-documents
GEM/2025/B/6778840,"[""ATC_duct_1d0e2058-5cc0-45e6-b8251760155781625_buyer26.belb.up.pdf_1761557717_89359034.pdf"", ""atc_duct_2025-10-11-09-32-39_6033ffdf20516447bfe6e61a65be9994.pdf_1761557717_155448097.pdf"", ""GeM-Bidding-8460133.pdf_1761557717_1707163471.pdf""]",tender-documents
GEM/2025/B/6778986,"[""Specsbty_c52384f0-8430-42df-a3451760159730267_nagendra@458.pdf_1761217375_1696698881.pdf"", ""1760158040.pdf_1761217375_2136654133.pdf"", ""GeM-Bidding-8460309_(1).pdf_1761217375_85026302.pdf""]",tender-documents
GEM/2025/B/6779641,"[""UPS.pdf_1764312687_1288891443.pdf"", ""ATC_a23d1e9c-a7f5-43d2-ba611760169659943_gsis_1234.pdf_1764312687_1881528757.pdf"", ""specs_2025-10-11-12-21-30_50dd1bac408a5b60ab03884733e4b99d.pdf_1764312687_358610356.pdf"", ""GeM-Bidding-8461065_(2).pdf_1764312687_1886849358.pdf""]",tender-documents
GEM/2025/B/6779858,"[""GeM-Bidding-8461308_(1).pdf_1761215477_229758649.pdf""]",tender-documents
GEM/2025/B/6780735,"[""ATCUPSJLG_0beda998-16e5-4f34-a5731760267597928_shubham.pk.docx_1760686408_1280111041.docx"", ""tech_speci_2025-10-11-17-21-21_3e3c410f2ac14bf9f35c7d7d96a874eb.pdf_1760686408_1036508509.pdf"", ""GeM-Bidding-8462309_(2).pdf_1760686408_827390473.pdf""]",tender-documents
GEM/2025/B/6781433,"[""EMD_569bda84-4ea9-459e-9e551760251322931_buycon2ntpccg.pdf_1763115981_807959043.pdf"", ""specs_1_2025-10-12-12-04-41_d095bd6b8a183db0f893e741a1eca66d.pdf_1763115981_1002621207.pdf"", ""GeM-Bidding-8463119_(1).pdf_1763115981_355380051.pdf""]",tender-documents
GEM/2025/B/6781582,"[""GeM-Bidding-8463280_(1).pdf_1762853292_1865787140.pdf""]",tender-documents
GEM/2025/B/6782389,"[""item_list_2025-10-13-10-30-52_1c58b6a0d3c4fbaebf154d6e1cb7129a.pdf_1761896608_486140242.pdf"", ""ATC_c7c20b2d-cf50-499c-94731760333225052_bhaskar.duttan.docx_1761896608_1937636930.docx"", ""GeM-Bidding-8464244_(1).pdf_1761896608_210852158.pdf""]",tender-documents
GEM/2025/B/6783979,"[""93884847.pdf_1762155779_1960718576.pdf""]",tender-documents
GEM/2025/B/6784015,"[""GeM-Bidding-8466276_(3).pdf_1761291715_1182278049.pdf"", ""ATC5_5a90528a-4d31-4d46-9dc11760347158633_poa2dps.docx_1761291715_1352478607.docx"", ""specification-1_2025-10-13-11-36-01_827558c36a8bbc832ad0701113c7bbe8.pdf_1761291715_1699679469.pdf""]",tender-documents
GEM/2025/B/6785452,"[""GeM-Bidding-8467936_(1).pdf_1763812440_437276253.pdf""]",tender-documents
GEM/2025/B/6786386,"[""atcpgcil_d05e0c39-fbb0-48a2-92501760413671284_buyer44@bhel.docx_1760688120_36401584.docx"", ""ts_common_2025-10-14-09-02-52_0e3c713532aaa830508ecad6cdfffa5f.pdf_1760688120_734671273.pdf"", ""GeM-Bidding-8469024_(1).pdf_1760688120_1829274113.pdf""]",tender-documents
GEM/2025/B/6786503,"[""GeM-Bidding-8469163.pdf_1761641142_1978790408.pdf""]",tender-documents
GEM/2025/B/6786564,"[""TenderDoc_fa72e87e-ad76-4409-bcaf1760418812193_BUYER1MM1AND2@GEM.pdf_1761379316_803808549.pdf"", ""requirements_for_oem_status_against_the_category_-__2024-05-01-12-38-10_42eb1899ef2d07820095ebe48910a901_(9).pdf_1761379316_632709561.pdf"", ""stc_-version_2-_split_air_conditioner_including_gre_2024-06-26-16-57-37_efdc88d6a009d5c093d94097cf97cbc4_(10).pdf_1761379316_708233104.pdf"", ""green_room_air_conditioner_specifications_-draft-_d_2024-05-01-11-50-44_6dc927f8627fd0e694ecf3e91a001743_(17).pdf_1761379316_1584503267.pdf"", ""GeM-Bidding-8469236.pdf_1761379316_1674545567.pdf""]",tender-documents
GEM/2025/B/6786899,"[""UPS_ATC_ab50c890-1406-4ee0-8bf51762946046332_NAVEENGOPAL.pdf_1763106020_915762929.pdf"", ""GeM-Bidding-8469622_(1).pdf_1763106020_867543475.pdf""]",tender-documents
GEM/2025/B/6788262,"[""annexcap1_9a90a101-5d66-47d7-b6071760440457254_hr.sonapuram@coalindia.in.doc_1760599686_2115145961.doc"", ""GeM-Bidding-8471173_(2).pdf_1760599686_662287258.pdf""]",tender-documents
GEM/2025/B/6789258,"[""ATC10kVA_0e6af9d7-e493-46ec-850a1760438049910_aemechanical.pdf_1760603128_420043083.pdf"", ""GeM-Bidding-8472263_(1).pdf_1760603128_1206022376.pdf""]",tender-documents
GEM/2025/B/6790826,"[""anticert_7b7ec1b7-962f-41bd-ba0a1760449969136_lpo@abod2.docx_1761218501_75316537.docx"", ""specification__2025-10-14-19-14-15_7d67dc70e704f57b3da71a453ce6a9bb.pdf_1761218501_222756131.pdf"", ""GeM-Bidding-8473976_(1).pdf_1761218501_478236508.pdf""]",tender-documents
GEM/2025/B/6790828,"[""ups_0ec222be-ba02-45d7-93be1762509784964_slotcu2018.pdf_1763639970_31243785.pdf"", ""GeM-Bidding-8473978_(2).pdf_1763639970_2842275.pdf""]",tender-documents
GEM/2025/B/6792816,"[""ATC_857a1c3c-0d97-41bc-b6481760515154845_subhradeep.dhar@nits.ac.in.pdf_1760603405_1331976046.pdf"", ""1760515072.pdf_1760603405_1562271405.pdf"", ""1760513164.pdf_1760603405_1641262943.pdf"", ""1760513003.pdf_1760603405_1083076636.pdf"", ""1760512618.pdf_1760603405_689700721.pdf"", ""1760512608.pdf_1760603405_1830239431.pdf"", ""GeM-Bidding-8476174_(1).pdf_1760603405_1587917398.pdf""]",tender-documents
GEM/2025/B/6793109,"[""technical_specification__schedule_of_works_and_draw_2025-10-15-13-08-04_fea915239eefa72385c2cc370395d1f4.pdf_1761376761_1059146718.pdf"", ""GeM-Bidding-8476499.pdf_1761376761_183977947.pdf""]",tender-documents
GEM/2025/B/6794093,"[""Scope_5c563db3-d8b0-4485-80ba1760524354719_gem-nicsi@nicsi.nic.in.pdf_1762947581_679987692.pdf"", ""GeM-Bidding-8477624_(4).pdf_1762947581_971796869.pdf""]",tender-documents
GEM/2025/B/6794615,"[""ITBC25200_3caead5e-1793-418b-86501760532965378_buycon487.gil.mp.pdf_1761221696_610907611.pdf"", ""1760532847.pdf_1761221696_1643628219.pdf"", ""1760532841.pdf_1761221696_1178101131.pdf"", ""1760532204.pdf_1761221696_310274478.pdf"", ""1760532090.xlsx_1761221696_1207671759.xlsx"", ""GeM-Bidding-8478196_(1).pdf_1761221696_1246406594.pdf""]",tender-documents
GEM/2025/B/6795558,"[""1761041253.pdf_1762151806_304163529.pdf"", ""GeM-Bidding-8479248.pdf_1762151806_601967775.pdf""]",tender-documents
GEM/2025/B/6796501,"[""tec_ups_2025-10-15-14-01-28_ea113031260fb2251656e96d94591c2b_(1).pdf_1764315646_1582155378.pdf"", ""1760594203.pdf_1764315646_171686147.pdf"", ""GeM-Bidding-8480302_(1).pdf_1764315646_1502364031.pdf""]",tender-documents
GEM/2025/B/6797215,"[""93952590.pdf_1762002007_1432781704.pdf""]",tender-documents
GEM/2025/B/6797319,"[""GeM-Bidding-8481221_(1).pdf_1762853387_775763229.pdf""]",tender-documents
GEM/2025/B/6797682,"[""merged_file_for_catalog_2025-10-16-12-12-24_c7b8c5f50b49da204287135195778947.pdf_1763120869_1324776795.pdf"", ""GeM-Bidding-8481622_(2).pdf_1763120869_1016928901.pdf""]",tender-documents
GEM/2025/B/6797866,"[""AC4ton_61104e87-c51c-4c3f-98cc1760608393090_gmcknp001.pdf_1761909822_499424782.pdf"", ""GeM-Bidding-8481830.pdf_1761909822_380160686.pdf""]",tender-documents
GEM/2025/B/6798293,"[""gem-bidding-848231_20251017_184501.pdf_1761220585_1014430478.pdf""]",tender-documents
GEM/2025/B/6799310,"[""GeM-Bidding-8483379.pdf_1761980568_1572430611.pdf""]",tender-documents
GEM/2025/B/6799853,"[""tender_document_2025-10-16-17-15-14_c73563e8aab04e4ffd722551a61c5ccb.pdf_1761224190_648618992.pdf"", ""GeM-Bidding-8483974_(1).pdf_1761224190_467618499.pdf""]",tender-documents
GEM/2025/B/6800701,"[""GeM-Bidding-8484957_(1).pdf_1761222231_1632627020.pdf""]",tender-documents
GEM/2025/B/6801342,"[""GeM-Bidding-8485713.pdf_1762157426_432038536.pdf""]",tender-documents
GEM/2025/B/6801656,"[""TC_e1fbf278-ccf8-4fb9-af871760681842607_aruntiwari.pdf_1763971199_2147159903.pdf"", ""document_140-1_2025-10-17-10-57-04_5a9a8b6f8d2dce0736063b8b092d3188.pdf_1763971199_1128204669.pdf""]",tender-documents
GEM/2025/B/6801694,"[""127172_f4d7a7d7-9918-4da3-84ac1760937663369_pao11.bpcl.mumbai.pdf_1761219893_1277989048.pdf"", ""sow-tender_document_for_battery_bank_2025-10-17-11-12-40_d7f03a4c84f34178effa786bbb2793cf.pdf_1761219893_1796914516.pdf"", ""GeM-Bidding-8486121_(1).pdf_1761219893_1882237743.pdf""]",tender-documents
GEM/2025/B/6802928,"[""requirements_for_oem_status_against_the_category_-__2024-05-01-12-38-10_42eb1899ef2d07820095ebe48910a901_(14).pdf_1763454405_1953071235.pdf"", ""stc_-version_2-_split_air_conditioner_including_gre_2024-06-26-16-57-37_efdc88d6a009d5c093d94097cf97cbc4_(15).pdf_1763454405_217938411.pdf"", ""green_room_air_conditioner_specifications_-draft-_d_2024-05-01-11-50-44_6dc927f8627fd0e694ecf3e91a001743_(19).pdf_1763454405_2044294015.pdf"", ""1760757731.xlsx_1763454405_1399860460.xlsx"", ""GeM-Bidding-8487529.pdf_1763454405_1248223009.pdf""]",tender-documents
GEM/2025/B/6804090,"[""ATC_043692a6-4647-4fd3-8aab1761903884769_ongc_134802.pdf_1762335885_2111772048.pdf"", ""1760699937.pdf_1762335885_768017497.pdf"", ""GeM-Bidding-8488814.pdf_1762335885_2102542116.pdf""]",tender-documents
GEM/2025/B/6805771,"[""GeM-Bidding-8490630_(2).pdf_1761220330_1352106690.pdf""]",tender-documents
GEM/2025/B/6806560,"[""TNCHLC_29417887-51e4-4a4d-bd071760769153097_SBILHOLUC.BUY_CON3.pdf_1761551818_420567765.pdf"", ""hlc_gomatinagar_technical_specification_vrf_ac_2025-10-18-11-46-10_44ea25e6c54fec449c255249a74b98bc.pdf_1761551818_343632995.pdf"", ""GeM-Bidding-8491516.pdf_1761551818_155887086.pdf""]",tender-documents
GEM/2025/B/6806636,"[""Bty_ec1f88fc-53d2-4fc8-9cc41760771751602_EPO203ER.pdf_1761217046_1369266899.pdf"", ""1760769225.pdf_1761217046_1018535265.pdf"", ""GeM-Bidding-8491601_(1).pdf_1761217046_1385160601.pdf""]",tender-documents
GEM/2025/B/6806643,"[""GeM-Bidding-8491610.pdf_1761638212_49276182.pdf""]",tender-documents
GEM/2025/B/6810909,"[""ATC_a4487b58-142b-44f5-99cf1761047435238_URANMM02.pdf_1761388003_1114213163.pdf"", ""1761045410.pdf_1761388003_2056814618.pdf"", ""technical_specifications_sow2440410_2025-10-21-14-30-46_cf60f33d5e8c1062ddc357f1666d98ec.pdf_1761388003_602034802.pdf"", ""GeM-Bidding-8496693_(1).pdf_1761388003_366129130.pdf""]",tender-documents
GEM/2025/B/6812413,"[""93998992.pdf_1761985657_1054901287.pdf""]",tender-documents
GEM/2025/B/6812593,"[""TC_827eadfe-75ab-4558-bdcb1761110988597_loyumba.meetei79@gov.in.pdf_1761216566_678697824.pdf"", ""GeM-Bidding-8498649_(4).pdf_1761216566_1101980736.pdf""]",tender-documents
GEM/2025/B/6812837,"[""tech_spec_2025-10-22-11-29-23_eae15f3767b04dc41bcb4b6a8a5cea86.pdf_1761982053_119152921.pdf"", ""GeM-Bidding-8498944.pdf_1761982053_1404537511.pdf""]",tender-documents
GEM/2025/B/6813830,"[""GeM-Bidding-8500065_(2).pdf_1761291963_1751371611.pdf""]",tender-documents
GEM/2025/B/6814537,"[""1761132386.pdf_1762416942_1420605828.pdf"", ""binder1_2025-10-22-16-53-35_4fee29ff01ceda73ecbc0c5c9821879f.pdf_1762416942_609134917.pdf"", ""GeM-Bidding-8500843.pdf_1762416942_1044817450.pdf""]",tender-documents
GEM/2025/B/6817034,"[""GeM-Bidding-8503670.pdf_1761637115_1743086476.pdf""]",tender-documents
GEM/2025/B/6817474,"[""93961061.pdf_1762154833_2052678683.pdf""]",tender-documents
GEM/2025/B/6818000,"[""GeM-Bidding-8504729.pdf_1761637703_1944497850.pdf""]",tender-documents
GEM/2025/B/6818035,"[""GeM-Bidding-8504772.pdf_1762154581_1442588502.pdf""]",tender-documents
GEM/2025/B/6818262,"[""GeM-Bidding-8505031.pdf_1761637395_187236508.pdf""]",tender-documents
GEM/2025/B/6819667,"[""GeM-Bidding-8506626_(1).pdf_1763544386_1988949660.pdf""]",tender-documents
GEM/2025/B/6819777,"[""NIT_08fb7d4d-fdae-4390-8b311761287941217_BUYCON90@NSL.pdf_1761552623_1188173102.pdf"", ""ts_2025-10-24-11-47-15_3435507661314395e940676450b9bd07.pdf_1761552623_1783749388.pdf"", ""GeM-Bidding-8506758_(1).pdf_1761552623_1991744487.pdf""]",tender-documents
GEM/2025/B/6819829,"[""Spbattery_12a3a73d-3ebb-4f0d-b7ef1761288261159_JALATG.pdf_1762950712_620455712.pdf"", ""GeM-Bidding-8506817_(1).pdf_1762950712_231626241.pdf""]",tender-documents
GEM/2025/B/6820259,"[""UPS2KVA_e45713ed-eb45-4f9d-b6d11761291761900_lpafstt.01.pdf_1763374590_981904504.pdf"", ""GeM-Bidding-8507314_(1).pdf_1763374590_888015495.pdf""]",tender-documents
GEM/2025/B/6821107,"[""GeM-Bidding-8508291_(1).pdf_1762154977_1176592849.pdf"", ""BATC_ea701834-e7cf-4bfb-8c991761304594186_buyercpc6.pdf_1762154977_1041649199.pdf"", ""sow_ts_gtr_2025-10-24-15-06-59_b79bc82d7eb9c05759c51bcb0ff229b4.pdf_1762154977_1426312100.pdf"", ""1761299081.xlsx_1762154977_229989081.xlsx""]",tender-documents
GEM/2025/B/6821119,"[""GeM-Bidding-8508305.pdf_1761891742_1105157295.pdf""]",tender-documents
GEM/2025/B/6821559,"[""IP_3301855b-592f-471f-a5da1761303558618_ambrish.chaubey.pdf_1763121876_755306794.pdf"", ""GeM-Bidding-8508786_(1).pdf_1763121876_426231581.pdf""]",tender-documents
GEM/2025/B/6821698,"[""tender_document_2025-10-24-16-31-30_0a68b521d7eedbe0188179afb0c3655b.pdf_1761638975_679859277.pdf"", ""1761303998.pdf_1761638975_806185224.pdf"", ""GeM-Bidding-8508948.pdf_1761638975_278086304.pdf""]",tender-documents
GEM/2025/B/6823452,"[""GeM-Bidding-8510928_(1).pdf_1761981526_663006251.pdf""]",tender-documents
GEM/2025/B/6824203,"[""tech_spec_2025-10-25-13-37-58_48ae538d1c49cf07b200a5016189ac05.pdf_1763982445_1189570827.pdf"", ""GeM-Bidding-8511809.pdf_1763982445_401104714.pdf""]",tender-documents
GEM/2025/B/6824366,"[""GeM-Bidding-8512006_(1).pdf_1763018954_831654192.pdf""]",tender-documents
GEM/2025/B/6824416,"[""GeM-Bidding-8512063.pdf_1762153331_1951743506.pdf""]",tender-documents
GEM/2025/B/6824618,"[""GeM-Bidding-8512284.pdf_1763103962_459624173.pdf""]",tender-documents
GEM/2025/B/6824661,"[""voltas-2nd_bid_2025-10-25-16-25-39_efd377499c5f4379a3c10b8a7bf10b43.pdf_1765799640_1679095842.pdf"", ""GeM-Bidding-8512334.pdf_1765799640_1848238233.pdf""]",tender-documents
GEM/2025/B/6826171,"[""GeM-Bidding-8513998.pdf_1763105223_711823881.pdf""]",tender-documents
GEM/2025/B/6826869,"[""GeM-Bidding-8514930.pdf_1761909038_1961460904.pdf""]",tender-documents
GEM/2025/B/6826907,"[""GeM-Bidding-8514976.pdf_1763105589_2102791345.pdf""]",tender-documents
GEM/2025/B/6826975,"[""GeM-Bidding-8515057.pdf_1763725207_1840148190.pdf""]",tender-documents
GEM/2025/B/6827420,"[""atc_ups_d361f174-1107-44aa-987f1761736026246_umeshkumar.dad@nic.in.docx_1763374885_991330961.docx"", ""GeM-Bidding-8515598_(1).pdf_1763374885_1750724385.pdf""]",tender-documents
GEM/2025/B/6827777,"[""GeM-Bidding-8516023_(1).pdf_1761736688_97188864.pdf""]",tender-documents
GEM/2025/B/6827864,"[""tender_2025-10-27-14-43-36_f7a7e3835dbfb027b6a0259514958150.pdf_1762327980_1902644373.pdf"", ""GeM-Bidding-8516127.pdf_1762327980_190322343.pdf""]",tender-documents
GEM/2025/B/6829559,"[""ATC873_48582af3-8a80-4595-b3531761617698456_somanna_12.pdf_1763020046_888483752.pdf"", ""ts873_2025-10-28-07-36-49_0c14fd67f299b2d15c6ed182cadda9da.pdf_1763020046_737735743.pdf"", ""GeM-Bidding-8518062.pdf_1763020046_165042488.pdf""]",tender-documents
GEM/2025/B/6830158,"[""nit71580_2025-10-28-10-56-10_2c1bef171cfb67b55f721022f03a565e.pdf_1762155751_1354828490.pdf"", ""GeM-Bidding-8518790_(1).pdf_1762155751_1624855784.pdf""]",tender-documents
GEM/2025/B/6830204,"[""GeM-Bidding-8518843.pdf_1763017977_609784801.pdf""]",tender-documents
GEM/2025/B/6830608,"[""EMD_006114af-0c05-4078-a86f1761719879207_dc-mis@nic.in.pdf_1762950579_1270332148.pdf"", ""GeM-Bidding-8519303_(1).pdf_1762950579_1769506937.pdf""]",tender-documents
GEM/2025/B/6831055,"[""spec_60344850-2bd3-4c07-9e4c1761636286664_LPOFFR@AFA.pdf_1763120599_1953058271.pdf"", ""GeM-Bidding-8519800_(1).pdf_1763120599_1458188762.pdf""]",tender-documents
GEM/2025/B/6832114,"[""GeM-Bidding-8521001.pdf_1762328266_1521345598.pdf""]",tender-documents
GEM/2025/B/6832590,"[""1621_ATC_afb14d39-52c5-47dc-94781761651005051_consignee1.hr.pdf_1764149224_1017500380.pdf"", ""GeM-Bidding-8521516_(2).pdf_1764149224_1889536257.pdf""]",tender-documents
GEM/2025/B/6833467,"[""specification_2025-10-28-20-24-04_d89b6766ff8bec6b5534adc6d1c59be2.pdf_1761907183_2023842213.pdf"", ""GeM-Bidding-8522497_(1).pdf_1761907183_648303353.pdf""]",tender-documents
GEM/2025/B/6833639,"[""GeM-Bidding-8522694_(1).pdf_1762944453_1556959527.pdf""]",tender-documents
GEM/2025/B/6833646,"[""GeM-Bidding-8522703.pdf_1762157122_2123862508.pdf""]",tender-documents
GEM/2025/B/6833732,"[""text_space_2025-10-29-08-48-30_5b98665cae4c260a564e1fe6536ed2ce.pdf_1763983836_305726411.pdf"", ""GeM-Bidding-8522801_(1).pdf_1763983836_662507610.pdf""]",tender-documents
GEM/2025/B/6834555,"[""ups_e6fa78ec-0cad-4296-92201761719071013_CITOSAC.pdf_1761907426_1995193031.pdf"", ""GeM-Bidding-8523742_(1).pdf_1761907426_309696949.pdf""]",tender-documents
GEM/2025/B/6834921,"[""atb_8f22246f-b109-4277-8bd01761819291297_srmntr.kmrl.pdf_1764144082_1877437176.pdf"", ""1761818530.pdf_1764144082_1777127613.pdf"", ""GeM-Bidding-8524151_(3).pdf_1764144082_1604378139.pdf""]",tender-documents
GEM/2025/B/6835929,"[""world-bank-stc_1704778647.pdf_1763544372_304459580.pdf"", ""1761732195.pdf_1763544372_98465876.pdf"", ""GeM-Bidding-8525325_(1).pdf_1763544372_2029966069.pdf""]",tender-documents
GEM/2025/B/6836012,"[""GeM-Bidding-8525413.pdf_1762339294_1523493852.pdf""]",tender-documents
GEM/2025/B/6836391,"[""GeM-Bidding-8525834.pdf_1762340307_1623351515.pdf""]",tender-documents
GEM/2025/B/6836554,"[""requirements_for_oem_status_against_the_category_-__2024-05-01-12-38-10_42eb1899ef2d07820095ebe48910a901_(11).pdf_1761993856_1729345841.pdf"", ""stc_-version_2-_split_air_conditioner_including_gre_2024-06-26-16-57-37_efdc88d6a009d5c093d94097cf97cbc4_(12).pdf_1761993856_1697181005.pdf"", ""GeM-Bidding-8526019.pdf_1761993856_23874969.pdf""]",tender-documents
GEM/2025/B/6838224,"[""bid_doc_1cba8451-c8fa-4cad-b2491763102040675_CC_CM_EXE2.pdf_1763206746_109032673.pdf"", ""GeM-Bidding-8527967_(1).pdf_1763206746_625757977.pdf""]",tender-documents
GEM/2025/B/6838370,"[""1761805147_(1).pdf_1763968606_1580882835.pdf"", ""specification_2025-10-29-18-23-03_d3760a6f45138072c15385d56904fcda.pdf_1763968606_458798705.pdf"", ""GeM-Bidding-8528136_(3).pdf_1763968606_113532644.pdf""]",tender-documents
GEM/2025/B/6839322,"[""SOWA_80cd0028-4644-422a-bc4b1761897957897_majumder.sayak@icmr.gov.in.pdf_1762755812_670917677.pdf"", ""1761897788.pdf_1762755812_529457082.pdf"", ""GeM-Bidding-8529213.pdf_1762755812_558243854.pdf""]",tender-documents
GEM/2025/B/6839829,"[""GeM-Bidding-8529792_(1).pdf_1763122573_1531926648.pdf""]",tender-documents
GEM/2025/B/6840622,"[""binder1_2025-10-30-15-45-22_5db51217c236858a3ad3187e97f5f851.pdf_1762337656_1759132040.pdf"", ""GeM-Bidding-8530686_(1).pdf_1762337656_1662798006.pdf""]",tender-documents
GEM/2025/B/6841082,"[""ATC_fae6be8c-cabc-4ef9-aefe1761824909359_AM3-PROC-GSPL.pdf_1762167737_490871350.pdf"", ""1761999848.pdf_1762167737_137121349.pdf"", ""1761823154.pdf_1762167737_379702328.pdf"", ""1761823134.pdf_1762167737_764903458.pdf"", ""1761823120.pdf_1762167737_1198193600.pdf"", ""1761822966.pdf_1762167737_563218635.pdf"", ""1761822944.pdf_1762167737_1862895411.pdf"", ""1761822918.pdf_1762167737_350888710.pdf"", ""1762001088.xlsx_1762167737_825043188.xlsx"", ""GeM-Bidding-8531199_(1).pdf_1762167737_2052548557.pdf""]",tender-documents
GEM/2025/B/6842506,"[""GeM-Bidding-8532843.pdf_1762335519_162946924.pdf""]",tender-documents
GEM/2025/B/6842618,"[""GeM-Bidding-8532971_(2).pdf_1763544233_1880927279.pdf""]",tender-documents
GEM/2025/B/6842781,"[""ATC_UPS_3cbb006b-bc7a-4a22-b0b91762752450701_mittalak.pdf_1762856460_35162150.pdf"", ""technical_specifications__new_building_ups_2025-10-31-11-00-52_2c17014307ec581135fbad40c3cb1ab4.pdf_1762856460_172085305.pdf"", ""GeM-Bidding-8541333_(2).pdf_1762856460_1827538430.pdf""]",tender-documents
GEM/2025/B/6843126,"[""ATC_d7cae7df-0125-4f17-80661761891877586_dio_ptg.pdf_1763623983_1074752924.pdf"", ""GeM-Bidding-8533550_(3).pdf_1763623983_436865407.pdf""]",tender-documents
GEM/2025/B/6844048,"[""1952526_f58fb5bb-0957-4436-88e21761901232497_kparveen.pdf_1763203629_1695690022.pdf"", ""GeM-Bidding-8534595_(1).pdf_1763203629_1896799974.pdf""]",tender-documents
GEM/2025/B/6844733,"[""scope_of_work_2025-10-31-15-59-14_8ebc72d89b6ed1deec86f6a21fc235d6.pdf_1762338803_1569327101.pdf"", ""GeM-Bidding-8535348_(1).pdf_1762338803_2081127177.pdf""]",tender-documents
GEM/2025/B/6844860,"[""specification_ac_2025-10-31-16-05-54_64955a96b23159295f7989a5ee5e3264.pdf_1762336722_136765762.pdf"", ""GeM-Bidding-8535495.pdf_1762336722_1256193119.pdf""]",tender-documents
GEM/2025/B/6846020,"[""ATC_fa7b92f0-34a5-436d-94b51761972533733_MIT-NSRYKAR.docx_1763625593_826926331.docx"", ""GeM-Bidding-8536870_(3).pdf_1763625593_1779560881.pdf""]",tender-documents
GEM/2025/B/6846041,"[""ATC_727766f4-156c-48ae-843a1761971124635_Krishna@smelterpur.docx_1764312742_959522986.docx"", ""custom_catalogue_2025-11-01-09-47-20_78797b7384fc6c30ab53c73ce155cfa4.pdf_1764312742_1256372744.pdf"", ""B_6846041.pdf_1764312742_564326250.pdf""]",tender-documents
GEM/2025/B/6846934,"[""3030691_2025-10-31-17-19-56_fc9a667cb78761c905d7a6355cfa5df4.pdf_1762601113_1494048768.pdf"", ""GeM-Bidding-8537956_(1).pdf_1762601113_781830287.pdf""]",tender-documents
GEM/2025/B/6847669,"[""specs_2025-11-01-15-26-36_0ff6aebccfb3d03d52375eeecd78a329.pdf_1762949998_914124077.pdf"", ""GeM-Bidding-8538810_(1).pdf_1762949998_227131264.pdf""]",tender-documents
GEM/2025/B/6848952,"[""ATC_Doc_3807d3da-7161-4221-9c6f1762092969784_AIIMSDBUYER4.pdf_1762167541_477914166.pdf"", ""GeM-Bidding-8540269_(1).pdf_1762167541_1062230027.pdf""]",tender-documents
GEM/2025/B/6849338,"[""GTC_WC_c6a053a5-2461-4ff2-ad6f1762145587815_jspanwar.pdf_1762337382_1966462846.pdf"", ""tender_document_2025-11-03-10-11-39_f1eaf7940b4d23d74be7f7a9c1d4759b.pdf_1762337382_1863979393.pdf"", ""GeM-Bidding-8540777_(1).pdf_1762337382_1403311758.pdf""]",tender-documents
GEM/2025/B/6849369,"[""0877ATC_60fc4465-e87a-43d4-9b051762146364657_hardeep@diat.docx_1762337212_786552304.docx"", ""GeM-Bidding-8540817_(1).pdf_1762337212_1247763916.pdf""]",tender-documents
GEM/2025/B/6849774,"[""Tender_02bcc7ad-a19c-40cb-8e4d1762151544240_buyer16.jvcnifh.up@gembuyer.in.pdf_1762856307_1081736878.pdf"", ""1762150696.pdf_1762856307_483324134.pdf"", ""1762150086.xlsx_1762856307_1523443842.xlsx"", ""1762150683.pdf_1762856307_1429007132.pdf"", ""1762150678.pdf_1762856307_479052705.pdf"", ""GeM-Bidding-8541333_(1).pdf_1762856307_1526263237.pdf""]",tender-documents
GEM/2025/B/6849948,"[""SOW_c6c16ece-740c-499e-a77b1762162048451_CPEDIMM.docx_1762417227_1500363140.docx"", ""1762158156.pdf_1762417227_1981620594.pdf"", ""gem_specifications_-_sitc_of_1__2__6_kva_online_ups_2025-10-30-16-10-24_9324047e01839156f6e787d5429222bb.pdf_1762417227_1882758289.pdf"", ""GeM-Bidding-8541546_(1).pdf_1762417227_1146386743.pdf""]",tender-documents
GEM/2025/B/6850783,"[""GeM-Bidding-8542508_(1).pdf_1765262156_1498004540.pdf""]",tender-documents
GEM/2025/B/6851227,"[""gem_schedule_precision_ac_2025-11-03-10-03-09_893e90213320be74954b101848e3253c.pdf_1762845672_1743361809.pdf"", ""GeM-Bidding-8543011.pdf_1762845672_667258862.pdf""]",tender-documents
GEM/2025/B/6853316,"[""XII_ad3146ac-932d-417d-98d31762232459959_aporpum.docx_1763811895_2064553357.docx"", ""GeM-Bidding-8545453_(1).pdf_1763811895_649014723.pdf""]",tender-documents
GEM/2025/B/6855086,"[""GeM-Bidding-8547472.pdf_1763037961_528140221.pdf""]",tender-documents
GEM/2025/B/6855305,"[""atc_fbb7e281-fd4c-4a49-ad681762248788143_DDE_PURCHASE_(1).pdf_1763811764_270508328.pdf"", ""specification_40_kva_ups_2025-11-04-11-47-08_766be5972998fca010eac1b22b2db50b_(1).pdf_1763811764_482073299.pdf"", ""GeM-Bidding-8547711_(4).pdf_1763811764_138755490.pdf"", ""1762248020.xlsx_1763811764_10222095.xlsx""]",tender-documents
GEM/2025/B/6855399,"[""GeM-Bidding-8547820.pdf_1762951533_1950072882.pdf""]",tender-documents
GEM/2025/B/6855416,"[""SOWC_a16f7dc5-8db9-406d-a4ce1762251300946_majumder.sayak@icmr.gov.in.pdf_1762599880_1947863789.pdf"", ""1762249889.pdf_1762599880_1167355242.pdf"", ""GeM-Bidding-8547838.pdf_1762599880_1705430517.pdf""]",tender-documents
GEM/2025/B/6855616,"[""GeM-Bidding-8548062.pdf_1763120847_1779142242.pdf""]",tender-documents
GEM/2025/B/6856994,"[""technical_specition_ac_2025-11-04-17-40-18_b5f3872022d41b6ae8027993db48cb5d.pdf_1762763155_1622242716.pdf"", ""GeM-Bidding-8549586.pdf_1762763155_870994435.pdf""]",tender-documents
GEM/2025/B/6857135,"[""GeM-Bidding-8549757.pdf_1765956557_1698365625.pdf""]",tender-documents
GEM/2025/B/6858065,"[""technical_specification_2025-11-05-12-34-11_b072de3b19b9cb439bf9a544bc8c20e5.pdf_1762416383_2013232826.pdf"", ""GeM-Bidding-8550803_(2).pdf_1762416383_1232509633.pdf""]",tender-documents
GEM/2025/B/6858483,"[""GeM-Bidding-8551262_(1).pdf_1762948944_2083984371.pdf""]",tender-documents
GEM/2025/B/6858889,"[""ATC_c27c8ca0-b7dd-4b5a-aed91762345707019_guguperme.pdf_1762857136_1531080737.pdf"", ""GeM-Bidding-8551703_(1).pdf_1762857136_475535358.pdf""]",tender-documents
GEM/2025/B/6858923,"[""ATC_6d3eda59-c758-4952-917c1762346688461_Buyerkoims.pdf_1762417451_983120725.pdf"", ""GeM-Bidding-8551738_(1).pdf_1762417451_1203670099.pdf""]",tender-documents
GEM/2025/B/6859351,"[""ATC_BAT_8fa85bab-6ba4-4f1c-89f31762404594733_buyerdelhi1.docx_1763205714_810196716.docx"", ""ts_2025-11-06-09-32-07_6027237726d89547a3923d322b8bdb5d.pdf_1763205714_1262629554.pdf"", ""1762403685.xlsx_1763205714_32920025.xlsx"", ""GeM-Bidding-8552233.pdf_1763205714_148549759.pdf""]",tender-documents
GEM/2025/B/6859709,"[""Tender_6d8739f5-758e-4339-9bde1762412001540_ANILKUMARGAILGAS.pdf_1763811026_2017688245.pdf"", ""GeM-Bidding-8552671_(4).pdf_1763811026_301579686.pdf""]",tender-documents
GEM/2025/B/6859878,"[""specification_of_outdoor_unit_of_8-5tr_pac_2025-11-04-17-32-39_ef2ded74b646a9c25977216893a40a2a.xlsx_1764067730_117623310.xlsx"", ""GeM-Bidding-8552861.pdf_1764067730_1906811312.pdf""]",tender-documents
GEM/2025/B/6860050,"[""GeM-Bidding-8553066_(1).pdf_1765352841_624894142.pdf""]",tender-documents
GEM/2025/B/6860422,"[""GeM-Bidding-8553506.pdf_1763114842_1155349234.pdf""]",tender-documents
GEM/2025/B/6860614,"[""ATC_925b3568-01a8-41a3-9b3d1764741058523_buyersamaypur5.doc_1764834355_1861229789.doc"", ""1762412606.pdf_1764834355_449145998.pdf"", ""ts_2025-11-06-12-17-01_ca2c0bf23b05d95c14c8dead46b1a4f9.pdf_1764834355_1344788705.pdf"", ""GeM-Bidding-8553726_(1).pdf_1764834355_1658656988.pdf""]",tender-documents
GEM/2025/B/6861290,"[""technical_specs_2025-11-06-14-05-27_41e243f6215a11cac5619e500e425d60.pdf_1763117448_711081577.pdf"", ""GeM-Bidding-8554510_(1).pdf_1763117448_2073185230.pdf""]",tender-documents
GEM/2025/B/6861538,"[""GeM-Bidding-8554806_(2).pdf_1764918906_2065025293.pdf""]",tender-documents
GEM/2025/B/6861793,"[""GeM-Bidding-8555108_(4).pdf_1762600949_383592320.pdf""]",tender-documents
GEM/2025/B/6861840,"[""94668823_(5).pdf_1763549593_976887610.pdf"", ""94668823.xlsx_1763549593_618319985.xlsx"", ""94668823_(4).pdf_1763549593_1820935977.pdf"", ""94668823_(2).pdf_1763549593_1712285061.pdf"", ""94668823_(3).pdf_1763549593_452059093.pdf"", ""94668823_(1).pdf_1763549593_1935885652.pdf"", ""94668823.pdf_1763549593_2092172188.pdf""]",tender-documents
GEM/2025/B/6862126,"[""BATC_8aa5c905-2847-4895-b9cf1762495065397_buyercpc6.pdf_1762949800_2058556125.pdf"", ""sow_ts_gtr_sr_vrla_battery_bank_-merged_2025-11-06-16-09-04_505462370de4a47d0b863493f16553f4.pdf_1762949800_2048262791.pdf"", ""GeM-Bidding-8555482_(1).pdf_1762949800_9142877.pdf""]",tender-documents
GEM/2025/B/6863375,"[""OM_energy_ElecAppl.pdf_1764055132_2023190459.pdf"", ""requirements_for_oem_status_against_the_category_-__2024-05-01-12-38-10_42eb1899ef2d07820095ebe48910a901.pdf_1764055132_1555012744.pdf"", ""stc_-version_2-_split_air_conditioner_including_gre_2024-06-26-16-57-37_efdc88d6a009d5c093d94097cf97cbc4.pdf_1764055132_866375846.pdf"", ""green_room_air_conditioner_specifications_-draft-_d_2024-05-01-11-50-44_6dc927f8627fd0e694ecf3e91a001743.pdf_1764055132_695561754.pdf"", ""GeM-Bidding-8556927.pdf_1764055132_2093936740.pdf""]",tender-documents
GEM/2025/B/6863381,"[""GeM-Bidding-8556935.pdf_1763727586_597722727.pdf""]",tender-documents
GEM/2025/B/6863439,"[""GeM-Bidding-8556995.pdf_1763640719_1169268642.pdf""]",tender-documents
GEM/2025/B/6863528,"[""img_20251106_113252_compressed_2025-11-06-11-53-38_224c9d8ff2e5608939615767012da49d.pdf_1763540653_435366569.pdf"", ""GeM-Bidding-8557105_(1).pdf_1763633222_1432016659.pdf""]",tender-documents
GEM/2025/B/6863587,"[""0430ATC_d029071b-7efe-402f-83af1762488302487_hardeep@diat.docx_1762853773_1678972948.docx"", ""1762487908.pdf_1762853773_2036646414.pdf"", ""GeM-Bidding-8557183_(1).pdf_1762853773_1120316993.pdf""]",tender-documents
GEM/2025/B/6863906,"[""NIT_fc8777bc-747e-4c11-91301762499524485_Ankit.Sharma.pdf_1762599634_295872145.pdf"", ""GeM-Bidding-8557548.pdf_1762599634_1450910895.pdf""]",tender-documents
GEM/2025/B/6864214,"[""GeM_ATC_85a22816-d2dc-4bda-835b1763709978062_buyer37.optcl.docx_1764848931_1227961030.docx"", ""GeM-Bidding-8557893_(1).pdf_1764848931_798808513.pdf""]",tender-documents
GEM/2025/B/6864878,"[""GeM-Bidding-8558642.pdf_1763622038_1816446791.pdf""]",tender-documents
GEM/2025/B/6866067,"[""ATC_e0c719d2-1295-4979-82d11762510031806_gem2-nicsi.pdf_1762854057_615961280.pdf"", ""GeM-Bidding-8559985_(1).pdf_1762854057_2075987074.pdf""]",tender-documents
GEM/2025/B/6866224,"[""ATC_3ec6081f-bc1c-4953-80941762510716071_spo_niser.pdf_1762601863_1430501322.pdf"", ""specification_2025-11-07-12-48-21_b89fe61b5ab9c51190306d68a9225f13_(1).pdf_1762601863_2011068965.pdf"", ""GeM-Bidding-8560162_(2).pdf_1762601863_90401831.pdf""]",tender-documents
GEM/2025/B/6866589,"[""world-bank-stc_1704778647_(1).pdf_1765180719_265599315.pdf"", ""GeM-Bidding-8560553_(1).pdf_1765180719_588806205.pdf""]",tender-documents
GEM/2025/B/6867104,"[""BuyerATC_fab6c0a7-38be-4006-acd41762516690731_CPPD5173631.docx_1762601253_404098772.docx"", ""1762516047.xlsx_1762601253_110130054.xlsx"", ""technical_specifications_2025-11-07-15-34-53_dd2b2eaea08773eefa105ef3db20386d.pdf_1762601253_1822255324.pdf"", ""GeM-Bidding-8561142_(1).pdf_1762601253_1123098696.pdf""]",tender-documents
GEM/2025/B/6867466,"[""requirements_for_oem_status_against_the_category_-__2024-05-01-12-38-10_42eb1899ef2d07820095ebe48910a901_(15).pdf_1763637418_322007027.pdf"", ""stc_-version_2-_split_air_conditioner_including_gre_2024-06-26-16-57-37_efdc88d6a009d5c093d94097cf97cbc4_(16).pdf_1763637418_471664306.pdf"", ""green_room_air_conditioner_specifications_-draft-_d_2024-05-01-11-50-44_6dc927f8627fd0e694ecf3e91a001743_(20).pdf_1763637418_1923768209.pdf"", ""GeM-Bidding-8561543.pdf_1763637418_1570095670.pdf""]",tender-documents
GEM/2025/B/6868644,"[""GeM-Bidding-8562901.pdf_1763034286_1036969017.pdf""]",tender-documents
GEM/2025/B/6869583,"[""custom_bidtechnical_specification__2025-11-08-14-32-25_f4e6fc700577ea905cf4361fb6de2518.pdf_1765009307_39857629.pdf"", ""GeM-Bidding-8563970_(2).pdf_1765009307_397358426.pdf""]",tender-documents
GEM/2025/B/6869809,"[""1762598826_(1).pdf_1762854714_1975782258.pdf"", ""ATCN_4a7b200c-65b0-493b-97aa1762604384831_buyer123.hpcl.kl.pdf_1762854714_1323481749.pdf"", ""GeM-Bidding-8564221_(1).pdf_1762854714_44162050.pdf""]",tender-documents
GEM/2025/B/6869959,"[""ATC_10907517-215f-44ce-b9311762769263893_buyerfaridabad6.docx_1763108857_1866353607.docx"", ""1762768697.pdf_1763108857_1209602842.pdf"", ""GeM-Bidding-8564389_(1).pdf_1763108857_1401496559.pdf""]",tender-documents
GEM/2025/B/6870497,"[""GeM-Bidding-8565012_(1).pdf_1762949254_294132314.pdf""]",tender-documents
GEM/2025/B/6871387,"[""CERT_b70c66db-0104-40a0-be561762749703522_RPO1_DOD_75.pdf_1764314619_1278966017.pdf"", ""GeM-Bidding-8566091_(1).pdf_1764314619_1928064900.pdf""]",tender-documents
GEM/2025/B/6871871,"[""ATC_16e62a16-9be8-4b30-be5d1762754904488_errahulks@aai.aero.pdf_1762853595_643521107.pdf"", ""tech_speccifications_for_ups_2025-11-10-11-16-56_41ac1ea7e8a9010463305e8bb25db4ff.pdf_1762853595_2092938798.pdf"", ""GeM-Bidding-8566688_(1).pdf_1762853595_843116368.pdf""]",tender-documents
GEM/2025/B/6872349,"[""material_details_2025-11-10-12-12-32_80c3e0d06c6cf0b47653ae0f7e03b924.pdf_1764064317_1900938334.pdf"", ""GeM-Bidding-8567279.pdf_1764064317_1527235645.pdf""]",tender-documents
GEM/2025/B/6872582,"[""requirements_for_oem_status_against_the_category_-__2024-05-01-12-38-10_42eb1899ef2d07820095ebe48910a901_(5).pdf_1764761337_173231829.pdf"", ""stc_-version_2-_split_air_conditioner_including_gre_2024-06-26-16-57-37_efdc88d6a009d5c093d94097cf97cbc4_(5).pdf_1764761337_261877964.pdf"", ""green_room_air_conditioner_specifications_-draft-_d_2024-05-01-11-50-44_6dc927f8627fd0e694ecf3e91a001743_(5).pdf_1764761337_846659391.pdf"", ""GeM-Bidding-8567553.pdf_1764761337_1591283080.pdf""]",tender-documents
GEM/2025/B/6873707,"[""ATC_82630802-78d6-4aa5-afa71762775479365_Seo@23brtf.pdf_1763117224_1355711020.pdf"", ""technical_specifications_2025-11-10-15-44-07_c111d8be66ad1ce561a5a1ea2852bb92.pdf_1763117224_684628389.pdf"", ""GeM-Bidding-8568864_(1).pdf_1763117224_970152471.pdf""]",tender-documents
GEM/2025/B/6873835,"[""10kva_ups_538775e3-08c2-47ee-bec71762774987021_nichq-proc-sec.pdf_1763017631_897650922.pdf"", ""GeM-Bidding-8569008_(1).pdf_1763017631_600358855.pdf""]",tender-documents
GEM/2025/B/6873968,"[""1762777273.pdf_1763376004_2132449610.pdf"", ""1762777257.pdf_1763376004_1446640007.pdf"", ""1762777251.pdf_1763376004_720970103.pdf"", ""1762777245.pdf_1763376004_1040154954.pdf"", ""1762777158.pdf_1763376004_1656023987.pdf"", ""1762777338_(1).xlsx_1763376004_778455953.xlsx"", ""1762777131.pdf_1763376004_1916237219.pdf"", ""1762777338.xlsx_1763376004_149710380.xlsx""]",tender-documents
GEM/2025/B/6873996,"[""40Ptender_3c4fc0fb-b5ea-40a6-a3b91763015594279_SENIOROFFICER4.pdf_1763122463_2084798253.pdf"", ""sow_scc_2025-11-10-15-45-10_307b08700c6463e1edb2c1086776397b.pdf_1763122463_1715293964.pdf"", ""GeM-Bidding-8569179_(1).pdf_1763122463_1031872701.pdf""]",tender-documents
GEM/2025/B/6874608,"[""GeM-Bidding-8569868.pdf_1762951097_490635585.pdf""]",tender-documents
GEM/2025/B/6875771,"[""1762835099.pdf_1762950343_832346413.pdf"", ""GeM-Bidding-8571221_(1).pdf_1762950343_2137683244.pdf""]",tender-documents
GEM/2025/B/6875801,"[""annex_53a6d907-22b3-4ad5-ae0e1762836084313_rajkumar.irss.pdf_1763200009_1676701682.pdf"", ""requirements_for_oem_status_against_the_category_-__2024-05-01-12-38-10_42eb1899ef2d07820095ebe48910a901_(12).pdf_1763200009_544419698.pdf"", ""stc_-version_2-_split_air_conditioner_including_gre_2024-06-26-16-57-37_efdc88d6a009d5c093d94097cf97cbc4_(13).pdf_1763200009_107794074.pdf"", ""1762835827.pdf_1763200009_1375745670.pdf"", ""GeM-Bidding-8571257.pdf_1763200009_1481598767.pdf""]",tender-documents
GEM/2025/B/6875809,"[""NRPMM25033_9237ac02-3efd-48dc-a78b1762836812531_NRPL_Material_User1_(1).pdf_1763121351_65410069.pdf"", ""techspec_2025-11-11-09-57-16_831880547363d68ec4c5dac21322bfa8_(1).pdf_1763121351_388331473.pdf"", ""GeM-Bidding-8571266_(3).pdf_1763121351_2090069103.pdf""]",tender-documents
GEM/2025/B/6875875,"[""PBGFormat_9ac449ee-f19c-4173-826e1762861814049_prakashgharat.pdf_1763641323_2054630572.pdf"", ""specs_-_1_2025-11-11-10-07-08_07aee476c0468807c2150b6efa89a5ce.pdf_1763641323_569183094.pdf"", ""GeM-Bidding-8571347_(1).pdf_1763641323_1163236899.pdf""]",tender-documents
GEM/2025/B/6875930,"[""ATCwithlc_db05560b-4c60-40a7-8c001762838390475_r.maheshwari.sail@nic.in.pdf_1763458105_2052302073.pdf"", ""88999900001151_split_type_rac__capacity_1-5_tr_2025-11-10-16-47-12_73897608bca94bf5927c805af9cb3bca.pdf_1763458105_1324016666.pdf"", ""GeM-Bidding-8571409.pdf_1763458105_120610644.pdf""]",tender-documents
GEM/2025/B/6875933,"[""GeM-Bidding-8571413.pdf_1763639540_1687413758.pdf""]",tender-documents
GEM/2025/B/6876042,"[""GeM-Bidding-8571543_(2).pdf_1763623657_1240347778.pdf""]",tender-documents
GEM/2025/B/6876270,"[""ATC_e78c66a4-9b0f-4dc0-94851762927883618_6078672.pdf_1763205926_1485154492.pdf"", ""4_tech_spec_with_annexures_2025-11-11-11-04-56_8acfcced1462280a224a6957551c7c40.pdf_1763205926_1424059085.pdf"", ""GeM-Bidding-8571810_(1).pdf_1763205926_1814353011.pdf""]",tender-documents
GEM/2025/B/6876571,"[""requirements_for_oem_status_against_the_category_-__2024-05-01-12-38-10_42eb1899ef2d07820095ebe48910a901_(25).pdf_1767956497_1832317179.pdf"", ""stc_-version_2-_split_air_conditioner_including_gre_2024-06-26-16-57-37_efdc88d6a009d5c093d94097cf97cbc4_(25).pdf_1767956497_574867640.pdf"", ""green_room_air_conditioner_specifications_-draft-_d_2024-05-01-11-50-44_6dc927f8627fd0e694ecf3e91a001743_(25).pdf_1767956497_614029363.pdf"", ""AC_Atc_f28fd07a-1d59-42ac-afed1766138954524_jmhidpc-osd@jharkhandmail.gov.in.pdf_1767956497_1366677938.pdf"", ""GeM-Bidding-8572142.pdf_1767956497_184435520.pdf""]",tender-documents
GEM/2025/B/6876974,"[""GeM-Bidding-8572583.pdf_1764931662_1686443144.pdf""]",tender-documents
GEM/2025/B/6877120,"[""GeM-Bidding-8572739_(1).pdf_1762949520_1634223541.pdf""]",tender-documents
GEM/2025/B/6877297,"[""tec_qr_2025-11-11-12-46-51_eb0d7804e89b4b81f12e9938391323fd.pdf_1765267030_1785401050.pdf"", ""GeM-Bidding-8572942_(2).pdf_1765267030_540742507.pdf""]",tender-documents
GEM/2025/B/6877980,"[""BATTERY_388d8260-ac3c-4481-b0581762852710147_MINIGEM@NMDC.pdf_1762948745_2075239198.pdf"", ""battery_2025-11-11-12-46-31_024dfc3c00e658aff96af042057142b2.pdf_1762948745_1052557287.pdf"", ""GeM-Bidding-8573707_(1).pdf_1762948745_1612596612.pdf""]",tender-documents
GEM/2025/B/6878151,"[""GeM-Bidding-8573912.pdf_1763103132_376938221.pdf""]",tender-documents
GEM/2025/B/6878556,"[""DNITBATT_b73aecca-db2d-493e-a2de1762857244049_umeshchandra@aai.aero.docx_1763017882_744946314.docx"", ""nit-battery_2025-11-11-14-23-41_29a4ca805be8cf9af4479fb59525fc25.pdf_1763017882_988537903.pdf"", ""GeM-Bidding-8574359.pdf_1763017882_1291265546.pdf""]",tender-documents
GEM/2025/B/6878636,"[""ATC_45631d8d-43d5-4014-af2e1762863758620_BUYERT1@THDCIL.docx_1763538538_565059570.docx"", ""GeM-Bidding-8574442_(1).pdf_1763538538_1704322381.pdf""]",tender-documents
GEM/2025/B/6879093,"[""GeM-Bidding-8574946.pdf_1764674005_1077288203.pdf""]",tender-documents
GEM/2025/B/6879158,"[""1763467002.pdf_1763726295_1443483154.pdf"", ""GeM-Bidding-8575018_(3).pdf_1763726295_1608723719.pdf""]",tender-documents
GEM/2025/B/6879566,"[""1762862939.xlsx_1763021268_498464431.xlsx"", ""GeM-Bidding-8575462.pdf_1763021268_468414705.pdf""]",tender-documents
GEM/2025/B/6879785,"[""NIT6_AC_0f6d5558-52df-4686-92791762868065467_Purchase_BLR.pdf_1763190476_1020611891.pdf"", ""nit_6_supply_and_installation_of_ac_stabilizer_wall_2025-11-11-18-04-02_70d1b27f2b7d59ec290c8270c129a529.pdf_1763190476_658798276.pdf"", ""1762865134.xlsx_1763190476_624714762.xlsx"", ""GeM-Bidding-8575707.pdf_1763190476_89518043.pdf""]",tender-documents
GEM/2025/B/6880008,"[""BATC_43b284a6-f2f6-4d58-b78d1763127119793_buyercpc5.pdf_1763205166_1073733768.pdf"", ""ts_merged_final_2025-11-11-18-55-14_4f1753dd30eb73eeddfb14ca44263b60.pdf_1763205166_1116722449.pdf"", ""GeM-Bidding-8575967.pdf_1763205166_1302600534.pdf""]",tender-documents
GEM/2025/B/6880581,"[""GeM-Bidding-8576598_(1).pdf_1763116806_995370955.pdf""]",tender-documents
GEM/2025/B/6880588,"[""ts_2025-11-12-09-39-46_b8a353b2923d175b26e96d21b7736ba6.pdf_1763116311_1202157670.pdf"", ""GeM-Bidding-8576606_(1).pdf_1763116311_880496789.pdf""]",tender-documents
GEM/2025/B/6880596,"[""IP_855b8f7a-1c91-4bd2-9b241762922996414_so@nitw.pdf_1763538724_1626689864.pdf"", ""ups_-_specification_2025-11-12-09-43-56_021636394bd60a6b934ffcbf15c1967c.pdf_1763538724_105678204.pdf"", ""GeM-Bidding-8576614_(1).pdf_1763538724_170589218.pdf""]",tender-documents
GEM/2025/B/6880907,"[""GeM-Bidding-8576955.pdf_1763204509_1736303329.pdf"", ""1762924414.pdf_1763204509_427489914.pdf"", ""1762924716.pdf_1763204509_1350668082.pdf"", ""1762924403.pdf_1763204509_1690717443.pdf"", ""1762924396.pdf_1763204509_2053596099.pdf"", ""1762924389.pdf_1763204509_111497681.pdf""]",tender-documents
GEM/2025/B/6880965,"[""ATC_BAT_a809ef7d-ad7a-4ce0-93601762924858552_buyerdelhi1_(1).docx_1764412682_251975816.docx"", ""1762925653.pdf_1764412682_1062777744.pdf"", ""layout_drawing_chittorgarh_2025-11-12-09-57-28_fb3dd8c1600bc4f326068e1ea2580209.pdf_1764412682_1771853038.pdf"", ""technical_specifications_ni_cd_battery_2025-11-12-09-57-28_56b34930f246a7f7c04855aacc6bee33.pdf_1764412682_1846277817.pdf"", ""1762924528.xlsx_1764412682_1138509398.xlsx"", ""GeM-Bidding-8577021_(1).pdf_1764412682_1408406250.pdf""]",tender-documents
GEM/2025/B/6881755,"[""1762930804.pdf_1763109052_1102107196.pdf"", ""tn_78_retender-supply_including_installation_of_ups_2025-11-11-14-24-06_63daa4a1c5c7ec103fdb3fff754dc34d.pdf_1763109052_1165534058.pdf"", ""GeM-Bidding-8577889_(2).pdf_1763109052_1889511606.pdf""]",tender-documents
GEM/2025/B/6883548,"[""BID_fd1394d0-e6de-47d0-bd941762945579188_GCSC@IMAX.pdf_1764057695_662396964.pdf"", ""1762944516.xlsx_1764057695_2005765432.xlsx"", ""specification_for_ac_2025-11-12-13-42-37_e1a67468487fbc5781b7ea120915e7cf.pdf_1764057695_66078458.pdf""]",tender-documents
GEM/2025/B/6883797,"[""GeM-Bidding-8580200_(1).pdf_1763116110_1175781471.pdf""]",tender-documents
GEM/2025/B/6883852,"[""UPSSpeci_d3ab73b0-cd56-4618-918c1762947259749_JSMODPHQ.pdf_1763108607_1203860795.pdf"", ""GeM-Bidding-8580268_(1).pdf_1763108607_1403535196.pdf""]",tender-documents
GEM/2025/B/6884377,"[""TSTE_16a9375a-7766-4dc8-a1cb1762951445615_PAOPurchase.pdf_1763118220_1735380377.pdf"", ""document-for-cms_2022-07-05-17-50-30_c3b90df06e58a7_2023-05-03-10-56-37_49a2c1176c5b2458563a0644b1fa7293_(7).pdf_1763118220_971774031.pdf"", ""GeM-Bidding-8580862.pdf_1763118220_2098251850.pdf""]",tender-documents
GEM/2025/B/6885378,"[""ATC_6fbef514-45ff-4c15-adfd1763010676955_rekhacdac.pdf_1763537824_1401256705.pdf"", ""GeM-Bidding-8582046_(2).pdf_1763537824_1264171998.pdf""]",tender-documents
GEM/2025/B/6886304,"[""ACSPEC_f31ed37a-9ec2-4c80-99d31763015631571_BPSPA_BUYER_(1).pdf_1763202334_1891797262.pdf"", ""requirements_for_oem_status_against_the_category_-__2024-05-01-12-38-10_42eb1899ef2d07820095ebe48910a901_(13).pdf_1763202334_1677456656.pdf"", ""stc_-version_2-_split_air_conditioner_including_gre_2024-06-26-16-57-37_efdc88d6a009d5c093d94097cf97cbc4_(14).pdf_1763202334_780129002.pdf"", ""GeM-Bidding-8583069.pdf_1763202334_1798961738.pdf""]",tender-documents
GEM/2025/B/6886404,"[""GeM-Bidding-8583177_(1).pdf_1763539281_1458287164.pdf""]",tender-documents
GEM/2025/B/6886852,"[""ATCB_0afe8d6d-4ddd-4d69-92cd1763026162564_ddnprasad@AAI.AERO.pdf_1763537942_789492500.pdf"", ""GeM-Bidding-8583676_(1).pdf_1763537942_1984970438.pdf""]",tender-documents
GEM/2025/B/6887044,"[""9320M25A22_6da50e5e-15ec-45a4-9dd51764759806889_buyer1.iocl.bbs.pdf_1764836785_1836215091.pdf"", ""GeM-Bidding-8583893_(1).pdf_1764836785_782502296.pdf""]",tender-documents
GEM/2025/B/6887289,"[""GeM-Bidding-8584178_(1).pdf_1763122235_1805022875.pdf""]",tender-documents
GEM/2025/B/6887508,"[""1763111851.pdf_1765009212_80797445.pdf"", ""1763111783.pdf_1765009212_2027279071.pdf"", ""GeM-Bidding-8584426_(1).pdf_1765009212_1168207311.pdf""]",tender-documents
GEM/2025/B/6889911,"[""ATC_7df0a0e4-3520-4b36-9c1a1764928646897_buyer@16cosr.docx_1765008166_583593581.docx"", ""pms_qr_compressed_2025-11-13-21-03-23_d5c05ab78c80adfd4e77b32735ac98b2.pdf_1765008166_1232688700.pdf"", ""GeM-Bidding-8587127_(1).pdf_1765008166_1728353714.pdf""]",tender-documents
GEM/2025/B/6890032,"[""GeM-Bidding-8587259.pdf_1763115444_340550657.pdf""]",tender-documents
GEM/2025/B/6890330,"[""final_spec_2025-11-13-15-51-44_5f63ecf6645bbb763ee0a43232ebf8c3.pdf_1764054806_852535462.pdf"", ""NIT_af0d8185-a3b8-4325-81b21763095160700_buyer81thal.docx_1764054806_2018340417.docx"", ""IP_aca2c605-471a-4857-bd601763095057301_buyer81thal.pdf_1764054806_1112614549.pdf"", ""GeM-Bidding-8587621.pdf_1764054806_1801819588.pdf""]",tender-documents
GEM/2025/B/6890560,"[""TandC_33cb3f2a-3253-4e8c-acd31763097534935_sashawat@22dou.pdf_1764143848_631116318.pdf"", ""specs_2025-11-14-10-31-56_363e8f466f82ef5876f7d608376fecfa.pdf_1764143848_1976053170.pdf"", ""GeM-Bidding-8587888_(2).pdf_1764143848_485912462.pdf""]",tender-documents
GEM/2025/B/6890781,"[""GeM-Bidding-8588137.pdf_1763980683_855475445.pdf""]",tender-documents
GEM/2025/B/6891780,"[""technical_catalogue_360v_battery_bank_2025-11-12-18-16-18_1753f12cfb6c21139d816596a9153e91.pdf_1763373829_1555697787.pdf"", ""1763104979.pdf_1763373829_510156739.pdf"", ""GeM-Bidding-8589252_(1).pdf_1763373829_2038285297.pdf""]",tender-documents
GEM/2025/B/6892642,"[""BUYERATC_e8202fbf-4526-4241-91f01763376599568_buyer22.ongc.delhi.docx_1763537119_970609129.docx"", ""1763369376.pdf_1763537119_1110733106.pdf"", ""1763368643.pdf_1763537119_535511695.pdf"", ""1763113876.pdf_1763537119_618203921.pdf"", ""GeM-Bidding-8590226_(2).pdf_1763537119_771094965.pdf""]",tender-documents
GEM/2025/B/6893295,"[""PREIP_50f24caf-5692-40e9-aad21763118163563_mohit.sjvn.pdf_1765278801_240322426.pdf"", ""ATC_f238f25d-150f-44b2-b6b41763118130971_mohit.sjvn.pdf_1765278801_1071343419.pdf"", ""ts_quality_2025-11-14-12-32-41_5e0d8d1d87a71758afd981fd47a6c635.pdf_1765278801_1553397614.pdf"", ""1763117736.xlsx_1765278801_43538308.xlsx"", ""GeM-Bidding-8590944_(2).pdf_1765278801_516445741.pdf""]",tender-documents
GEM/2025/B/6893425,"[""technical_specification_of_chiller_new_2025-11-14-15-07-43_738800ca6342f1dc212127dec75df971.pdf_1763980296_927732318.pdf"", ""GeM-Bidding-8591087.pdf_1763980296_497135682.pdf""]",tender-documents
GEM/2025/B/6893431,"[""UPS5ATC_01c70558-5b66-4696-b8131763117820254_ZODAGE@1234_(1).pdf_1763374756_1819942389.pdf"", ""GeM-Bidding-8591093_(1).pdf_1763374756_597998119.pdf""]",tender-documents
GEM/2025/B/6893930,"[""ATC_0bf74eac-7ee9-4b10-ae611763122517743_munpl119@gembuyer.in.pdf_1764762074_510257303.pdf"", ""tech_s_2025-11-14-11-45-47_0c12c22b3a0c2cdc1a0b277a0ef4e35a.pdf_1764762074_692142164.pdf"", ""GeM-Bidding-8591674.pdf_1764762074_1598947177.pdf""]",tender-documents
GEM/2025/B/6894909,"[""specification_document_2025-11-15-09-41-54_d3cbb6862a28d3b74481906daa6513cc.pdf_1765362996_2047163994.pdf"", ""GeM-Bidding-8592769_(2).pdf_1765362996_2063429648.pdf""]",tender-documents
GEM/2025/B/6896322,"[""1_aad56933-cfe9-4372-86fb1763196149130_campoffice@123.pdf_1763453846_170791199.pdf"", ""1763195259.pdf_1763453846_2010013381.pdf"", ""GeM-Bidding-8594391.pdf_1763453846_1038449310.pdf""]",tender-documents
GEM/2025/B/6896562,"[""technical_specification_2025-11-15-14-47-02_bd6897199f657081ca3b9edceedf9045.pdf_1764764602_367169463.pdf"", ""GeM-Bidding-8594679.pdf_1764764602_568375554.pdf""]",tender-documents
GEM/2025/B/6897106,"[""1763207615.pdf_1763537396_39276331.pdf"", ""1763207604.pdf_1763537396_430000239.pdf"", ""1763207593.pdf_1763537396_1717354020.pdf"", ""1763207508.pdf_1763537396_2081891502.pdf"", ""1763207502.pdf_1763537396_1847183432.pdf"", ""1763207483.pdf_1763537396_354540731.pdf"", ""GeM-Bidding-8595284_(1).pdf_1763537396_1707225889.pdf""]",tender-documents
GEM/2025/B/6898574,"[""BUYERATC_ef514665-a32c-4ee2-a2671763359330155_buycon1.igr.gj.docx_1765353465_1522339368.docx"", ""final_catalog-9030m25f12_2025-11-17-11-01-57_bbd6bfc3827f617debd35dfd3a1df20f.pdf_1765353465_979951706.pdf"", ""GeM-Bidding-8597022_(1).pdf_1765353465_259773284.pdf""]",tender-documents
GEM/2025/B/6899206,"[""GeM-Bidding-8597770_(1).pdf_1764315466_1303976907.pdf""]",tender-documents
GEM/2025/B/6899701,"[""GeM-Bidding-8598359_(1).pdf_1763811539_566283779.pdf""]",tender-documents
GEM/2025/B/6900616,"[""sow_scc_sos_sor_2025-11-17-16-07-44_ffda7ef0b5af3bf4e81d2b5888bfe1cc.pdf_1764668410_990872052.pdf"", ""1764657217.xlsx_1764668410_950521441.xlsx"", ""1763378810.pdf_1764668410_791060745.pdf"", ""GeM-Bidding-8599412.pdf_1764668410_337545820.pdf""]",tender-documents
GEM/2025/B/6900636,"[""ATC_e950e6d3-6b90-435e-b6361763443730111_ELECTRICAL_ADAMPUR.pdf_1764936409_2071913109.pdf"", ""1763442204.pdf_1764936409_236579186.pdf"", ""1763442169.pdf_1764936409_1530865989.pdf"", ""1763442054.xlsx_1764936409_700092829.xlsx"", ""GeM-Bidding-8599435.pdf_1764936409_643193219.pdf""]",tender-documents
GEM/2025/B/6900775,"[""ATCforAC_7a1f044e-99a0-421b-8f831763735438777_rshrikant18@gmail.com.docx_1764656601_351181263.docx"", ""requirements_for_oem_status_against_the_category_-__2024-05-01-12-38-10_42eb1899ef2d07820095ebe48910a901_(4).pdf_1764656601_1684618856.pdf"", ""stc_-version_2-_split_air_conditioner_including_gre_2024-06-26-16-57-37_efdc88d6a009d5c093d94097cf97cbc4_(4).pdf_1764656601_551043675.pdf"", ""green_room_air_conditioner_specifications_-draft-_d_2024-05-01-11-50-44_6dc927f8627fd0e694ecf3e91a001743_(4).pdf_1764656601_2123756456.pdf"", ""GeM-Bidding-8599595_(1).pdf_1764656601_1700249914.pdf""]",tender-documents
GEM/2025/B/6901566,"[""SPEC35_cb216801-fa06-471d-9c6d1763391210998_lpc14comc.pdf_1763641523_273062384.pdf"", ""GeM-Bidding-8600551_(2).pdf_1763641523_720381429.pdf""]",tender-documents
GEM/2025/B/6901858,"[""gentc_gem_2025-11-17-14-46-31_7b8b8c8034b608d0eb70482aa63e9e58.pdf_1763544505_2072605900.pdf"", ""GeM-Bidding-8600894_(1).pdf_1763544505_1294234870.pdf""]",tender-documents
GEM/2025/B/6902559,"[""GeM-Bidding-8601724.pdf_1764592279_1572643.pdf""]",tender-documents
GEM/2025/B/6902835,"[""1763623327.pdf_1763726778_2050439055.pdf"", ""1763623312.pdf_1763726778_207821823.pdf"", ""specifications_2025-11-18-11-08-40_db95889904b81846cd27fe240e6878a4.pdf_1763726778_1066186409.pdf"", ""GeM-Bidding-8602029_(2).pdf_1763726778_1937710843.pdf""]",tender-documents
GEM/2025/B/6903424,"[""GeM-Bidding-8602697_(3).pdf_1764145625_105362247.pdf""]",tender-documents
GEM/2025/B/6903460,"[""GeM-Bidding-8602740.pdf_1764588690_1011060521.pdf""]",tender-documents
GEM/2025/B/6905459,"[""ATC_16706551-2bce-4426-b4ed1763634935858_aigtelecom-phq.cg@gov.in.pdf_1763718940_604463754.pdf"", ""PACT_1352d5db-7117-4601-ac9d1763634971491_aigtelecom-phq.cg@gov.in.pdf_1763718940_2064007845.pdf"", ""GeM-Bidding-8604950_(2).pdf_1763718940_1480747216.pdf""]",tender-documents
GEM/2025/B/6905727,"[""GeM-Bidding-8605235_(1).pdf_1764830584_907490059.pdf"", ""specification_of_split_ac___exhaust_2025-11-18-16-49-38_6fa7ab04919d4c783cb6e7d26b5736d2.pdf_1764830584_1033438155.pdf""]",tender-documents
GEM/2025/B/6906357,"[""miidecnew_01987243-99d8-4079-877e1763523368350_BUYER@PROJECTS.pdf_1763639839_1431656665.pdf"", ""1763523004.pdf_1763639839_157107404.pdf"", ""GeM-Bidding-8605937_(2).pdf_1763639839_3786595.pdf""]",tender-documents
GEM/2025/B/6907233,"[""PAC_XI_294ab31a-a94a-48de-90091763532498981_purcap5@nfc.gov.in.pdf_1765361336_1081202002.pdf"", ""tech_specs_2025-11-19-10-03-08_44491cbc23a3874f700dc5077c3f6da9.pdf_1765361336_811524893.pdf"", ""GeM-Bidding-8606909_(1).pdf_1765361336_873333398.pdf""]",tender-documents
GEM/2025/B/6908009,"[""GeM-Bidding-8607755.pdf_1763976225_482568263.pdf""]",tender-documents
GEM/2025/B/6908990,"[""Tender_Bat_4c744ca4-d5e9-4bd2-a4031763541274034_SENIOR_MANAGER_EE_UDAIPUR.pdf_1763641085_1987199719.pdf"", ""1763538247.xlsx_1763641085_2036450662.xlsx"", ""GeM-Bidding-8608827_(2).pdf_1763641085_1591119523.pdf""]",tender-documents
GEM/2025/B/6909293,"[""ATC_14140a76-cd2b-40af-97401763617074076_komalahuja.docx_1763720603_1972751489.docx"", ""GeM-Bidding-8609165_(1).pdf_1763720603_1146493230.pdf""]",tender-documents
GEM/2025/B/6909469,"[""GeM-Bidding-8609359_(1).pdf_1767163530_1811986966.pdf""]",tender-documents
GEM/2025/B/6909805,"[""requirements_for_oem_status_against_the_category_-__2024-05-01-12-38-10_42eb1899ef2d07820095ebe48910a901_(1).pdf_1764065825_1935635958.pdf"", ""stc_-version_2-_split_air_conditioner_including_gre_2024-06-26-16-57-37_efdc88d6a009d5c093d94097cf97cbc4_(1).pdf_1764065825_1484549021.pdf"", ""green_room_air_conditioner_specifications_-draft-_d_2024-05-01-11-50-44_6dc927f8627fd0e694ecf3e91a001743_(1).pdf_1764065825_1477040420.pdf"", ""GeM-Bidding-8609740.pdf_1764065825_552018952.pdf""]",tender-documents
GEM/2025/B/6910309,"[""specs_7697ea62-f8a5-4a2a-9a231763551340664_rksair.pdf_1764673610_1749404314.pdf"", ""1763549783.pdf_1764673610_178986843.pdf"", ""GeM-Bidding-8610294.pdf_1764673610_15539456.pdf""]",tender-documents
GEM/2025/B/6910640,"[""GeM-Bidding-8610648.pdf_1763638603_169524162.pdf""]",tender-documents
GEM/2025/B/6910922,"[""GeM-Bidding-8610966_(1).pdf_1763985030_190366165.pdf""]",tender-documents
GEM/2025/B/6911518,"[""Spec_ATC_80dda4b3-5fb1-4a24-9b301763562611324_con36.iiiti.rj@gembuyer.in.pdf_1763640962_1257110652.pdf"", ""1763560852.pdf_1763640962_1786574344.pdf"", ""GeM-Bidding-8611650_(1).pdf_1763640962_939345017.pdf""]",tender-documents
GEM/2025/B/6911874,"[""GeM-Bidding-8612034_(2).pdf_1763727971_1036558308.pdf"", ""LandBorder_ba0e21a6-fd8c-441d-ae9c1763611346662_RAJESH_WARKE.pdf_1763727971_590148635.pdf"", ""tender_bid_1765_2025-11-20-09-18-21_da2d7b5a390259579aa34377de0e3504.pdf_1763727971_391297601.pdf""]",tender-documents
GEM/2025/B/6912155,"[""94912586.pdf_1764065522_1554618196.pdf"", ""eqc_2dc38229-6989-44b7-90991763617373495_sirsendu@bose.res.in_(1).pdf_1764065522_383934499.pdf""]",tender-documents
GEM/2025/B/6912249,"[""GeM-Bidding-8612435.pdf_1763969672_101935136.pdf""]",tender-documents
GEM/2025/B/6912510,"[""GeM-Bidding-8612722.pdf_1763969509_1651150433.pdf""]",tender-documents
GEM/2025/B/6912609,"[""232_a825e699-31f5-4d27-af291764230087117_Sanvariyas@iiti.pdf_1764314844_1136919961.pdf"", ""GeM-Bidding-8612830_(1).pdf_1764314844_74073386.pdf""]",tender-documents
GEM/2025/B/6912920,"[""requirements_for_oem_status_against_the_category_-__2024-05-01-12-38-10_42eb1899ef2d07820095ebe48910a901_(21).pdf_1767350725_1324566404.pdf"", ""stc_-version_2-_split_air_conditioner_including_gre_2024-06-26-16-57-37_efdc88d6a009d5c093d94097cf97cbc4_(21).pdf_1767350725_1575223227.pdf"", ""green_room_air_conditioner_specifications_-draft-_d_2024-05-01-11-50-44_6dc927f8627fd0e694ecf3e91a001743_(21).pdf_1767350725_772625821.pdf"", ""GeM-Bidding-8613162.pdf_1767350725_1476841473.pdf""]",tender-documents
GEM/2025/B/6913802,"[""GeM-Bidding-8614149_(4).pdf_1764148941_15342886.pdf"", ""1763979845.pdf_1764148941_1517730209.pdf""]",tender-documents
GEM/2025/B/6914839,"[""UPS_52fdb934-0509-4bc2-ad281763644526307_trtctraining.pdf_1763986427_1853968821.pdf"", ""ups_2025-11-20-18-22-25_53b4aabd0ad7fc033a12ba3c9473de3c.pdf_1763986427_1892295546.pdf"", ""GeM-Bidding-8615325_(1).pdf_1763986427_1397494915.pdf""]",tender-documents
GEM/2025/B/6915493,"[""BSATC_96102613-5690-41c7-95f01763698131753_cpurchase.pdf_1764577205_711668161.pdf"", ""supply_2025-11-19-16-38-29_b4c408e296f6b9bfb2075e6335385440.pdf_1764577205_1978531814.pdf"", ""GeM-Bidding-8616128_(1).pdf_1764577205_1557607968.pdf""]",tender-documents
GEM/2025/B/6915736,"[""UPS.pdf_1765965973_10252574.pdf"", ""tecups_9a12682f-d7d9-424b-98cb1763701122512_ACPRONS01.pdf_1765965973_581790476.pdf"", ""ups_spec_2025-11-12-10-38-48_390ee4db960892f8042c431269b5f44f.pdf_1765965973_1418477282.pdf"", ""GeM-Bidding-8616447_(1).pdf_1765965973_1369397045.pdf""]",tender-documents
GEM/2025/B/6916574,"[""GeM-Bidding-8617421.pdf_1764325973_863739926.pdf""]",tender-documents
GEM/2025/B/6916925,"[""techspec_4c36264d-d58b-4e64-a77d1763708783299_BUY@CC.pdf_1763810775_1761557960.pdf"", ""GeM-Bidding-8617818_(1).pdf_1763810775_295273781.pdf""]",tender-documents
GEM/2025/B/6917687,"[""15_kva_ups_2025-11-21-13-30-38_3577c33d5b43ac9d0796a79dda583ec8.pdf_1763811422_660499640.pdf"", ""GeM-Bidding-8618689_(1).pdf_1763811422_2109975682.pdf""]",tender-documents
GEM/2025/B/6918249,"[""ac_2025-11-21-14-23-18_173614469db9b7a8de30274152b00063.pdf_1764246147_1548018693.pdf"", ""GeM-Bidding-8619338.pdf_1764246147_129997781.pdf""]",tender-documents
GEM/2025/B/6918748,"[""1763976718.pdf_1765534539_1301868542.pdf"", ""1763976562.pdf_1765534539_570755725.pdf"", ""1763722721.pdf_1765534539_629161297.pdf"", ""1763722500.pdf_1765534539_1672717404.pdf"", ""1763721700.pdf_1765534539_2828864.pdf"", ""1763721674.pdf_1765534539_1915594376.pdf"", ""1763721564.xlsx_1765534539_1913824444.xlsx"", ""GeM-Bidding-8619860.pdf_1765534539_528217465.pdf""]",tender-documents
GEM/2025/B/6918919,"[""GeM-Bidding-8620041_(1).pdf_1763978280_266220721.pdf""]",tender-documents
GEM/2025/B/6924133,"[""GeM-Bidding-8626080.pdf_1764657916_1896280193.pdf""]",tender-documents
GEM/2025/B/6924209,"[""NIQ_38c71b8a-1a47-4886-a5b31763964319042_mmkhanikar.pdf_1764149437_286670034.pdf"", ""technical_specifications_25-1229_2025-11-24-11-01-52_8bfd28deda055685c26a23cd375226dd.pdf_1764149437_29514891.pdf"", ""GeM-Bidding-8626169_(1).pdf_1764149437_29431313.pdf""]",tender-documents
GEM/2025/B/6924331,"[""GeM-Bidding-8626318.pdf_1764934838_445623541.pdf""]",tender-documents
GEM/2025/B/6924337,"[""48187_ATC_05b0da3d-b15d-4585-8fa51763967736126_srcro.docx_1764247016_105183050.docx"", ""12_42ah_upsbattery_1070_2025-11-24-11-18-03_510232305944b37dc5fc1cabd7ee0cdd_(3).xlsx_1764247016_1547629306.xlsx"", ""GeM-Bidding-8626324_(1).pdf_1764247016_24911631.pdf""]",tender-documents
GEM/2025/B/6924433,"[""ATCLGVRV_072dbfe7-9e9c-48f1-ad4e1763971214949_chjyoti@aai.aero.pdf_1765535662_2128186045.pdf"", ""1763971014.pdf_1765535662_466214589.pdf"", ""1763970946.xlsx_1765535662_845250545.xlsx""]",tender-documents
GEM/2025/B/6924659,"[""GeM-Bidding-8626707_(5).pdf_1765964913_1491652242.pdf""]",tender-documents
GEM/2025/B/6924698,"[""1764147530.pdf_1764241476_237002988.pdf"", ""1764148516.pdf_1764241476_1974662958.pdf"", ""1763967971.pdf_1764241476_1101725393.pdf"", ""1763967911.pdf_1764241476_904386289.pdf"", ""1763967844.pdf_1764241476_1285239683.pdf"", ""1763967820.pdf_1764241476_753110159.pdf"", ""1763967797.pdf_1764241476_1044271208.pdf"", ""1763968169.xlsx_1764241476_991681448.xlsx"", ""ts_2025-11-24-11-20-27_e52bad0ec24e23a3c1e1263f00f3dc60.pdf_1764241476_460059718.pdf"", ""GeM-Bidding-8626752.pdf_1764241476_1292922202.pdf""]",tender-documents
GEM/2025/B/6925944,"[""HVAC_68e53ee5-a54b-41de-b7cd1766549939302_ESICMCPMD.pdf_1767788338_1709162976.pdf"", ""HVACTD_4613b3e8-be0e-4fc9-ac021763978352086_ESICMCPMD.pdf_1767788338_1310482350.pdf"", ""1766548738.pdf_1767788338_2005057866.pdf"", ""1763977707.xlsx_1767788338_912611302.xlsx"", ""GeM-Bidding-8628206.pdf_1767788338_1629641374.pdf""]",tender-documents
GEM/2025/B/6927132,"[""annex_xi_5e196443-e02b-49fb-b9021763986616673_apo1hrpu.docx_1767005600_1596080845.docx"", ""spec-1930_2025-11-24-16-33-05_5b41da96b4e9269632c1e42fecd416c1.pdf_1767005600_854115937.pdf"", ""GeM-Bidding-8629600_(1).pdf_1767005600_124816117.pdf""]",tender-documents
GEM/2025/B/6927542,"[""boq_-_ac_work_at_rbo7_-_khalilabad_2025-11-24-19-49-31_04c5b60dcf9778f97d1c6876ff1401c8.pdf_1764750413_827436847.pdf"", ""GeM-Bidding-8630077.pdf_1764750413_1565190503.pdf""]",tender-documents
GEM/2025/B/6927888,"[""GeM-Bidding-8630491_(1).pdf_1765529561_851650838.pdf""]",tender-documents
GEM/2025/B/6928147,"[""Spec_61bbc64e-d3ac-4d88-b6891764136254693_krishnafact.pdf_1764247473_496623721.pdf"", ""rfq_2025-11-24-15-44-40_32baffb5182500734a719f2602424b02.pdf_1764247473_623540265.pdf"", ""GeM-Bidding-8630805_(2).pdf_1764247473_332119857.pdf""]",tender-documents
GEM/2025/B/6929122,"[""SPECIFI_61ea78ef-6211-4ff9-838b1766059333640_jagirsingh81@gmail.com.pdf_1766138769_358817104.pdf"", ""GeM-Bidding-8631904_(1).pdf_1766138769_766693150.pdf""]",tender-documents
GEM/2025/B/6929826,"[""GeM-Bidding-8632690.pdf_1764326853_754895775.pdf""]",tender-documents
GEM/2025/B/6931275,"[""UPSTENDEr_723c961e-7f25-4aac-90e21764078853392_sbi11336.buy_con1.pdf_1764575338_1780077159.pdf"", ""1764078001.pdf_1764575338_98254542.pdf"", ""GeM-Bidding-8634279_(3).pdf_1764575338_186780962.pdf""]",tender-documents
GEM/2025/B/6931641,"[""GeM-Bidding-8634674.pdf_1764658154_1979105672.pdf""]",tender-documents
GEM/2025/B/6932804,"[""ATC_ca53a608-e598-432c-964e1764147105193_6078672.pdf_1764930768_513590079.pdf"", ""technical_enquiry_specification_2025-11-26-10-08-42_a1de64e58b425d043749f853bb4196e2.pdf_1764930768_614491607.pdf"", ""GeM-Bidding-8635978.pdf_1764930768_1030592969.pdf""]",tender-documents
GEM/2025/B/6933396,"[""requirements_for_oem_status_against_the_category_-__2024-05-01-12-38-10_42eb1899ef2d07820095ebe48910a901_(6).pdf_1764762791_2023743713.pdf"", ""stc_-version_2-_split_air_conditioner_including_gre_2024-06-26-16-57-37_efdc88d6a009d5c093d94097cf97cbc4_(6).pdf_1764762791_6056542.pdf"", ""green_room_air_conditioner_specifications_-draft-_d_2024-05-01-11-50-44_6dc927f8627fd0e694ecf3e91a001743_(6).pdf_1764762791_809858558.pdf"", ""GeM-Bidding-8636651.pdf_1764762791_989835863.pdf""]",tender-documents
GEM/2025/B/6934360,"[""requirements_for_oem_status_against_the_category_-__2024-05-01-12-38-10_42eb1899ef2d07820095ebe48910a901_(3).pdf_1764582670_1998197614.pdf"", ""stc_-version_2-_split_air_conditioner_including_gre_2024-06-26-16-57-37_efdc88d6a009d5c093d94097cf97cbc4_(3).pdf_1764582670_1164793085.pdf"", ""green_room_air_conditioner_specifications_-draft-_d_2024-05-01-11-50-44_6dc927f8627fd0e694ecf3e91a001743_(3).pdf_1764582670_1629465735.pdf"", ""GeM-Bidding-8637767.pdf_1764582670_923036337.pdf""]",tender-documents
GEM/2025/B/6934452,"[""ATCDOC_350b18ed-9f3d-4d9d-b7bb1764145879512_buyer77.sail.or.doc_1764247894_311992158.doc"", ""specification_2025-11-26-12-56-44_15c91ca84d8fa7db17748a80e0eec678.pdf_1764247894_184953830.pdf"", ""GeM-Bidding-8637873_(1).pdf_1764247894_581332998.pdf""]",tender-documents
GEM/2025/B/6934493,"[""TENDOC_9f6f26e1-2d05-4510-93151764152967161_engg-e-wr-3.pdf_1766139188_80835623.pdf"", ""1764152566.pdf_1766139188_1700320833.pdf"", ""1764152529.pdf_1766139188_1341008293.pdf"", ""1764149861.pdf_1766139188_1740969400.pdf"", ""1764149855.pdf_1766139188_1045255.pdf"", ""1764149845.pdf_1766139188_1456285425.pdf"", ""1764149840.pdf_1766139188_2113687952.pdf"", ""1764149775.xlsx_1766139188_1080129497.xlsx"", ""GeM-Bidding-8637918.pdf_1766139188_1369854038.pdf""]",tender-documents
GEM/2025/B/6934681,"[""1764148603.pdf_1764247718_337023901.pdf"", ""GeM-Bidding-8638139_(1).pdf_1764247718_1447993425.pdf""]",tender-documents
GEM/2025/B/6934956,"[""GeM-Bidding-8638448.pdf_1765607207_1186349168.pdf""]",tender-documents
GEM/2025/B/6935172,"[""UPS_20f74db8-cc5d-48fa-bc2b1764152785511_Aadityahooda.pdf_1764247611_777631460.pdf"", ""GeM-Bidding-8638689_(2).pdf_1764247611_1999626156.pdf""]",tender-documents
GEM/2025/B/6935425,"[""ATC_e98d77c9-fe6e-4292-84ad1764154169855_VAKP_CNS_AS.doc_1764315329_431478870.doc"", ""tech_spec__2025-11-26-16-12-30_bc1c67eb1001ea0f99a8d6d94ecbdc3f.pdf_1764315329_744565143.pdf"", ""GeM-Bidding-8638973_(1).pdf_1764315329_1425987969.pdf""]",tender-documents
GEM/2025/B/6935859,"[""te_specn_ac_plant_-u-10_2025-11-26-16-09-08_f84d2e47c1e2ff9216b6b99c6ca797c7.pdf_1764593567_1775944375.pdf"", ""GeM-Bidding-8639460_(1).pdf_1764593567_1352722250.pdf""]",tender-documents
GEM/2025/B/6936029,"[""TC_7cc8b0b4-c5f3-430d-ab361765861443062_CNSSTOREAGM.pdf_1765959019_799749585.pdf"", ""GeM-Bidding-8639648_(1).pdf_1765959019_1851782299.pdf""]",tender-documents
GEM/2025/B/6937900,"[""spec_2025-11-27-11-39-59_e29d979450d0b37f69a558de2fe864e4.pdf_1765272601_1085995241.pdf"", ""GeM-Bidding-8641827.pdf_1765272601_1971554243.pdf""]",tender-documents
GEM/2025/B/6938874,"[""ATC_b7f65b8a-885d-4b13-a8ca1764230357158_ee_pd2_btps_obra.pdf_1765005240_866468093.pdf"", ""atc_2025-11-27-11-58-20_d8c3eba2bf0255bdd7d44baea45155df.pdf_1765005240_980719757.pdf"", ""GeM-Bidding-8642911_(1).pdf_1765005240_1950714054.pdf""]",tender-documents
GEM/2025/B/6939233,"[""custom_bidtechnical_specification__2025-11-27-12-47-38_7113390a48a8fbf0021000d41006c85d.pdf_1764849002_1433366693.pdf"", ""GeM-Bidding-8643319.pdf_1764849002_1436248135.pdf""]",tender-documents
GEM/2025/B/6939385,"[""AC_08813a71-2182-40cf-93ac1764302908302_buyer26.belb.up.pdf_1764935191_1830572293.pdf"", ""ac_2025-11-27-14-39-45_c2e9e60e509eece8f6273fed3c06a351.pdf_1764935191_848770509.pdf"", ""GeM-Bidding-8643486.pdf_1764935191_144139340.pdf""]",tender-documents
GEM/2025/B/6939835,"[""1764239108.pdf_1764669741_675803847.pdf"", ""annexure-3__ac_specification_document_2025-11-27-15-33-03_6dae57043cb281b51afdfeecaf5054ac.pdf_1764669741_121610201.pdf"", ""GeM-Bidding-8643985.pdf_1764669741_396447490.pdf""]",tender-documents
GEM/2025/B/6940204,"[""ATCDOC_08c4c3dc-10f3-4235-94731764243073727_niteshgpf.pdf_1764314054_1528348097.pdf"", ""GeM-Bidding-8644378_(1).pdf_1764314054_105045066.pdf""]",tender-documents
GEM/2025/B/6942567,"[""ups_250_kva-1_2025-11-27-15-42-08_614bb84c02bde49af6ed75e42f4c6e63.pdf_1766563952_1345652602.pdf"", ""GeM-Bidding-8647091_(2).pdf_1766563952_1906423030.pdf""]",tender-documents
GEM/2025/B/6942993,"[""PARAMETER_da111b88-72c0-4448-9fa51765351413003_sdmmald.pdf_1766482653_611848217.pdf"", ""requirements_for_oem_status_against_the_category_-__2024-05-01-12-38-10_42eb1899ef2d07820095ebe48910a901_(16).pdf_1766482654_577731304.pdf"", ""stc_-version_2-_split_air_conditioner_including_gre_2024-06-26-16-57-37_efdc88d6a009d5c093d94097cf97cbc4_(15).pdf_1766482654_1328020491.pdf"", ""green_room_air_conditioner_specifications_-draft-_d_2024-05-01-11-50-44_6dc927f8627fd0e694ecf3e91a001743_(15).pdf_1766482654_1680011495.pdf"", ""GeM-Bidding-8647570.pdf_1766482654_1709155158.pdf""]",tender-documents
GEM/2025/B/6943154,"[""vrla.pdf_1766817680_651193341.pdf"", ""1764315038.pdf_1766817680_1889767871.pdf"", ""GeM-Bidding-8647743_(2).pdf_1766817680_1219870114.pdf""]",tender-documents
GEM/2025/B/6943157,"[""EMDBG__a0f8ffcf-56c3-43a8-848a1764315135499_csprasad01.pdf_1765013538_1394708481.pdf"", ""document-for-cms_2022-07-05-17-50-30_c3b90df06e58a7_2023-05-03-10-57-38_8eafdf9947a48d88b5d6b852b0c515cb.pdf_1765013538_648410450.pdf"", ""requirements_for_oem_status_against_the_category_-__2024-05-01-12-38-10_42eb1899ef2d07820095ebe48910a901_(8).pdf_1765013538_115485044.pdf"", ""stc_-version_2-_split_air_conditioner_including_gre_2024-06-26-16-57-37_efdc88d6a009d5c093d94097cf97cbc4_(8).pdf_1765013538_247469978.pdf"", ""green_room_air_conditioner_specifications_-draft-_d_2024-05-01-11-50-44_6dc927f8627fd0e694ecf3e91a001743_(8).pdf_1765013538_1459762913.pdf"", ""GeM-Bidding-8647746.pdf_1765013538_835620338.pdf""]",tender-documents
GEM/2025/B/6943776,"[""GENEMDMLC1_b5ecb4b8-849b-41a1-802b1764319961483_suvendukumar@hal-india.com.docx_1764412381_1647019289.docx"", ""custom_catalog_25urb-1009_2025-11-25-08-10-27_f2f0d708a47a75fb577ac6e5fc78af31.pdf_1764412381_1889949090.pdf"", ""GeM-Bidding-8648452_(2).pdf_1764412381_18064430.pdf""]",tender-documents
GEM/2025/B/6943826,"[""GeM-Bidding-8648508_(1).pdf_1764412117_495114299.pdf""]",tender-documents
GEM/2025/B/6944060,"[""attachment-i_soj__stc_2025-11-28-14-45-45_f45754450ede3a44f4ef2b8651c9fa70.pdf_1764411355_1386884938.pdf"", ""GeM-Bidding-8648773_(1).pdf_1764411355_986167411.pdf""]",tender-documents
GEM/2025/B/6944337,"[""acs_a3609e61-c02d-472a-ae841764325126769_BUYCON.01@PANNA.docx_1765264120_1312863363.docx"", ""specifications_2025-11-28-12-39-54_e95c29a166427ff2334347a89646b26d.pdf_1765264120_325688228.pdf"", ""GeM-Bidding-8649079.pdf_1765264120_1187625267.pdf""]",tender-documents
GEM/2025/B/6944480,"[""RDSS392_50f9ac89-89e5-4ff0-937a1764584233917_buycon2.pspclp.pb.pdf_1764662933_511214497.pdf"", ""GeM-Bidding-8649240_(1).pdf_1764662933_946047355.pdf""]",tender-documents
GEM/2025/B/6944572,"[""atc_24ea7317-5316-4160-bdd61764400716740_drishtidhingra.pdf_1764574520_1062162893.pdf"", ""1764325582.pdf_1764574520_175608020.pdf"", ""1764326118.pdf_1764574520_554461179.pdf"", ""GeM-Bidding-8649339_(5).pdf_1764574520_507845344.pdf""]",tender-documents
GEM/2025/B/6944743,"[""RDSS363_a21ce1c8-6eee-439d-a7a51764584512757_buycon2.pspclp.pb.pdf_1764663395_878652581.pdf"", ""GeM-Bidding-8649523_(1).pdf_1764663396_1250255597.pdf""]",tender-documents
GEM/2025/B/6944885,"[""ATC_6a161cdb-5688-4e2e-b2131764328440533_Lalit.adhav.pdf_1765795159_1668672405.pdf"", ""95135806_(1).pdf_1765795159_1302539682.pdf"", ""95135806.pdf_1765795159_1365690055.pdf""]",tender-documents
GEM/2025/B/6945341,"[""ATC_d51757ac-4086-4419-b1701764330948901_buyerprosecution.pdf_1764411154_905590352.pdf"", ""GeM-Bidding-8650180_(1).pdf_1764411154_730583107.pdf""]",tender-documents
GEM/2025/B/6946008,"[""1764347753.pdf_1765004168_1041813278.pdf"", ""1764346935.pdf_1765004168_2038708987.pdf"", ""requirements_for_oem_status_against_the_category_-__2024-05-01-12-38-10_42eb1899ef2d07820095ebe48910a901_(7).pdf_1765004168_1388882696.pdf"", ""stc_-version_2-_split_air_conditioner_including_gre_2024-06-26-16-57-37_efdc88d6a009d5c093d94097cf97cbc4_(7).pdf_1765004168_1920709313.pdf"", ""green_room_air_conditioner_specifications_-draft-_d_2024-05-01-11-50-44_6dc927f8627fd0e694ecf3e91a001743_(7).pdf_1765004168_1724675979.pdf"", ""GeM-Bidding-8650959.pdf_1765004168_1733867258.pdf""]",tender-documents
GEM/2025/B/6946154,"[""1764400485.pdf_1764673214_128623106.pdf"", ""1764391907.pdf_1764673214_373582083.pdf"", ""1764391865.pdf_1764673214_1385393605.pdf"", ""1764389756.pdf_1764673214_1600041862.pdf"", ""1764389627.pdf_1764673214_824185658.pdf"", ""1764389112.pdf_1764673214_784733613.pdf"", ""1764388983.pdf_1764673214_611435761.pdf"", ""1764388838.pdf_1764673214_163410143.pdf"", ""1764388787.pdf_1764673214_928570649.pdf"", ""1764388688.pdf_1764673214_400447385.pdf"", ""tech_specification_p6_ac_plant_amended_2025-11-28-14-49-17_947ab1a9f9e93f7a8eb113e8792c0f85.pdf_1764673214_423373919.pdf"", ""GeM-Bidding-8651131.pdf_1764673214_1848519710.pdf""]",tender-documents
GEM/2025/B/6946291,"[""1764393053.pdf_1764575096_62350484.pdf"", ""1764391366.xlsx_1764575096_1358876144.xlsx"", ""1764392854.pdf_1764575096_536333516.pdf"", ""GeM-Bidding-8651293_(1).pdf_1764575096_94573792.pdf"", ""ATC_0ba31fa0-048e-486c-927e1764399436814_hbchrcv_store1.pdf_1764575096_496570038.pdf"", ""1764406309.xlsx_1764575096_1305857413.xlsx"", ""specifications_2025-11-29-11-13-38_bc86ef6b46669833fab064f7a0a8df73.pdf_1764575096_895387167.pdf"", ""GeM-Bidding-8651784_(1).pdf_1764575096_97285424.pdf""]",tender-documents
GEM/2025/B/6946626,"[""1765004408.pdf_1765542548_440790521.pdf"", ""note_ac_cashetter_2025-11-27-21-35-12_4bc23fbc3496c214bbbde4022fb6f153.pdf_1765542548_48307310.pdf"", ""GeM-Bidding-8651669.pdf_1765542548_949913263.pdf""]",tender-documents
GEM/2025/B/6946723,"[""ATC_0ba31fa0-048e-486c-927e1764399436814_hbchrcv_store1.pdf_1764574893_823788763.pdf"", ""1764406309.xlsx_1764574893_1065977979.xlsx"", ""specifications_2025-11-29-11-13-38_bc86ef6b46669833fab064f7a0a8df73.pdf_1764574893_1402414518.pdf"", ""GeM-Bidding-8651784_(1).pdf_1764574893_170820062.pdf""]",tender-documents
GEM/2025/B/6946866,"[""requirements_for_oem_status_against_the_category_-__2024-05-01-12-38-10_42eb1899ef2d07820095ebe48910a901_(2).pdf_1764572016_708723762.pdf"", ""stc_-version_2-_split_air_conditioner_including_gre_2024-06-26-16-57-37_efdc88d6a009d5c093d94097cf97cbc4_(2).pdf_1764572016_2013179252.pdf"", ""green_room_air_conditioner_specifications_-draft-_d_2024-05-01-11-50-44_6dc927f8627fd0e694ecf3e91a001743_(2).pdf_1764572016_1841241043.pdf"", ""GeM-Bidding-8651951.pdf_1764572016_1700911043.pdf""]",tender-documents
GEM/2025/B/6947280,"[""GEMLESS1CR_320e7aac-6f08-40b0-94831764401533114_drishtidhingra.pdf_1764576928_1670633585.pdf"", ""1764401228.pdf_1764576928_1199969003.pdf"", ""1764401197.pdf_1764576928_1877807118.pdf"", ""GeM-Bidding-8652409_(1).pdf_1764576928_665557095.pdf""]",tender-documents
GEM/2025/B/6947949,"[""requirements_for_oem_status_against_the_category_-__2024-05-01-12-38-10_42eb1899ef2d07820095ebe48910a901_(14).pdf_1765624986_369802817.pdf"", ""stc_-version_2-_split_air_conditioner_including_gre_2024-06-26-16-57-37_efdc88d6a009d5c093d94097cf97cbc4_(13).pdf_1765624986_1039891954.pdf"", ""green_room_air_conditioner_specifications_-draft-_d_2024-05-01-11-50-44_6dc927f8627fd0e694ecf3e91a001743_(13).pdf_1765624986_101301330.pdf"", ""GeM-Bidding-8653168.pdf_1765624986_809723713.pdf""]",tender-documents
GEM/2025/B/6947994,"[""1764411888.pdf_1767354099_889285285.pdf"", ""ts_2025-11-29-15-47-34_f487b65b9bfb131a096842ace7f0f1c2.pdf_1767354099_1121880507.pdf"", ""GeM-Bidding-8653215_(3).pdf_1767354099_1755752187.pdf""]",tender-documents
GEM/2025/B/6948134,"[""Appendices_1b304194-3363-4c53-ad981764413886226_buyer12.sail.burnpur.pdf_1764757880_50761878.pdf"", ""cet_acceptable_make_2025-11-28-12-45-16_2f0dab13dde6b263fdc119346d8c35bf.pdf_1764757880_519589595.pdf"", ""final_ts_2025-11-28-12-45-16_53a3bdda4329aa8fa607f3b2a9c0f7b1.pdf_1764757880_1194431233.pdf"", ""GeM-Bidding-8653370.pdf_1764757880_1261497591.pdf""]",tender-documents
GEM/2025/B/6948232,"[""atcups_b6f40475-51ac-4560-ad101764415343192_tenzing.pdf_1764576263_492771436.pdf"", ""GeM-Bidding-8653484_(1).pdf_1764576263_1661426482.pdf""]",tender-documents
GEM/2025/B/6948246,"[""ATC_3552268f-7a77-4066-9b941764420667876_parthasaha@nhpc.pdf_1764920120_1412915117.pdf"", ""IPsigned_927c29fe-1c9c-4377-a4d21764420557489_parthasaha@nhpc.pdf_1764920120_445484937.pdf"", ""1764415488.pdf_1764920120_292089594.pdf"", ""technical_specifications_2025-11-29-16-41-36_fdec305ecb0f2e709b20d67321ad2c85.pdf_1764920120_1197347653.pdf"", ""GeM-Bidding-8653498_(3).pdf_1764920120_566983970.pdf""]",tender-documents
GEM/2025/B/6949244,"[""ATC_e276fc69-6b2f-4c41-99401764499575716_niraj111_(1).pdf_1765015748_1925588139.pdf"", ""ATC_e276fc69-6b2f-4c41-99401764499575716_niraj111.pdf_1765015748_1245064126.pdf"", ""1764499521.pdf_1765015748_1992417115.pdf"", ""1764499504.pdf_1765015748_1785702995.pdf"", ""GeM-Bidding-8654668.pdf_1765015748_1779481006.pdf""]",tender-documents
GEM/2025/B/6950424,"[""1764574160.pdf_1764835672_1351204087.pdf"", ""1764574136.pdf_1764835672_1411353090.pdf"", ""1764574090.pdf_1764835672_1687154959.pdf"", ""1764574055.pdf_1764835672_434741607.pdf"", ""1764572123.xlsx_1764835672_2080079950.xlsx"", ""technical_specification_for_pac-_upload_2025-11-28-13-00-12_023b9ed89728a76437bd807ee85acfb5.pdf_1764835672_987490998.pdf"", ""GeM-Bidding-8656166.pdf_1764835672_254836281.pdf""]",tender-documents
GEM/2025/B/6951002,"[""ATC_d02e427d-a2e8-4e71-a6fe1764592650373_CNS_UDAIPUR.pdf_1764662295_1589583131.pdf"", ""1764591685.xlsx_1764662295_1326754543.xlsx"", ""1764591519.pdf_1764662295_1104378684.pdf"", ""GeM-Bidding-8656844_(1).pdf_1764662295_1278417050.pdf""]",tender-documents
GEM/2025/B/6951058,"[""GeM-Bidding-8656918.pdf_1764664133_1354375783.pdf""]",tender-documents
GEM/2025/B/6951199,"[""requirements_for_oem_status_against_the_category_-__2024-05-01-12-38-10_42eb1899ef2d07820095ebe48910a901_(9).pdf_1765178574_122688819.pdf"", ""stc_-version_2-_split_air_conditioner_including_gre_2024-06-26-16-57-37_efdc88d6a009d5c093d94097cf97cbc4_(9).pdf_1765178574_2049050125.pdf"", ""green_room_air_conditioner_specifications_-draft-_d_2024-05-01-11-50-44_6dc927f8627fd0e694ecf3e91a001743_(9).pdf_1765178574_772262409.pdf"", ""GeM-Bidding-8657092.pdf_1765178574_1558341134.pdf""]",tender-documents
GEM/2025/B/6951498,"[""GeM-Bidding-8657433.pdf_1767352103_780355058.pdf""]",tender-documents
GEM/2025/B/6951804,"[""pacx_2025-12-01-15-23-28_f25cf6deb612ba46da49a318e3ec6dc7.pdf_1765352146_61655268.pdf"", ""GeM-Bidding-8657775.pdf_1765352146_1220902544.pdf""]",tender-documents
GEM/2025/B/6952117,"[""ATC_8c30573f-c49c-4617-86b01764586133516_CNS_DELHI_ATS_COMPLEX.docx_1764836227_1641679252.docx"", ""1764585452.xlsx_1764836227_1649292088.xlsx"", ""GeM-Bidding-8658129_(1).pdf_1764836227_1309832354.pdf""]",tender-documents
GEM/2025/B/6952465,"[""10kvaupsspecification_2025-12-01-16-14-04_901581a9a9027b3242d78daaa3f6ec73.pdf_1764673837_648856817.pdf"", ""GeM-Bidding-8658547_(1).pdf_1764673837_2044249944.pdf""]",tender-documents
GEM/2025/B/6952922,"[""GeM-Bidding-8659061_(1).pdf_1764662715_622306832.pdf""]",tender-documents
GEM/2025/B/6953864,"[""ATC_89a5bfa0-8da2-4a9a-8c711764651600853_CNS_DELHI_ATS_COMPLEX.docx_1764849348_1215927308.docx"", ""1764650121.xlsx_1764849348_1035680284.xlsx"", ""GeM-Bidding-8660179_(2).pdf_1764849348_7807070.pdf""]",tender-documents
GEM/2025/B/6953927,"[""catalouge_11_ton_ac_2025-12-01-12-29-14_6f88c9d87cc364f5c4b6fb474d3197c0.pdf_1767351664_760651038.pdf"", ""GeM-Bidding-8660248.pdf_1767351664_1015945510.pdf""]",tender-documents
GEM/2025/B/6954250,"[""GeM-Bidding-8660617.pdf_1767334088_2106600378.pdf""]",tender-documents
GEM/2025/B/6954972,"[""GeM-Bidding-8661429_(1).pdf_1764836638_1610637799.pdf""]",tender-documents
GEM/2025/B/6956824,"[""pac_final_atc_2025-12-02-15-28-50_0f7ad5ffdd9077eedeb6128bb6d8aece.pdf_1765013783_906849795.pdf"", ""GeM-Bidding-8663499.pdf_1765013783_1591523439.pdf""]",tender-documents
GEM/2025/B/6957166,"[""UPSRFP551_19588c1a-df70-4864-83861765174380965_cmitho.pdf_1765262622_1273765997.pdf"", ""1765174694.pdf_1765262622_1708746915.pdf"", ""1765172206.xlsx_1765262622_252962296.xlsx"", ""GeM-Bidding-8663870_(1).pdf_1765262622_1099746316.pdf""]",tender-documents
GEM/2025/B/6957876,"[""UPP.pdf_1764833559_1631287103.pdf"", ""Integrity_33157cbc-d0f1-4f31-b7231764680833241_digops.pdf_1764833559_787313911.pdf""]",tender-documents
GEM/2025/B/6958615,"[""tender_document_2025-12-03-09-53-04_6488a8d6934cddb69eeed371ed39afe0.pdf_1764837024_1543974620.pdf"", ""GeM-Bidding-8665489_(1).pdf_1764837024_1031154955.pdf""]",tender-documents
GEM/2025/B/6958855,"[""Aa_d94747d3-1494-4ce5-9a911766400925248_buycon29@diom.pdf_1766473215_2121114773.pdf"", ""tech2787_2025-12-02-18-26-09_0202220a18b8c619ccee26c360d5d1fe.pdf_1766473215_808212768.pdf"", ""GeM-Bidding-8665749_(1).pdf_1766473215_623634410.pdf""]",tender-documents
GEM/2025/B/6959178,"[""ups_3f965a91-b690-46ca-a2991764742419805_Store-fsdc.docx_1765529910_1288404350.docx"", ""GeM-Bidding-8666116_(1).pdf_1765529910_406105731.pdf""]",tender-documents
GEM/2025/B/6959200,"[""precision_ac_liebert_dm_12kw_spec_2025-12-02-17-35-04_28931a23c5f67ebb43a68a4bd12c0750.pdf_1765964071_85248512.pdf"", ""GeM-Bidding-8666144.pdf_1765964071_1273340070.pdf""]",tender-documents
GEM/2025/B/6959540,"[""26SCC040U_41f2004a-3c3b-438d-909b1766049931695_HEADMMG-DLRL.pdf_1766130384_346713369.pdf"", ""GeM-Bidding-8666520_(2).pdf_1766130384_1060986597.pdf""]",tender-documents
GEM/2025/B/6960382,"[""GeM-Bidding-8667425.pdf_1765009740_1937252.pdf""]",tender-documents
GEM/2025/B/6960719,"[""GeM-Bidding-8667818_(1).pdf_1764998397_278450113.pdf""]",tender-documents
GEM/2025/B/6960736,"[""requirements_for_oem_status_against_the_category_-__2024-05-01-12-38-10_42eb1899ef2d07820095ebe48910a901_(10).pdf_1765181394_310391253.pdf"", ""stc_-version_2-_split_air_conditioner_including_gre_2024-06-26-16-57-37_efdc88d6a009d5c093d94097cf97cbc4_(10).pdf_1765181395_1447250416.pdf"", ""green_room_air_conditioner_specifications_-draft-_d_2024-05-01-11-50-44_6dc927f8627fd0e694ecf3e91a001743_(10).pdf_1765181395_1685496531.pdf"", ""GeM-Bidding-8667838.pdf_1765181395_1795616413.pdf""]",tender-documents
GEM/2025/B/6960765,"[""GeM-Bidding-8667871_(1).pdf_1766398888_81622908.pdf""]",tender-documents
GEM/2025/B/6961192,"[""BT_e8377077-31e1-4a28-aee01764823712837_4860N.pdf_1766563802_791801649.pdf"", ""GeM-Bidding-8668357_(1).pdf_1766563802_244164557.pdf""]",tender-documents
GEM/2025/B/6961900,"[""1764826460.pdf_1764930295_2060680067.pdf"", ""GeM-Bidding-8669132_(1).pdf_1764930295_2043334618.pdf""]",tender-documents
GEM/2025/B/6963802,"[""ATC_d7a35b46-ab14-429e-a42d1764828906197_so.purchase.csio@nic.in.pdf_1764921246_198945053.pdf"", ""GeM-Bidding-8671300_(1).pdf_1764921246_1439494263.pdf""]",tender-documents
GEM/2025/B/6964062,"[""5KVAUPSNIT_cd7498fa-304c-4d91-98cc1764832348975_cnsstore_vizag@AAI.AERO.docx_1764923160_1251686469.docx"", ""1764831824.xlsx_1764923160_2074735492.xlsx"", ""GeM-Bidding-8671587_(1).pdf_1764923160_1678074497.pdf""]",tender-documents
GEM/2025/B/6964103,"[""GeM-Bidding-8671634.pdf_1767425253_1085668017.pdf""]",tender-documents
GEM/2025/B/6964438,"[""GeM-Bidding-8672010_(1).pdf_1766397208_1347382778.pdf""]",tender-documents
GEM/2025/B/6965439,"[""1764845748.pdf_1764922654_138197096.pdf"", ""GeM-Bidding-8673146_(1).pdf_1764922654_561300227.pdf""]",tender-documents
GEM/2025/B/6965749,"[""ITB_DOC_90dde5ee-2cfa-4a4c-91dc1764936686590_buycon1rhq.pdf_1765362771_1303488103.pdf"", ""1764935772_(1).pdf_1765362771_843816513.pdf"", ""GeM-Bidding-8673490_(1).pdf_1765362771_1035981500.pdf""]",tender-documents
GEM/2025/B/6966356,"[""ATC_bc9393e5-bcac-45e9-a3cc1768370217407_mguleriya3256_(1).docx_1768463939_164770444.docx"", ""GeM-Bidding-8674160_(1).pdf_1768463939_1059395593.pdf""]",tender-documents
GEM/2025/B/6967401,"[""adobe_scan_dec_05__2025_2025-12-05-09-27-16_f4371e46f0a0972cef0bd9ad819f26d0.pdf_1765441253_1622649845.pdf"", ""GeM-Bidding-8675367_(1).pdf_1765441253_232097066.pdf""]",tender-documents
GEM/2025/B/6969132,"[""ATC_9ada9c51-bb49-4ae2-a4171765027519483_buycon1.fcs.adi.pdf_1765543949_600850786.pdf"", ""requirements_for_oem_status_against_the_category_-__2024-05-01-12-38-10_42eb1899ef2d07820095ebe48910a901_(13).pdf_1765543949_1724136041.pdf"", ""stc_-version_2-_split_air_conditioner_including_gre_2024-06-26-16-57-37_efdc88d6a009d5c093d94097cf97cbc4_(12).pdf_1765543949_1044060928.pdf"", ""green_room_air_conditioner_specifications_-draft-_d_2024-05-01-11-50-44_6dc927f8627fd0e694ecf3e91a001743_(12).pdf_1765543949_412264988.pdf"", ""GeM-Bidding-8677289.pdf_1765543949_974572053.pdf""]",tender-documents
GEM/2025/B/6969212,"[""608spec_2025-12-05-12-39-14_89582a1d66c28187cc1f38e00fd58994.pdf_1765277272_1860308379.pdf"", ""GeM-Bidding-8677372.pdf_1765277272_1466750866.pdf""]",tender-documents
GEM/2025/B/6969842,"[""1764929968.xlsx_1765006386_1229296244.xlsx"", ""ups_2025-12-05-14-08-59_fa913f42d1b327b41e71b7f228ce95f8.pdf_1765006386_1483696426.pdf"", ""MERGED_0f5ace6a-8e3f-4b76-8fd91764926183080_CAPITALPUR1.pdf_1765006386_1827149645.pdf"", ""GeM-Bidding-8678066_(1).pdf_1765006386_2007328569.pdf""]",tender-documents
GEM/2025/B/6969938,"[""GeM-Bidding-8678175.pdf_1769064330_1387030472.pdf""]",tender-documents
GEM/2025/B/6970186,"[""NIT_b3e3492a-a815-4640-b4f11764929454330_karansinghyadav.pdf_1765008005_825342593.pdf"", ""GeM-Bidding-8678450_(1).pdf_1765008005_1154642131.pdf""]",tender-documents
GEM/2025/B/6970369,"[""requirements_for_oem_status_against_the_category_-__2024-05-01-12-38-10_42eb1899ef2d07820095ebe48910a901_(11).pdf_1765278000_243074558.pdf"", ""stc_-version_2-_split_air_conditioner_including_gre_2024-06-26-16-57-37_efdc88d6a009d5c093d94097cf97cbc4_(11).pdf_1765278000_1413924932.pdf"", ""green_room_air_conditioner_specifications_-draft-_d_2024-05-01-11-50-44_6dc927f8627fd0e694ecf3e91a001743_(11).pdf_1765278000_1948619317.pdf"", ""GeM-Bidding-8678649.pdf_1765278000_1126587569.pdf""]",tender-documents
GEM/2025/B/6971424,"[""GeM-Bidding-8679806_(2).pdf_1765797206_121451441.pdf""]",tender-documents
GEM/2025/B/6971673,"[""requirements_for_oem_status_against_the_category_-__2024-05-01-12-38-10_42eb1899ef2d07820095ebe48910a901_(12).pdf_1765531227_245729144.pdf"", ""GeM-Bidding-8680095.pdf_1765531227_1775571375.pdf""]",tender-documents
GEM/2025/B/6972172,"[""LPP407_370f31d6-fb97-4a5e-a5c91764995189521_somanna_12.pdf_1765261959_668182732.pdf"", ""lpp407_2025-12-05-16-58-28_6b6fe61df83c70ba63a85171feab29f0.pdf_1765261959_398619810.pdf"", ""GeM-Bidding-8680676_(1).pdf_1765261959_982709415.pdf""]",tender-documents
GEM/2025/B/6972329,"[""requirements_for_oem_status_against_the_category_-__2024-05-01-12-38-10_42eb1899ef2d07820095ebe48910a901_(15).pdf_1765800677_1097694031.pdf"", ""stc_-version_2-_split_air_conditioner_including_gre_2024-06-26-16-57-37_efdc88d6a009d5c093d94097cf97cbc4_(14).pdf_1765800677_294015838.pdf"", ""green_room_air_conditioner_specifications_-draft-_d_2024-05-01-11-50-44_6dc927f8627fd0e694ecf3e91a001743_(14).pdf_1765800677_1446852564.pdf"", ""GeM-Bidding-8680897.pdf_1765800677_577762299.pdf""]",tender-documents
GEM/2025/B/6973926,"[""GeM-Bidding-8682854_(1).pdf_1765441034_1910518709.pdf""]",tender-documents
GEM/2025/B/6974770,"[""1765189690.pdf_1765279768_1221241776.pdf"", ""1765189677.pdf_1765279768_1686817361.pdf"", ""1765189633.pdf_1765279768_285258067.pdf"", ""specfications_of_solar_2025-12-05-16-19-41_f5d62270289f4b73a273393e6a5cb65f.pdf_1765279768_1900325220.pdf"", ""GeM-Bidding-8683933_(1).pdf_1765279768_52356674.pdf""]",tender-documents
GEM/2025/B/6975100,"[""spec_compressed_2025-12-05-11-55-54_e5bbb6dab9545c36b01ee7493914b561.pdf_1765968503_1817602039.pdf"", ""1765175602.xlsx_1765968503_7280108.xlsx"", ""GeM-Bidding-8684370.pdf_1765968503_529200903.pdf""]",tender-documents
GEM/2025/B/6975674,"[""1765186671.pdf_1765263228_1653284590.pdf"", ""1765184323_(1).xlsx_1765263228_195791571.xlsx"", ""GeM-Bidding-8685129_(1).pdf_1765263228_700946463.pdf""]",tender-documents
GEM/2025/B/6975742,"[""rfp_-_ups_20kva_dec_2025_2025-12-08-14-40-26_d5d67e044dd9524e94c5e93c8fe60f17.pdf_1765264622_2127014155.pdf"", ""GeM-Bidding-8685212_(1).pdf_1765264622_1846331324.pdf""]",tender-documents
GEM/2025/B/6978915,"[""specification_and_scope_of_work_ac_2025-12-06-16-51-57_9ee5edade2cd7ca8c5628aa9d5aecbfa.pdf_1767349093_164193749.pdf"", ""GeM-Bidding-8689079_(1).pdf_1767349093_1599038574.pdf""]",tender-documents
GEM/2025/B/6979036,"[""NIQ_fca4287e-0cc6-4444-86491765275201398_dpsinha.pdf_1766494587_898945520.pdf"", ""specifications_2025-12-09-15-24-52_d938a3466e9edaec90099aac79f4807f.pdf_1766494587_1519802716.pdf"", ""GeM-Bidding-8689219.pdf_1766494587_1997478521.pdf""]",tender-documents
GEM/2025/B/6980880,"[""upload_3667ff5c-35bb-414d-89731765337865443_hpep_cmm_007.pdf_1765438927_1353551132.pdf"", ""110v_dc_100ah_vrla_batteries_specification-pdf_2025-12-05-16-47-06_24229eda702bc306be7afaa3ff2a3743.pdf_1765438927_1726145124.pdf"", ""GeM-Bidding-8691305_(2).pdf_1765438927_1280210369.pdf""]",tender-documents
GEM/2025/B/6981539,"[""buyback_dd135a9e-1750-42e3-ac371765426850692_smm2.dmrc.pdf_1767168231_336465878.pdf"", ""110v_2025-12-09-16-56-42_a03efc55d2b572c96ae35c0178a41a3d.pdf_1767168231_1340328375.pdf"", ""GeM-Bidding-8692017.pdf_1767168231_927578296.pdf""]",tender-documents
GEM/2025/B/6982440,"[""ITB_42_45_f1fb9c0c-a27a-47a5-a5041765347601196_jaysinghchauhan.pdf_1765440694_990284795.pdf"", ""section-v-vi_vii__scc_sow_sch_1_2025-12-09-16-13-27_800b85b455d32559b281bc5dedca8dc7.pdf_1765440694_2018142823.pdf"", ""1765347285.xlsx_1765440694_880527571.xlsx"", ""GeM-Bidding-8692999_(1).pdf_1765440694_1076520314.pdf""]",tender-documents
GEM/2025/B/6983004,"[""ATC_fd1f8bc4-08c7-4dd6-bd9f1765350103524_589_80_01.docx_1766560759_1637373271.docx"", ""final_spec_without_seal___sign_2025-12-08-15-46-08_79f661b32894c9474f93ea03240c8715.pdf_1766560759_1313955249.pdf"", ""GeM-Bidding-8693608.pdf_1766560759_566566888.pdf""]",tender-documents
GEM/2025/B/6984690,"[""GeM-Bidding-8695444_(2).pdf_1766399081_346640909.pdf""]",tender-documents
GEM/2025/B/6984856,"[""GeM-Bidding-8695617_(1).pdf_1766818777_1564399199.pdf""]",tender-documents
GEM/2025/B/6985326,"[""GeM-Bidding-8696139.pdf_1768378996_1333036941.pdf""]",tender-documents
GEM/2025/B/6985884,"[""GeM-Bidding-8696767_(2).pdf_1765796991_1996200410.pdf""]",tender-documents
GEM/2025/B/6987009,"[""specs_2025-12-10-16-30-58_e7f947bb430c6108a6564df0c392b021.pdf_1765966426_1755984350.pdf"", ""GeM-Bidding-8698028_(1).pdf_1765966426_483892724.pdf""]",tender-documents
GEM/2025/B/6987531,"[""ATC_4d4889ad-4acd-4924-852d1765431165864_589_80_01.docx_1766568575_197556433.docx"", ""dtc_approved_technical_spec_2025-12-10-17-28-27_8bd346c97b84c5288ad421d6ae43c9aa.pdf_1766568575_47754836.pdf"", ""GeM-Bidding-8698593.pdf_1766568575_1143641200.pdf""]",tender-documents
GEM/2025/B/6988556,"[""1765435012.xlsx_1768548141_349810208.xlsx"", ""annexure_i_and_ii_2025-12-10-15-59-23_c98a9c45f77be8b5839f5e5437313fb9.pdf_1768548141_214284902.pdf"", ""GeM-Bidding-8699724.pdf_1768548141_605010901.pdf""]",tender-documents
GEM/2025/B/6990112,"[""CHKL_eb2f2d63-0a74-4a85-bfc21765445614504_apoone.pdf_1766138883_197546288.pdf"", ""spec_72100_2025-12-10-11-55-57_9355c54142e10adcbaf3df0859b0cc8b.pdf_1766138883_475928181.pdf"", ""GeM-Bidding-8701455_(1).pdf_1766138883_1794623825.pdf""]",tender-documents
GEM/2025/B/6990207,"[""boq_for_vrf_ac_at_ao_jhansi_2025-12-11-15-06-34_499e1eb5e66945796d4ac762f75e348d.pdf_1766147128_1925745411.pdf"", ""GeM-Bidding-8701566.pdf_1766147128_1100561377.pdf""]",tender-documents
GEM/2025/B/6991201,"[""ATCAHU_4a98baed-fb7e-42de-9b201765452983736_crsandeep.pdf_1766564306_686161365.pdf"", ""ahu_spec_for_one_2025-12-11-12-42-20_b6737f206ae3d018b25791dcce208ab2.pdf_1766564306_932980268.pdf"", ""GeM-Bidding-8702649.pdf_1766564306_251690636.pdf""]",tender-documents
GEM/2025/B/6991245,"[""NIQ_8c985f0d-30f1-4664-86c01765452117571_dpsinha.pdf_1765529757_1706239103.pdf"", ""specifications_2025-12-11-16-43-22_5197c11345b6f517cfdf4faa134ca285.pdf_1765529757_725671594.pdf"", ""GeM-Bidding-8702697_(1).pdf_1765529757_1043263135.pdf""]",tender-documents
GEM/2025/B/6991660,"[""requirements_for_oem_status_against_the_category_-__2024-05-01-12-38-10_42eb1899ef2d07820095ebe48910a901.pdf_1769534187_330320301.pdf"", ""stc_-version_2-_split_air_conditioner_including_gre_2024-06-26-16-57-37_efdc88d6a009d5c093d94097cf97cbc4.pdf_1769534187_1528548183.pdf"", ""green_room_air_conditioner_specifications_-draft-_d_2024-05-01-11-50-44_6dc927f8627fd0e694ecf3e91a001743.pdf_1769534187_202095886.pdf"", ""ATC_AC3_b7be38b6-d00f-4dd3-89f21768196843515_dharmendrachoudharynhpc.docx_1769534187_263166941.docx"", ""GeM-Bidding-8703148.pdf_1769534187_179203222.pdf""]",tender-documents
GEM/2025/B/6991974,"[""ATC_22b0dbd8-f2bc-4308-871c1765863866410_secondaryadjt.linker_793.pdf_1766575534_1881759618.pdf"", ""world-bank-stc_1704778647.pdf_1766575534_150331195.pdf"", ""atc_7-5_ton_2025-12-11-14-40-51_d59eb70dcf99c7012c64924ca42fb21c.pdf_1766575534_2057849004.pdf"", ""1765515800.pdf_1766575534_893467142.pdf"", ""GeM-Bidding-8703496.pdf_1766575534_756676775.pdf""]",tender-documents
GEM/2025/B/6997839,"[""1-5_ton_split_ac_2025-12-12-15-05-52_ff583d41fc0d6f66c8763e2e54812429.pdf_1766472631_1851019779.pdf"", ""GeM-Bidding-8710018.pdf_1766472631_27966928.pdf""]",tender-documents
GEM/2025/B/7002670,"[""TECHSPEC85_f7fbde32-47be-4165-b5621765785026048_victor.88.pdf_1767772013_927089046.pdf"", ""1765783186.pdf_1767772013_1590235810.pdf"", ""GeM-Bidding-8715570_(2).pdf_1767772013_1676045521.pdf""]",tender-documents
GEM/2025/B/7003226,"[""ATC_8ad97ab2-94e8-4972-a1d61766492864570_projectcell2.pdf_1766575716_38196615.pdf"", ""GeM-Bidding-8716230_(1).pdf_1766575716_1004872316.pdf""]",tender-documents
GEM/2025/B/7003943,"[""1765950516.pdf_1766052820_819049198.pdf"", ""GeM-Bidding-8717055_(1).pdf_1766052820_186913762.pdf""]",tender-documents
GEM/2025/B/7005855,"[""TECHSPECS_ac52f721-0d75-436a-91811765849987471_awe.some.pdf_1765966174_929933026.pdf"", ""techspecs_and_essential_details_of_300_kva_ups_2025-12-15-17-23-29_f554221d7eb55debfaa45c640f4cf18a.pdf_1765966174_1337221039.pdf"", ""GeM-Bidding-8719228_(1).pdf_1765966174_666147522.pdf""]",tender-documents
GEM/2025/B/7005920,"[""pqr_and_boq_2025-12-15-16-05-33_3c43d44f73ef4f1cd77b68639956f436_(1).pdf_1765968286_988944113.pdf"", ""GeM-Bidding-8719306_(1).pdf_1765968286_1336378374.pdf""]",tender-documents
GEM/2025/B/7006571,"[""duct_2025-12-16-11-05-39_2c613689d11379ea0aca73950a171b35.pdf_1767336133_381005680.pdf"", ""GeM-Bidding-8720062.pdf_1767336133_2036802510.pdf""]",tender-documents
GEM/2025/B/7006783,"[""ATC_9bac6a55-63c4-443f-82e71765956481074_so-mm-lkpa.mcl@nic.in.pdf_1767869269_1061869612.pdf"", ""requirements_for_oem_status_against_the_category_-__2024-05-01-12-38-10_42eb1899ef2d07820095ebe48910a901_(24).pdf_1767869269_452065474.pdf"", ""stc_-version_2-_split_air_conditioner_including_gre_2024-06-26-16-57-37_efdc88d6a009d5c093d94097cf97cbc4_(24).pdf_1767869269_427240010.pdf"", ""green_room_air_conditioner_specifications_-draft-_d_2024-05-01-11-50-44_6dc927f8627fd0e694ecf3e91a001743_(24).pdf_1767869269_680451773.pdf"", ""GeM-Bidding-8720294.pdf_1767869269_1904112714.pdf""]",tender-documents
GEM/2025/B/7006820,"[""casac_2025-12-16-11-37-36_ad8b77b04eae720c501ac5e457c11f11.pdf_1766146505_1087915877.pdf"", ""GeM-Bidding-8720337.pdf_1766146505_165981356.pdf"", ""95729292.xls_1766146505_937422978.xls""]",tender-documents
GEM/2025/B/7007360,"[""PBG_80bd2ef0-aabe-42f2-bbfe1765869300413_buycon2ntpccg.pdf_1766036734_567985243.pdf"", ""specs_-_1_2025-12-16-12-37-01_ad285d8ed41245ce280e6f473f260a63.pdf_1766036734_1476256165.pdf"", ""GeM-Bidding-8720937.pdf_1766036734_908781515.pdf""]",tender-documents
GEM/2025/B/7008430,"[""ATC_c0b1d7d4-cb27-4fdf-b9db1765971595805_itexec2.pdf_1766051346_697597773.pdf"", ""GeM-Bidding-8722115_(1).pdf_1766051346_485731361.pdf""]",tender-documents
GEM/2025/B/7008506,"[""GeM-Bidding-8722197.pdf_1767348174_1019244669.pdf""]",tender-documents
GEM/2025/B/7008798,"[""GeM-Bidding-8722519_(2).pdf_1765959166_177611239.pdf""]",tender-documents
GEM/2025/B/7008891,"[""atcups_5142fd12-2e48-47c0-89431765882490470_Se@aiimsgkp.pdf_1765964217_55545348.pdf"", ""1765881294.pdf_1765964217_877542869.pdf"", ""GeM-Bidding-8722626_(3).pdf_1765964217_308565643.pdf""]",tender-documents
GEM/2025/B/7008922,"[""stc_-version_2-_split_air_conditioner_including_gre_2024-06-26-16-57-37_efdc88d6a009d5c093d94097cf97cbc4_(17).pdf_1766989466_1390162738.pdf"", ""green_room_air_conditioner_specifications_-draft-_d_2024-05-01-11-50-44_6dc927f8627fd0e694ecf3e91a001743_(17).pdf_1766989466_937852983.pdf"", ""GeM-Bidding-8722661.pdf_1766989466_1422747944.pdf""]",tender-documents
GEM/2025/B/7010018,"[""UPS.pdf_1765967599_1592726317.pdf"", ""GeM-Bidding-8723900_(1).pdf_1765967599_365178739.pdf""]",tender-documents
GEM/2025/B/7010315,"[""ATCattach_20eaefac-b1a5-4fa0-ad341765948660467_r.maheshwari.sail@nic.in.pdf_1766746775_1491455241.pdf"", ""1-_35210001100324__packaged_ac_unit_air_cooled_10tr_2025-12-16-16-24-23_689127233b7af2c96c64c26568c626a5.pdf_1766746775_1850041726.pdf"", ""GeM-Bidding-8724236.pdf_1766746775_958134416.pdf""]",tender-documents
GEM/2025/B/7012449,"[""GeM-Bidding-8726561_(1).pdf_1766045803_1971301419.pdf""]",tender-documents
GEM/2025/B/7012804,"[""BuyerATC_28737af6-9c68-4832-b2c81766484115871_buyerggn3.doc_1766561045_263936363.doc"", ""1765957714.pdf_1766561045_1601873702.pdf"", ""1766482817.xlsx_1766561045_621804162.xlsx"", ""GeM-Bidding-8726964.pdf_1766561045_2045874975.pdf""]",tender-documents
GEM/2025/B/7013113,"[""requirements_for_oem_status_against_the_category_-__2024-05-01-12-38-10_42eb1899ef2d07820095ebe48910a901_(22).pdf_1767351955_1419828313.pdf"", ""stc_-version_2-_split_air_conditioner_including_gre_2024-06-26-16-57-37_efdc88d6a009d5c093d94097cf97cbc4_(22).pdf_1767351955_1162980692.pdf"", ""green_room_air_conditioner_specifications_-draft-_d_2024-05-01-11-50-44_6dc927f8627fd0e694ecf3e91a001743_(22).pdf_1767351955_466504390.pdf"", ""GeM-Bidding-8727312.pdf_1767351955_556210688.pdf""]",tender-documents
GEM/2025/B/7013312,"[""requirements_for_oem_status_against_the_category_-__2024-05-01-12-38-10_42eb1899ef2d07820095ebe48910a901_(20).pdf_1767334949_1570795057.pdf"", ""stc_-version_2-_split_air_conditioner_including_gre_2024-06-26-16-57-37_efdc88d6a009d5c093d94097cf97cbc4_(20).pdf_1767334949_617638487.pdf"", ""green_room_air_conditioner_specifications_-draft-_d_2024-05-01-11-50-44_6dc927f8627fd0e694ecf3e91a001743_(20).pdf_1767334949_1501062259.pdf"", ""1765961263.xlsx_1767334949_821316564.xlsx"", ""GeM-Bidding-8727532.pdf_1767334949_54036941.pdf""]",tender-documents
GEM/2025/B/7014316,"[""1765970949.pdf_1766052476_669769044.pdf"", ""1765968995.pdf_1766052476_329218936.pdf"", ""scope_of_work_2025-12-17-13-14-18_0f7516f31de655829df6c2365490cc03.pdf_1766052476_763862661.pdf"", ""GeM-Bidding-8728638_(1).pdf_1766052476_1531830421.pdf""]",tender-documents
GEM/2025/B/7014777,"[""spec_72191_2025-12-16-17-30-02_9b54040eb7a2e5413b01b1fe2348d0fc.pdf_1766564284_1857471683.pdf"", ""1766037985.pdf_1766564284_306934948.pdf"", ""GeM-Bidding-8729159_(1).pdf_1766564284_1159183951.pdf""]",tender-documents
GEM/2025/B/7014926,"[""SBD_F_787553c6-30cd-45fb-b7901766219488938_EEM@EMandPC_Mejia.docx_1766398570_1552526822.docx"", ""specs_2025-12-17-13-29-28_a02695d702d592230b64440a25aa0393.pdf_1766398570_993076191.pdf"", ""GeM-Bidding-8729326_(3).pdf_1766398570_1470740910.pdf""]",tender-documents
GEM/2025/B/7015398,"[""Bat3055_627c4413-80f3-4b67-aecd1766039260691_buyer37.mvvnl.up.pdf_1766574772_1789211231.pdf"", ""GeM-Bidding-8729842_(1).pdf_1766574772_1725814898.pdf""]",tender-documents
GEM/2025/B/7016788,"[""GeM-Bidding-8731410_(1).pdf_1766130235_57013778.pdf""]",tender-documents
GEM/2025/B/7017046,"[""specification_2025-12-18-11-50-47_1a5856899fed272af6cd45c018fd2228.pdf_1766561625_835156200.pdf"", ""GeM-Bidding-8731694.pdf_1766561625_220269763.pdf""]",tender-documents
GEM/2025/B/7017375,"[""GeM-Bidding-8732066_(2).pdf_1766564086_299990841.pdf""]",tender-documents
GEM/2025/B/7018514,"[""NIT7856_94fd7edc-4384-4122-937b1766050988705_stores_secondary.pdf_1766139084_1932072026.pdf"", ""nit7856_2025-12-18-12-43-21_414ee861804c82460d9db1fe8871963e.pdf_1766139084_1257856908.pdf"", ""GeM-Bidding-8733339_(1).pdf_1766139084_505590909.pdf""]",tender-documents
GEM/2025/B/7019160,"[""GeM-Bidding-8734037_(3).pdf_1767005910_1028391606.pdf"", ""electric_2025-12-18-16-06-17_79a31b3f0c29e5fca4b873103dfab43b.pdf_1767005910_1333042199.pdf""]",tender-documents
GEM/2025/B/7019341,"[""solar_68c0cf0a-68fd-4e38-bb5c1766750732825_sirdashok@2018.pdf_1767078837_1970649360.pdf"", ""GeM-Bidding-8734235.pdf_1767078837_241135712.pdf""]",tender-documents
GEM/2025/B/7020228,"[""boq_rev-_ac_work_at_bhingari_bazar_branch_2025-12-18-18-37-11_1698b4b87a656613f0321955eec967ef.pdf_1766476185_1851040876.pdf"", ""GeM-Bidding-8735254.pdf_1766476185_1726324865.pdf""]",tender-documents
GEM/2025/B/7020470,"[""GeM-Bidding-8735535_(1).pdf_1767606557_1477739541.pdf""]",tender-documents
GEM/2025/B/7020871,"[""ANNEXURE_b97f45ab-f053-4bcf-80d61766116595876_buyer1.hal.korpt@gembuyer.in.docx_1766212816_1624781805.docx"", ""rfq_specification-25an-1074-1_2025-12-18-14-34-50_a6d2d6f2075fe85723aad110a70d4a30.pdf_1766212816_460210862.pdf"", ""GeM-Bidding-8735988_(1).pdf_1766212816_770039070.pdf""]",tender-documents
GEM/2025/B/7021103,"[""P25258.pdf_1767954633_1994418926.pdf"", ""GeM-Bidding-8736240_(5).pdf_1767954633_1174927464.pdf""]",tender-documents
GEM/2025/B/7021170,"[""UPS.pdf_1766213575_578078388.pdf"", ""GeM-Bidding-8736317_(2).pdf_1766213575_1092564481.pdf""]",tender-documents
GEM/2025/B/7021682,"[""BidderATC_4212dac5-6088-4fa4-b3891766123650209_kvsingh@224abod_(1).docx_1766212960_1776801446.docx"", ""tech_2025-12-19-11-10-44_cf88f93abbc7c5ad0e1d903844634e93.pdf_1766212960_924283527.pdf"", ""GeM-Bidding-8736885_(1).pdf_1766212960_1496836482.pdf""]",tender-documents
GEM/2025/B/7022570,"[""ATC_afc98dd7-a536-4558-9d921766133570931_ZO_DEHR_CON2.pdf_1766214388_1170145348.pdf"", ""GeM-Bidding-8737872_(1).pdf_1766214388_1649053357.pdf""]",tender-documents
GEM/2025/B/7023337,"[""requirements_for_oem_status_against_the_category_-__2024-05-01-12-38-10_42eb1899ef2d07820095ebe48910a901_(17).pdf_1766577412_84953530.pdf"", ""stc_-version_2-_split_air_conditioner_including_gre_2024-06-26-16-57-37_efdc88d6a009d5c093d94097cf97cbc4_(16).pdf_1766577412_1633291318.pdf"", ""green_room_air_conditioner_specifications_-draft-_d_2024-05-01-11-50-44_6dc927f8627fd0e694ecf3e91a001743_(16).pdf_1766577412_668850812.pdf"", ""GeM-Bidding-8738744.pdf_1766577412_1561849678.pdf""]",tender-documents
GEM/2025/B/7023430,"[""1770891067874_GeM-Bidding-8738844.pdf""]",tender-documents
GEM/2025/B/7024713,"[""specs_2025-12-19-16-56-33_ce09f079b26956dabdee7d8fa87a0deb.pdf_1767773852_346409199.pdf"", ""GeM-Bidding-8740261.pdf_1767773852_2027327880.pdf""]",tender-documents
GEM/2025/B/7027229,"[""ATC_6bf3e3fd-81ac-4c94-912b1766221167237_PROC@72.doc_1766564422_823222630.doc"", ""GeM-Bidding-8743146_(1).pdf_1766564422_974701452.pdf""]",tender-documents
GEM/2025/B/7029701,"[""UPS_0091e358-cab0-449e-a6a41766378362763_LPO_33.pdf_1766472964_216375528.pdf"", ""GeM-Bidding-8745976_(1).pdf_1766472964_531816777.pdf""]",tender-documents
GEM/2025/B/7030631,"[""GeM-Bidding-8747132.pdf_1769247422_1803859394.pdf""]",tender-documents
GEM/2025/B/7031298,"[""technical_specifications_2025-12-16-16-17-15_ac3afdaf03cdcf84179e81a5040fd8ac.pdf_1767437159_559447641.pdf"", ""GeM-Bidding-8747941.pdf_1767437159_1595883224.pdf""]",tender-documents
GEM/2025/B/7032108,"[""GeM-Bidding-8748873_(1).pdf_1767680378_1834311222.pdf""]",tender-documents
GEM/2025/B/7033027,"[""ts__35_no-_2025-07-04t11-50-30-am_v0_1_2025-12-22-11-04-14_eacc39860e22139cab97e21fee22c6d0.pdf_1767350568_1742101873.pdf"", ""GeM-Bidding-8749918.pdf_1767350568_1893233141.pdf""]",tender-documents
GEM/2025/B/7033473,"[""GeM-Bidding-8750461_(1).pdf_1769149464_1914532286.pdf""]",tender-documents
GEM/2025/B/7034084,"[""TECH820_50c2a5b7-79e8-4762-8cec1766466344122_tanjaislog1.pdf_1766561965_219640574.pdf"", ""tech820_2025-12-22-16-42-32_1dcf01c3d4565c154f8d809927152d88.pdf_1766561965_1611552820.pdf"", ""GeM-Bidding-8751202_(2).pdf_1766561965_881246172.pdf""]",tender-documents
GEM/2025/B/7034274,"[""XIXIIBK_aaf50bd9-ab28-4e60-99651766469015492_mprpum.docx_1767162242_1704028240.docx"", ""annexurea_2025-12-23-10-52-35_fb7784333782ab8cc2652a8438076a87.pdf_1767162242_416482091.pdf"", ""GeM-Bidding-8751418_(1).pdf_1767162242_1656793497.pdf""]",tender-documents
GEM/2025/B/7034730,"[""ATC_Bij_3f9b60b9-eba3-4b7e-93131766471457133_CNS_DELHI_ATS_COMPLEX.docx_1766581829_1961765213.docx"", ""GeM-Bidding-8751921_(1).pdf_1766581829_1971382.pdf""]",tender-documents
GEM/2025/B/7036189,,tender-documents
GEM/2025/B/7036365,"[""GeM-Bidding-8753711.pdf_1768284290_101936611.pdf""]",tender-documents
GEM/2025/B/7036847,"[""ts-edited_2025-12-23-12-42-11_2d2d1a095c5db4199d5206642c187230.pdf_1767350331_949324635.pdf"", ""GeM-Bidding-8754234.pdf_1767350331_1332562939.pdf""]",tender-documents
GEM/2025/B/7037010,"[""1766557064.pdf_1767951784_1328951578.pdf"", ""GeM-Bidding-8754403.pdf_1767951784_789573359.pdf""]",tender-documents
GEM/2025/B/7037294,"[""12V_85aa1bbd-b31c-4393-b4361766490830672_digops.pdf_1766581689_1452189693.pdf"", ""Integrity_5867eca5-31b6-4400-8ccb1766490879050_digops.pdf_1766581689_1103991477.pdf"", ""GeM-Bidding-8754706_(1).pdf_1766581689_302024684.pdf""]",tender-documents
GEM/2025/B/7038136,"[""ATC_847bbecf-f9fa-467b-96c31766552758100_CHETAN_8MDSR.pdf_1767597526_891045312.pdf"", ""final_tech_specs_2025-12-23-20-37-17_aa28b0cd8d177bd3870b7b84b67639e6.pdf_1767597526_1124002275.pdf"", ""GeM-Bidding-8755655_(2).pdf_1767597526_233717960.pdf""]",tender-documents
GEM/2025/B/7039467,"[""GEM_Terms_c83587ca-3ed7-45f2-92db1766566843141_asmdpur@beml.docx_1766734628_1578336295.docx"", ""approved_technical_spec_ups_annexure_a_2025-12-24-10-33-35_9d4e9a857dfffd50e13191e11e783abe.pdf_1766734628_369196537.pdf"", ""GeM-Bidding-8757172_(1).pdf_1766734628_2111737162.pdf""]",tender-documents
GEM/2025/B/7040394,"[""GeM-Bidding-8758245_(1).pdf_1766734480_1217882809.pdf""]",tender-documents
GEM/2025/B/7040941,"[""technical_specification_2025-12-24-15-15-03_502b7c7eecfdd57e70688cf71c1e7e6e.pdf_1766996622_23152631.pdf"", ""GeM-Bidding-8758869.pdf_1766996622_18398429.pdf""]",tender-documents
GEM/2025/B/7041307,"[""TENDOC_22ce5420-c969-4719-a76f1766574378699_gailvizaggem@.pao1.pdf_1766732775_1604194033.pdf"", ""GeM-Bidding-8759286_(1).pdf_1766732775_1315256159.pdf""]",tender-documents
GEM/2025/B/7041697,"[""gemtenderc_2025-12-24-15-22-09_ad4c35e1b49e3b5902143e68d835b6d6.pdf_1766733364_1693828304.pdf"", ""GeM-Bidding-8759713_(3).pdf_1766733364_448958347.pdf""]",tender-documents
GEM/2025/B/7043046,"[""1767777573.pdf_1767856256_235121302.pdf"", ""1767777394.pdf_1767856256_88761407.pdf"", ""1767777367.pdf_1767856256_2047160207.pdf"", ""1767777352.pdf_1767856256_373011165.pdf"", ""1766646288.xlsx_1767856257_2016448676.xlsx"", ""GeM-Bidding-8761276_(2).pdf_1767856257_433421896.pdf""]",tender-documents
GEM/2025/B/7043513,"[""GeM-Bidding-8761777.pdf_1767436667_1136917533.pdf""]",tender-documents
GEM/2025/B/7044534,"[""1766730280.xlsx_1767556152_428472003.xlsx"", ""1766729205.pdf_1767556152_876555097.pdf"", ""GeM-Bidding-8762968.pdf_1767556152_699143672.pdf""]",tender-documents
GEM/2025/B/7045908,"[""GeM-Bidding-8764605.pdf_1769064174_1908705172.pdf""]",tender-documents
GEM/2025/B/7046297,"[""technical_specification7850648_2025-12-26-15-33-29_6045c63ffff5a11a41777ce9096d1467.pdf_1766819417_1577372715.pdf"", ""1766746300.xlsx_1766819417_717151081.xlsx"", ""GeM-Bidding-8765049_(2).pdf_1766819417_1379510534.pdf""]",tender-documents
GEM/2025/B/7046585,"[""technicalspecifications_2025-12-26-16-22-38_118bf5ce661d43cc470d3a3a304b0d74.pdf_1766818663_998651209.pdf"", ""GeM-Bidding-8765358_(1).pdf_1766818663_1466375700.pdf""]",tender-documents
GEM/2025/B/7047016,"[""IAF_AGRA.pdf_1768200899_264328207.pdf""]",tender-documents
GEM/2025/B/7047864,"[""ATC_10b7ff90-4217-4c02-a3091766810351399_con11.sail.burnpur.docx_1767079496_908989376.docx"", ""51730001000467_2025-12-27-10-01-27_e29f825ffae699753690404c39a5982a.pdf_1767079496_1252824418.pdf"", ""GeM-Bidding-8766884_(1).pdf_1767079496_1448070728.pdf""]",tender-documents
GEM/2025/B/7048347,"[""1771236005838_NIT_JAMSEDPUR_Precision_AC.pdf""]",tender-documents
GEM/2025/B/7049177,"[""dtc_spec_2025-12-24-16-06-09_3dbc47fa704e486253647065b37e1930.pdf_1767437415_1253335303.pdf"", ""GeM-Bidding-8768387.pdf_1767437415_270923431.pdf""]",tender-documents
GEM/2025/B/7050398,"[""GeM-Bidding-8769770_(1).pdf_1767005691_472340082.pdf""]",tender-documents
GEM/2025/B/7050565,"[""GeM-Bidding-8769968_(1).pdf_1767005444_575745502.pdf""]",tender-documents
GEM/2025/B/7052196,"[""tech_specification_2025-12-29-13-59-31_ee17c5d2c0099f8a173bfcaa379ce687.pdf_1767335570_287693312.pdf"", ""GeM-Bidding-8772004_(5).pdf_1767335570_323406318.pdf""]",tender-documents
GEM/2025/B/7052464,"[""lessthan5N_b21f868e-ea35-457d-a5dd1767066676187_SUBHAJIT.DAS.pdf_1767162418_750724637.pdf"", ""technical_specification_2025-12-29-12-45-58_0af1e6e6e579b5aa37297d9de44ba114.pdf_1767162418_1894691961.pdf"", ""110v-10a_float_charger-10a_float_cum_boost_charger__2025-12-29-12-45-58_07779d7741b5893c085d21519d0bd573.xlsx_1767162418_226494525.xlsx"", ""GeM-Bidding-8772331_(1).pdf_1767162418_283063967.pdf""]",tender-documents
GEM/2025/B/7052521,"[""atc29_2025-12-29-14-57-44_a5d8813cb1ffffa834e2dc4ec461abb7.pdf_1767079358_391306846.pdf"", ""GeM-Bidding-8772405.pdf_1767079358_1880319539.pdf""]",tender-documents
GEM/2025/B/7053096,"[""ATC_8542cc36-7832-4f55-bbac1767081122959_SBILHOBHU.BUY_CON4.pdf_1767606145_174663363.pdf"", ""GeM-Bidding-8773073_(1).pdf_1767606145_800013355.pdf""]",tender-documents
GEM/2025/B/7053129,"[""UPS_a1c302e3-4698-40f5-9f8a1767007716789_JSMODPHQ.pdf_1767336336_899934680.pdf"", ""GeM-Bidding-8773108_(1).pdf_1767336336_976672920.pdf""]",tender-documents
GEM/2025/B/7053284,"[""GeM-Bidding-8773292_(1).pdf_1768462198_989997444.pdf"", ""Western_Railway_Docs.pdf_1768984333_1076499888.pdf""]",tender-documents
GEM/2025/B/7053747,"[""BidderATC_c286efbf-d496-451b-86171767011550466_kvsingh@224abod.docx_1767788308_79241420.docx"", ""GeM-Bidding-8773852_(1).pdf_1767788308_205894695.pdf""]",tender-documents
GEM/2025/B/7054321,"[""spec_ups_2025-12-29-21-40-37_4556cf402b2845f6fa92b9d342b8a30c.pdf_1767164560_451836179.pdf"", ""GeM-Bidding-8774543_(1).pdf_1767164560_635060804.pdf""]",tender-documents
GEM/2025/B/7055605,"[""aon_acsfp_2025-12-30-14-04-23_cf32220dbedb59cc30a617f4e48b2257.pdf_1767164447_330308950.pdf"", ""GeM-Bidding-8776106_(1).pdf_1767164447_1501740801.pdf""]",tender-documents
GEM/2025/B/7057363,"[""qr_2025-12-31-10-02-16_13b04065b54eb66c1968b3b8be3fc68e.pdf_1768483197_38131393.pdf"", ""1767156625.xlsx_1768483197_1331104434.xlsx"", ""GeM-Bidding-8778180.pdf_1768483197_1189762225.pdf""]",tender-documents
GEM/2026/B/7059997,"[""techno_commerical_documnet_2025-12-31-17-08-04_2afebb4c264954bf779ed1f767001e4a.pdf_1767423919_1741493873.pdf"", ""GeM-Bidding-8781340_(1).pdf_1767423919_793197331.pdf""]",tender-documents
GEM/2026/B/7060190,"[""1767251472.pdf_1767422303_1180672506.pdf"", ""1767251466.pdf_1767422303_1839880961.pdf"", ""1767251459.pdf_1767422303_1209043818.pdf"", ""1767251452.xlsx_1767422303_1079024894.xlsx"", ""GeM-Bidding-8781575_(1).pdf_1767422303_96898691.pdf""]",tender-documents
GEM/2026/B/7061036,"[""GeM-Bidding-8782605.pdf_1769977393_1977224248.pdf"", ""96578320_(4).pdf_1769977393_1030234986.pdf"", ""96578320_(3).pdf_1769977393_2040572780.pdf"", ""96578320_(2).pdf_1769977393_174116154.pdf"", ""96578320_(1).pdf_1769977393_763984363.pdf"", ""96578320.pdf_1769977393_1298171758.pdf""]",tender-documents
GEM/2026/B/7061438,"[""ATCUPS_657ce912-64cf-43d3-b1961767272457914_CPPD5151125.pdf_1767336504_479735431.pdf"", ""technical_specilization__2026-01-01-17-17-04_9fef0f69fc8a4f2ca84f4e6fa52027d3.pdf_1767336504_742658985.pdf"", ""1767270401.xlsx_1767336504_1264822861.xlsx"", ""GeM-Bidding-8783091_(1).pdf_1767336504_977534328.pdf""]",tender-documents
GEM/2026/B/7061562,"[""GeM-Bidding-8783244_(1).pdf_1767336784_1329744573.pdf""]",tender-documents
GEM/2026/B/7061992,"[""Forms_7897740b-dfaf-4f03-ae131767331151050_saa3.purchase.iucaa.docx_1767423384_66509571.docx"", ""1767327951_(1).xlsx_1767423384_734357601.xlsx"", ""rfp_2025-12-31-17-23-31_ae650a619266246520d2f32c30999cb0.pdf_1767423384_451270850.pdf"", ""GeM-Bidding-8783780_(3).pdf_1767423384_608124877.pdf""]",tender-documents
GEM/2026/B/7063055,"[""GeM-Bidding-8785057_(1).pdf_1767423071_694503171.pdf""]",tender-documents
GEM/2026/B/7063148,"[""GeM-Bidding-8785166_(1).pdf_1767422535_851724641.pdf""]",tender-documents
GEM/2026/B/7064115,"[""20_kva_upss_2026-01-01-16-20-10_05330a22ceb293027309c6ac27e89ad4.pdf_1767422751_2095555164.pdf"", ""GeM-Bidding-8786355_(1).pdf_1767422751_1489173603.pdf""]",tender-documents
GEM/2026/B/7064197,"[""GeM-Bidding-8786455_(1).pdf_1767682065_1436675524.pdf""]",tender-documents
GEM/2026/B/7064406,"[""UPS.pdf_1767422923_2010372395.pdf"", ""100kva_upss_2026-01-01-16-22-23_c6c91e941286bc3f1d2272be52f34206.pdf_1767422923_1325278890.pdf"", ""GeM-Bidding-8786687_(1).pdf_1767422923_8097284.pdf""]",tender-documents
GEM/2026/B/7065486,"[""pac_work_description_2026-01-03-09-05-14_4dd53bc6e7e3f0b2e31cac397345122f.pdf_1768030250_1555519145.pdf"", ""1767422818.xlsx_1768030250_1223127618.xlsx"", ""GeM-Bidding-8787898.pdf_1768030250_1741458066.pdf""]",tender-documents
GEM/2026/B/7065537,"[""atc_2026-01-03-09-19-28_44498ec38b7c3019bc69f3fdda18321e.pdf_1767606873_234015373.pdf"", ""GeM-Bidding-8787952_(1).pdf_1767606873_1062635219.pdf""]",tender-documents
GEM/2026/B/7066184,"[""1770884157192_GeM-Bidding-8788691.pdf""]",tender-documents
GEM/2026/B/7066992,"[""12v100ah_c4d9beff-281d-4e10-81e41767436962522_digops.pdf_1767600645_876992166.pdf"", ""Integrity_b455534b-85d2-4edb-9c091767435960822_digops.pdf_1767600645_1195793168.pdf"", ""GeM-Bidding-8789581_(1).pdf_1767600645_31279421.pdf""]",tender-documents
GEM/2026/B/7067810,"[""GeM-Bidding-8790509.pdf_1768029893_71045057.pdf""]",tender-documents
GEM/2026/B/7068368,"[""GeM-Bidding-8791128.pdf_1767610105_1193899228.pdf""]",tender-documents
GEM/2026/B/7068681,"[""GeM-Bidding-8791475_(1).pdf_1769775511_1431323076.pdf""]",tender-documents
GEM/2026/B/7070406,"[""GeM-Bidding-8793438.pdf_1769192012_145551175.pdf""]",tender-documents
GEM/2026/B/7071044,"[""GeM-Bidding-8794213.pdf_1767790174_288763712.pdf""]",tender-documents
GEM/2026/B/7071047,"[""demii_8ea7a3e4-96d3-4513-b6fb1767594071515_HEADPOCS-GEM.pdf_1767681193_464948573.pdf"", ""GeM-Bidding-8794216_(2).pdf_1767681193_1219356182.pdf""]",tender-documents
GEM/2026/B/7071819,"[""demii_156e0aa7-b04f-4f05-a3441767602466847_HEADPOCS-GEM.pdf_1767681095_105487017.pdf"", ""1767598311.pdf_1767681095_1072289830.pdf"", ""GeM-Bidding-8795070_(2).pdf_1767681095_508286656.pdf""]",tender-documents
GEM/2026/B/7071998,"[""AC4ton_2efde378-bf45-41ae-9a781767600296370_gmcknp001.pdf_1767789957_493696685.pdf"", ""GeM-Bidding-8795282.pdf_1767789957_2005666000.pdf""]",tender-documents
GEM/2026/B/7072928,"[""GeM-Bidding-8796381_(1).pdf_1767681898_1160922333.pdf""]",tender-documents
GEM/2026/B/7073631,"[""custom_bid_battery_2026-01-05-14-02-33_19399c9151d0574369448c60312075d8.pdf_1767681370_1898721607.pdf"", ""GeM-Bidding-8797156_(1).pdf_1767681370_2084797906.pdf""]",tender-documents
GEM/2026/B/7073803,"[""specification_of_split_ac___exhaust_2026-01-05-16-49-43_c2dbe0a0261d5d3f93fc323d7b7a12c9.pdf_1768473059_1045638423.pdf"", ""GeM-Bidding-8797362.pdf_1768473059_1830614852.pdf""]",tender-documents
GEM/2026/B/7076110,"[""NIT_480fa137-f85f-43f3-960d1767700867155_BUYCON102@NSL.pdf_1767784881_1328332954.pdf"", ""ts_2026-01-06-11-06-04_58f0f9d2652a20855f2eddc44e6e4682.pdf_1767784881_1739974747.pdf"", ""GeM-Bidding-8800031_(1).pdf_1767784881_1733370244.pdf""]",tender-documents
GEM/2026/B/7078031,"[""GeM-Bidding-8802155_(1).pdf_1768889335_450380840.pdf""]",tender-documents
GEM/2026/B/7078057,"[""ac_2026-01-06-14-31-55_eb1931dfa67abb42d0fab1fa7577c368.pdf_1768379478_1683108761.pdf"", ""GeM-Bidding-8802185.pdf_1768379478_1229918531.pdf""]",tender-documents
GEM/2026/B/7078132,"[""GeM-Bidding-8802273.pdf_1769363350_815719009.pdf""]",tender-documents
GEM/2026/B/7078228,"[""NIT_8a65729a-b54c-43c6-b0c91767692198711_SBILHOKOL.BUYER74.pdf_1767868035_1140034240.pdf"", ""nit_for_ac_work_at_lho_2026-01-06-14-53-22_30dbe9c041312770a1d9ba61e7cd923f.pdf_1767868035_1442462775.pdf"", ""GeM-Bidding-8802386.pdf_1767868035_1537409473.pdf""]",tender-documents
GEM/2026/B/7078703,"[""GeM-Bidding-8802913_(2).pdf_1768029808_200192576.pdf""]",tender-documents
GEM/2026/B/7081182,"[""technical_specification_2026-01-06-16-50-10_cfc62faf897d74924837290784581002.pdf_1768033740_1426608120.pdf"", ""GeM-Bidding-8805637.pdf_1768033740_1567554405.pdf""]",tender-documents
GEM/2026/B/7081506,"[""GeM-Bidding-8806019_(1).pdf_1767859287_807338052.pdf""]",tender-documents
GEM/2026/B/7081806,"[""nit_2026-01-07-11-11-40_7a8dfc8ba48fa352a76864a035a28090.pdf_1767859509_1999657464.pdf"", ""GeM-Bidding-8806353_(1).pdf_1767859509_524405089.pdf""]",tender-documents
GEM/2026/B/7085635,"[""1767792452.pdf_1767857233_529713172.pdf"", ""GeM-Bidding-8810584_(1).pdf_1767857233_1569673754.pdf""]",tender-documents
GEM/2026/B/7086451,"[""technical_specifications_2026-01-07-17-43-45_5dff6b4fd8838fe0427ca8e025045c17.pdf_1768033113_510860069.pdf"", ""custom_catalog_ups_2026-01-07-17-43-45_8779c050b3122626d682d480c75a96b1.pdf_1768033113_424607879.pdf"", ""ATC_0ff6b7ca-1f97-4393-93ea1767856082147_buycon1143ongclgj.pdf_1768033113_1301030726.pdf"", ""GeM-Bidding-8811508_(2).pdf_1768033113_423076792.pdf""]",tender-documents
GEM/2026/B/7086982,"[""technicalbiddocs_2026-01-08-10-50-11_6c315f04907c753d3c62c802ab1fe16f_(1).xls_1769683827_1100519843.xls"", ""GeM-Bidding-8812099_(1).pdf_1769683827_1747835339.pdf""]",tender-documents
GEM/2026/B/7087065,"[""specification_2026-01-08-11-01-21_ea8438623686fc17699edc0f4c4260ae.pdf_1769363605_1327785800.pdf"", ""GeM-Bidding-8812190.pdf_1769363605_167126279.pdf""]",tender-documents
GEM/2026/B/7087324,"[""GeM-Bidding-8812477.pdf_1768374389_654852648.pdf""]",tender-documents
GEM/2026/B/7088824,"[""ac_specs_2026-01-08-14-21-00_e3c5ae80083beb915d2bbc0d9395c8e0.pdf_1768541192_861778996.pdf"", ""GeM-Bidding-8814167.pdf_1768541192_1185652318.pdf""]",tender-documents
GEM/2026/B/7091891,"[""specification_-_controlled_atmospheric_2026-01-09-10-19-52_5f55a179644613e6f62588909045c580.pdf_1768931851_1315232615.pdf"", ""1767934585.xlsx_1768931851_1921488467.xlsx"", ""GeM-Bidding-8817608.pdf_1768931851_960995786.pdf""]",tender-documents
GEM/2026/B/7091976,"[""GeM-Bidding-8817703.pdf_1769456634_663571103.pdf""]",tender-documents
GEM/2026/B/7094896,"[""GeM-Bidding-8820989.pdf_1770030515_147207406.pdf""]",tender-documents
GEM/2026/B/7100277,"[""1768192326.pdf_1768384667_720104530.pdf"", ""GeM-Bidding-8827174.pdf_1768384667_1579546505.pdf""]",tender-documents
GEM/2026/B/7101766,"[""1770880027812_GeM-Bidding-8828992.pdf""]",tender-documents
GEM/2026/B/7103056,"[""1773391262741_GeM-Bidding-8830506__1_.pdf""]",tender-documents
GEM/2026/B/7103703,"[""ATCattach_82063df2-9ef5-4ac2-b4281768220147173_r.maheshwari.sail@nic.in.pdf_1768849227_2100381031.pdf"", ""GeM-Bidding-8831243.pdf_1768849227_1421929861.pdf"", ""1010085008_catalog_2026-01-12-11-29-07_9874417f706863cb764eb7aefced1871.pdf_1768849227_1225104976.pdf""]",tender-documents
GEM/2026/B/7103781,"[""GeM-Bidding-8831331.pdf_1768461700_508189000.pdf""]",tender-documents
GEM/2026/B/7106953,"[""1771230985611_GeM-Bidding-8834941__1_.pdf""]",tender-documents
GEM/2026/B/7107385,"[""GeM-Bidding-8835415.pdf_1768374110_1289277371.pdf""]",tender-documents
GEM/2026/B/7109027,"[""GeM-Bidding-8837195.pdf_1768888838_1342289344.pdf""]",tender-documents
GEM/2026/B/7110670,"[""GeM-Bidding-8839009.pdf_1769799319_1973898963.pdf""]",tender-documents
GEM/2026/B/7111706,"[""GeM-Bidding-8840150_(2).pdf_1768463214_2064538586.pdf""]",tender-documents
GEM/2026/B/7112011,"[""1770890377099_GeM-Bidding-8840496.pdf""]",tender-documents
GEM/2026/B/7112493,"[""tower_ac_specs_2026-01-13-10-16-09_ce8e19b38072c6ad53d7c0d9e922a879.pdf_1769193604_216794486.pdf"", ""GeM-Bidding-8841024.pdf_1769193604_686249810.pdf""]",tender-documents
GEM/2026/B/7115554,"[""1768474403.xlsx_1769617643_1295885914.xlsx"", ""ATC_1ffe9d02-2636-472b-939c1768477212029_AGM_PROJECT1.pdf_1769617643_7694572.pdf"", ""GeM-Bidding-8844584.pdf_1769617643_129438432.pdf""]",tender-documents
GEM/2026/B/7118257,"[""GeM-Bidding-8847875.pdf_1768806216_1999076723.pdf""]",tender-documents
GEM/2026/B/7119285,"[""GeM-Bidding-8849098.pdf_1769363000_178946997.pdf""]",tender-documents
GEM/2026/B/7120158,"[""GeM-Bidding-8850154_(1).pdf_1768804442_1003680229.pdf"", ""GeM-Bidding-Corr-8850154-1.pdf_1770103630_134956702.pdf""]",tender-documents
GEM/2026/B/7120197,"[""1010085165_catalog_2026-01-16-19-31-28_89188a7cdc717bc0f0bedf02fdda0959.pdf_1769367146_1708598444.pdf"", ""GeM-Bidding-8850202.pdf_1769367146_53023789.pdf""]",tender-documents
GEM/2026/B/7120289,"[""GeM-Bidding-8850311.pdf_1769193416_1828373933.pdf""]",tender-documents
GEM/2026/B/7120613,"[""1772433586553_ATCmerged_cf34918e-39ee-426f-a1d01771390244538_buy.pdf"", ""1772433586750_GeM-Bidding-8850689__1_.pdf"", ""1772433586870_excel_of_item_no-10_2026-01-16-10-16-56_cc2a2a8ae5.xlsx""]",tender-documents
GEM/2026/B/7121796,"[""technical_speciifcation_2026-01-17-15-43-10_a1c39eaaec139dde64427da8aba80079.pdf_1770045841_1375736298.pdf"", ""1768646821.xlsx_1770045841_1631457708.xlsx"", ""GeM-Bidding-8852065.pdf_1770045841_1170347462.pdf""]",tender-documents
GEM/2026/B/7122135,"[""GeM-Bidding-8852457.pdf_1769683631_2031737862.pdf""]",tender-documents
GEM/2026/B/7123812,"[""GeM-Bidding-8854510_(1).pdf_1769675257_285371985.pdf""]",tender-documents
GEM/2026/B/7124715,"[""1772872508563_1768813086.pdf"", ""1772872508594_GeM-Bidding-8855637.pdf"", ""1772872508798_scope_of_work_ac_2026-01-19-12-43-26_dc6b6931bb5be.pdf""]",tender-documents
GEM/2026/B/7124746,"[""1771995665076_GeM-Bidding-8855678.pdf"", ""1771996454983_Annexure1_acf060de-688b-4c5a-b0991768809674527_SRD.pdf""]",tender-documents
GEM/2026/B/7128098,"[""1773731398411_spec_2026-01-20-10-41-04_9325002c517307a264a32d15f.pdf"", ""1773731398424_GeM-Bidding-8859739.pdf"", ""1773731398528_Z3MATRIX_a8361f19-d86c-4f7c-95d51769170335269_jcpr.pdf""]",tender-documents
GEM/2026/B/7134837,"[""1771047674463_NALCO_PACKAGE_TECH_SPEC.pdf"", ""1771047674597_GeM-Bidding-8867321.pdf""]",tender-documents
GEM/2026/B/7135632,"[""1771771264144_GeM-Bidding-8868208.pdf""]",tender-documents
GEM/2026/B/7137397,"[""193316379.pdf_1769671686_705527987.pdf"", ""193316380.pdf_1769671686_1159428744.pdf"", ""193316381.pdf_1769671686_1813432959.pdf""]",tender-documents
GEM/2026/B/7137538,"[""1770890632347_GeM-Bidding-8870409.pdf""]",tender-documents
GEM/2026/B/7138793,"[""1767608674_(1)_(1).pdf_1769673795_102169200.pdf""]",tender-documents
GEM/2026/B/7139798,"[""1770896508343_GeM-Bidding-8872979__8_.pdf""]",tender-documents
GEM/2026/B/7143217,"[""GeM-Bidding-8876850_(2).pdf_1769689297_937121658.pdf""]",tender-documents
GEM/2026/B/7143277,"[""GeM-Bidding-8876917.pdf_1769688405_811263205.pdf""]",tender-documents
GEM/2026/B/7143438,"[""GeM-Bidding-8877094.pdf_1769688702_1551297672.pdf""]",tender-documents
GEM/2026/B/7145553,"[""spec-upload_2026-01-21-15-44-07_50a9c28a6ae91cf7781581859e5d618a.pdf_1769685116_2032984029.pdf"", ""GeM-Bidding-8879404_(1).pdf_1769685116_710679084.pdf""]",tender-documents
GEM/2026/B/7147768,"[""Stattry_Up_177916a3-3358-4ddf-97dc1769236178977_buyernalcopf.pdf_1769684779_125586517.pdf"", ""tech_spec_2026-01-24-11-29-32_d9a873acf2768637f1ea1a4d786a3954.pdf_1769684779_1586508290.pdf"", ""GeM-Bidding-8881948.pdf_1769684779_1357105965.pdf""]",tender-documents
GEM/2026/B/7149160,"[""1770792997474_ATC_fill.pdf"", ""1770792998138_GeM-Bidding-8883518__2_.pdf""]",tender-documents
GEM/2026/B/7152763,"[""GeM-Bidding-8887835.pdf_1770099722_603428912.pdf""]",tender-documents
GEM/2026/B/7152902,"[""GeM-Bidding-8887993.pdf_1769775303_1114676804.pdf""]",tender-documents
GEM/2026/B/7153717,"[""193808115.pdf_1770182651_835562938.pdf"", ""193808113.pdf_1770182651_1866160110.pdf"", ""193808114.pdf_1770182651_1195311938.pdf""]",tender-documents
GEM/2026/B/7154389,"[""GeM-Bidding-8889712_(2).pdf_1769674496_1866328841.pdf""]",tender-documents
GEM/2026/B/7154590,"[""GeM-Bidding-8889938_(1).pdf_1769976398_390476903.pdf""]",tender-documents
GEM/2026/B/7157202,"[""1770874456500_GeM-Bidding-8892976__4_.pdf"", ""1770874459230_ATCAC_2aa63efb-83d5-4fb1-80611769577458154_m1_proc.pdf""]",tender-documents
GEM/2026/B/7157755,"[""GeM-Bidding-8893596.pdf_1770144999_1126354073.pdf""]",tender-documents
GEM/2026/B/7157803,"[""1772013896454_GeM-Bidding-8893648__5_.pdf"", ""1772013911157_Combine_d5d78ae9-bcd4-4ed7-94fb1769581500923_11178.pdf"", ""1772013925920_1769580487__4_.xlsx""]",tender-documents
GEM/2026/B/7158025,"[""1769581261_(2).pdf_1769771031_14502462.pdf"", ""96913858.pdf_1769771031_434002198.pdf""]",tender-documents
GEM/2026/B/7158374,"[""GeM-Bidding-8894294.pdf_1769772691_577083955.pdf""]",tender-documents
GEM/2026/B/7159149,"[""GeM-Bidding-8895160.pdf_1769672830_1235957135.pdf""]",tender-documents
GEM/2026/B/7159493,"[""GeM-Bidding-8895552_(1).pdf_1769679328_1838435586.pdf""]",tender-documents
GEM/2026/B/7161676,"[""1771905264286_1769606207.xlsx"", ""1771905264303_GeM-Bidding-8897944.pdf"", ""1771905264469_technical_specifications_2026-01-28-18-39-29_0c773.pdf""]",tender-documents
GEM/2026/B/7162315,"[""1774867385358_GeM-Bidding-8898662.pdf""]",tender-documents
GEM/2026/B/7162320,"[""1770387849721_GeM-Bidding-8898670.pdf""]",tender-documents
GEM/2026/B/7163389,"[""GeM-Bidding-8899885.pdf_1769857681_1538827756.pdf""]",tender-documents
GEM/2026/B/7163786,"[""1770971867696_GeM-Bidding-8900317__5_.pdf""]",tender-documents
GEM/2026/B/7164357,"[""ATC_5fbc214b-01de-43fe-94d91769676940177_aojcpc.pdf_1769857564_1543584124.pdf"", ""item_list_2026-01-29-13-02-27_9cb0ca491e1f2c85d724c0e3f97136ba.pdf_1769857564_815450777.pdf"", ""GeM-Bidding-8900944.pdf_1769857564_1426375246.pdf""]",tender-documents
GEM/2026/B/7164740,"[""1770372676178_194115102.pdf"", ""1770372676247_194115103.xlsx"", ""1770372676250_194115104.pdf""]",tender-documents
GEM/2026/B/7164965,"[""1770966834714_doc8071720027131202665.pdf""]",tender-documents
GEM/2026/B/7165839,"[""1771407969571_GeM-Bidding-8902573__1_.pdf""]",tender-documents
GEM/2026/B/7166434,"[""GeM-Bidding-8903240_(2).pdf_1769857964_2044554005.pdf""]",tender-documents
GEM/2026/B/7171222,"[""GeM-Bidding-8908654.pdf_1769858366_680642912.pdf""]",tender-documents
GEM/2026/B/7171225,"[""1772393520885_GeM-Bidding-8908658__2_.pdf""]",tender-documents
GEM/2026/B/7173655,"[""1775890963263_GeM-Bidding-8911426__3_.pdf"", ""1775890963327_Technical_Specification_1_5_ton_3_Star.pdf"", ""1775890963337_Technical_Specification_for_2_ton_3_Star.pdf""]",tender-documents
GEM/2026/B/7175147,"[""GeM-Bidding-8913145.pdf_1770030979_688247315.pdf""]",tender-documents
GEM/2026/B/7175923,"[""1771236606356_GAIL_PATA__SITC_OF_20_NOS.pdf""]",tender-documents
GEM/2026/B/7177131,"[""1770889517209_GeM-Bidding-8915381.pdf"", ""1770890860583_ATC_1d772ab4-4e92-4f1a-820f1770624222858_buyersoni.doc"", ""1770890860600_PGCIL_QUALIFICATION_OF_THE_BIDDER.pdf"", ""1770890860656_Tech_PGCIL_tuglakabad.pdf"", ""1770890881816_1769937457__1_.pdf""]",tender-documents
GEM/2026/B/7178138,"[""1772171773815_PGCIL_HOT_ANAD_COOL.pdf""]",tender-documents
GEM/2026/B/7178200,"[""1771846303147_MSME_LUDHIANA.pdf""]",tender-documents
GEM/2026/B/7180304,"[""GeM-Bidding-8919171.pdf_1770118609_1740610431.pdf""]",tender-documents
GEM/2026/B/7183048,"[""1770882764468_GeM-Bidding-8922314.pdf""]",tender-documents
GEM/2026/B/7183234,"[""1772013111162_GeM-Bidding-8922529__1_.pdf""]",tender-documents
GEM/2026/B/7183550,"[""1770883485140_GeM-Bidding-8922896.pdf""]",tender-documents
GEM/2026/B/7185310,"[""1770885081993_GeM-Bidding-8924925.pdf""]",tender-documents
GEM/2026/B/7185791,"[""1772782303349_GeM-Bidding-8925472__4_.pdf"", ""1772782351224_GEM_ATC_AC_4e38808d-8f56-4afc-9dad1770114468768_mo.pdf""]",tender-documents
GEM/2026/B/7186555,"[""1771660819700_GeM-Bidding-8926285__9_.pdf""]",tender-documents
GEM/2026/B/7186983,"[""1770883368906_GeM-Bidding-8926756.pdf""]",tender-documents
GEM/2026/B/7187569,"[""1770618323019_Buyer57BOP_651581c3-f67d-4a67-9b3c1770185872284_Dt.pdf"", ""1770618323390_1770184438.pdf"", ""1770618323775_1770184354.pdf"", ""1770618324021_GeM-Bidding-8927427.pdf""]",tender-documents
GEM/2026/B/7188670,"[""1772516010170_GEM_DOC.pdf"", ""1772516010236_specification_doc.pdf""]",tender-documents
GEM/2026/B/7188822,"[""1770882324202_GeM-Bidding-8928840.pdf""]",tender-documents
GEM/2026/B/7190784,"[""1771236314723_8_tr_inverter_type__tower_acs_2026-02-04-13-36-40_.pdf"", ""1771236314834_1770192734.pdf"", ""1771236314883_1770192747.pdf"", ""1771236314940_1770192753.pdf"", ""1771236315119_1770192759.pdf""]",tender-documents
GEM/2026/B/7191657,"[""1770883119892_GeM-Bidding-8932004.pdf""]",tender-documents
GEM/2026/B/7191829,"[""1772266309123_GeM-Bidding-Corr-8932189-3.pdf"", ""1772266309153_ATCFINAL_d99dba48-704c-4b37-8bf91770978946975_dsri.docx"", ""1772266309154_GeM-Bidding-8932189.pdf""]",tender-documents
GEM/2026/B/7195241,"[""1773475390436_battery_techincal_specifications_2026-02-05-11-49-.pdf"", ""1773475390552_GeM-Bidding-8936079__4_.pdf"", ""1773475390640_1770275096.pdf"", ""1773475390668_1770273566.pdf""]",tender-documents
GEM/2026/B/7198011,"[""1772880463134_specs_-_1_2026-02-05-16-49-06_3830959f4ba91bbafbf2.pdf"", ""1772880463193_GeM-Bidding-8939173.pdf""]",tender-documents
GEM/2026/B/7198274,"[""1774682431916_GeM-Bidding-8939468__1_.pdf""]",tender-documents
GEM/2026/B/7198379,"[""1770372262914_194158866.pdf"", ""1770372263086_194158864.pdf"", ""1770372263139_194158865.xlsx""]",tender-documents
GEM/2026/B/7198719,"[""1770881699956_GeM-Bidding-8939964.pdf""]",tender-documents
GEM/2026/B/7201555,"[""1771237168879_GeM-Bidding-8943174__3_.pdf""]",tender-documents
GEM/2026/B/7201636,"[""1770890879768_GeM-Bidding-8943267.pdf""]",tender-documents
GEM/2026/B/7201949,"[""1771243482614_GeM-Bidding-8943614__3_.pdf""]",tender-documents
GEM/2026/B/7204444,"[""1770966322379_GeM-Bidding-8946422.pdf"", ""1771488258470_Gail_Ranchi_ATC_Docs.pdf""]",tender-documents
GEM/2026/B/7210701,"[""1770891203770_GeM-Bidding-8953714.pdf""]",tender-documents
GEM/2026/B/7210767,"[""1770889177956_GeM-Bidding-8953785.pdf""]",tender-documents
GEM/2026/B/7212125,"[""1770891469045_GeM-Bidding-8955377.pdf""]",tender-documents
GEM/2026/B/7212671,"[""1770967939611_GeM-Bidding-8955984.pdf""]",tender-documents
GEM/2026/B/7212987,"[""1771772975785_GeM-Bidding-8956340.pdf""]",tender-documents
GEM/2026/B/7216295,"[""1771051176785_GeM-Bidding-8960199.pdf""]",tender-documents
GEM/2026/B/7216850,"[""1772099723166_GeM-Bidding-8960809__4_.pdf""]",tender-documents
GEM/2026/B/7218667,"[""1772514812634_1770816798__1_.pdf"", ""1772514812697_1770816879__1_.pdf"", ""1772514812744_ATC_87b6fdf4-5349-49bf-901c1770816754211_gsm-pnc__.pdf"", ""1772514812809_IntgPactUn_91600aae-d156-4232-a12c1770816537414_gs.pdf"", ""1772514813116_NHPC_salal_Power_Station_Gem_doc.pdf""]",tender-documents
GEM/2026/B/7219479,"[""1770969625951_GeM-Bidding-8963710.pdf""]",tender-documents
GEM/2026/B/7220692,"[""1770892002582_GeM-Bidding-8965081.pdf""]",tender-documents
GEM/2026/B/7220780,"[""1771221260590_PGCIL_LFP.pdf""]",tender-documents
GEM/2026/B/7221565,"[""1775545845902_lpp1193_c7c4ef1d-8f19-466d-a1de1770790095885_lpcel.pdf"", ""1775545845909_GeM-Bidding-8966081.pdf""]",tender-documents
GEM/2026/B/7221654,"[""1775284563356_1775219283.pdf"", ""1775284563916_1770806602.pdf"", ""1775284564031_1775219373.xlsx"", ""1775284564033_GeM-Bidding-8966183.pdf"", ""1776925319818_TD_QAP_887f26de-3241-4855-98711775219633286_nithya.pdf""]",tender-documents
GEM/2026/B/7225711,"[""1770893394731_194805527.pdf""]",tender-documents
GEM/2026/B/7230967,"[""1772007602980_GeM-Bidding-8976539__5_.pdf""]",tender-documents
GEM/2026/B/7231340,"[""1773481178653_schedule_2_20_replacement_installation_and_commiss.pdf"", ""1773481178687_GeM-Bidding-8976953__1_.pdf""]",tender-documents
GEM/2026/B/7233473,"[""1771049365002_doc1537239917048966562.pdf""]",tender-documents
GEM/2026/B/7233657,"[""1773389809174_MIINDEMD5_43229fa2-294d-4d45-9b9a1770975486574_kar.pdf"", ""1773389809211_GeM-Bidding-8979568__2_.pdf""]",tender-documents
GEM/2026/B/7234551,,tender-documents
GEM/2026/B/7235982,"[""1772862186007_GeM-Bidding-8982144__1_.pdf""]",tender-documents
GEM/2026/B/7236269,"[""1770987549235_GeM-Bidding-8982456.pdf""]",tender-documents
GEM/2026/B/7236393,"[""1772176107228_GeM-Bidding-8982591.pdf""]",tender-documents
GEM/2026/B/7237753,"[""1773390935646_ATC1_c9130766-9ad4-4c26-ac821771241520407_nchaplot.pdf"", ""1773390935943_GeM-Bidding-8984097.pdf""]",tender-documents
GEM/2026/B/7241055,"[""1772429392735_e_document_2_2026-02-14-10-01-48_8e9b2013044f875c6.pdf"", ""1772429392814_GeM-Bidding-8987858__2_.pdf""]",tender-documents
GEM/2026/B/7245081,"[""1772193449765_GeM-Bidding-8992669__1_.pdf""]",tender-documents
GEM/2026/B/7246666,"[""1771407499994_GeM-Bidding-8994477.pdf"", ""1773042248079_1771239847.xlsx"", ""1773042253809_DTL_ATC_DOCUMENTS.pdf""]",tender-documents
GEM/2026/B/7246971,"[""1772170182634_GeM-Bidding-8994808__2_.pdf""]",tender-documents
GEM/2026/B/7247375,"[""1772692526215_GeM-Bidding-8995284.pdf"", ""1772692538786_ATC_e1598202-4b75-4da2-ab771771662430515_ZO_DELC_C.pdf""]",tender-documents
GEM/2026/B/7247430,"[""1775111150123_GeM-Bidding-8995349.pdf""]",tender-documents
GEM/2026/B/7251556,"[""1774336704629_1773735690__1_.pdf""]",tender-documents
GEM/2026/B/7252146,"[""1775108365443_GeM-Bidding-9000757__4_.pdf"", ""1775108395931_spcification_doc.pdf"", ""1775108416517_Technical_Spcification.pdf""]",tender-documents
GEM/2026/B/7255068,"[""1772083203513_GeM-Bidding-9004031__3_.pdf""]",tender-documents
GEM/2026/B/7257289,"[""1772800786985_GeM-Bidding-9006535__6_.pdf"", ""1772800795052_ITB_e839c7d8-2179-4b89-8d471771479455926_PATACNP1_.pdf""]",tender-documents
GEM/2026/B/7261701,"[""1776759208918_GeM-Bidding-9011512__5_.pdf""]",tender-documents
GEM/2026/B/7262969,"[""1773473975365_spec_2026-02-18-11-13-35_2a9d658340f7abb01ab91488d.pdf"", ""1773473975484_GeM-Bidding-9012951__3_.pdf"", ""1773473975529_ATC_7983357c-33fd-4b02-8b621771497586065_krishnafa.pdf""]",tender-documents
GEM/2026/B/7263111,"[""1773127463200_GeM-Bidding-9013111__7_.pdf""]",tender-documents
GEM/2026/B/7263353,"[""1772790832142_GeM-Bidding-9013375.pdf"", ""1773047096375_05_technical_specifications_2026-02-19-15-48-34_82.pdf"", ""1773047096429_1771499466.pdf"", ""1773047096492_1771499548.pdf"", ""1773047096509_1771499556.pdf""]",tender-documents
GEM/2026/B/7264625,"[""1772521913688_ATC_7ad57989-a185-4ee1-99c71772278747556_Buyerkwar.pdf"", ""1772521913756_IP_43b42127-6845-452b-8f301772278680324_Buyerkwar1.pdf"", ""1772521913781_GeM-Bidding-9014798.pdf""]",tender-documents
GEM/2026/B/7266004,"[""1773904930201_GeM-Bidding-9016468__1_.pdf"", ""1773904976215_SA8000_ALL_2dceaecf-6342-4cd8-85c91771564125867_na.pdf""]",tender-documents
GEM/2026/B/7268179,"[""1773203112078_196189867.pdf"", ""1773203112174_196189868.pdf"", ""1773203112187_197340630.pdf""]",tender-documents
GEM/2026/B/7268437,"[""1772098310113_GeM-Bidding-9019196__4_.pdf""]",tender-documents
GEM/2026/B/7270245,"[""1772430936930_GeM-Bidding-9021177.pdf""]",tender-documents
GEM/2026/B/7271738,"[""1773750279690_GeM-Bidding-9022921.pdf""]",tender-documents
GEM/2026/B/7276965,"[""1773119890845_GeM-Bidding-9029035.pdf""]",tender-documents
GEM/2026/B/7277203,"[""1773727967050_GeM-Bidding-9029309__3_.pdf""]",tender-documents
GEM/2026/B/7277220,"[""1775805258432_ATC_91ee1bc3-0b57-475b-b3311773918373978_projectce.pdf"", ""1775805258981_GeM-Bidding-9029326.pdf""]",tender-documents
GEM/2026/B/7277920,"[""1773128096334_GeM-Bidding-9030144__1_.pdf""]",tender-documents
GEM/2026/B/7279775,"[""1772083000858_GeM-Bidding-9032300.pdf""]",tender-documents
GEM/2026/B/7279868,"[""1772015932869_GeM-Bidding-9032409__1_.pdf""]",tender-documents
GEM/2026/B/7281007,"[""1772017922717_GeM-Bidding-9033705__2_.pdf""]",tender-documents
GEM/2026/B/7282515,"[""1772175728087_CWC_DELHI.pdf""]",tender-documents
GEM/2026/B/7283092,"[""1772880245756_GeM-Bidding-9036169__1_.pdf""]",tender-documents
GEM/2026/B/7283302,"[""1773990613240_56PTender_6a4fdba8-a251-4f5f-a4e61772171880657_SEN.pdf"", ""1773990613540_sow_scc_2026-02-23-16-45-04_6fa197d630e9e1a4820c4f.pdf"", ""1773990613563_GeM-Bidding-9036391__2_.pdf""]",tender-documents
GEM/2026/B/7286813,"[""1773822237514_GeM-Bidding-9040306.pdf"", ""1773822237595_25wz8c002_2026-02-20-16-26-23_7b4d109c4bcda486eab2.pdf""]",tender-documents
GEM/2026/B/7287195,"[""1773822811213_draft_rfp_2026-02-24-20-14-21_be9447422675a8a90a2a.pdf"", ""1773822811229_GeM-Bidding-9040736.pdf"", ""1773822811259_GeM-Bidding-9040736__1_.pdf""]",tender-documents
GEM/2026/B/7287648,"[""1772190530057_GeM-Bidding-9041236__2_.pdf""]",tender-documents
GEM/2026/B/7287902,"[""1772278246749_50KVAUPS_59d435d9-dd6e-4185-a3001771995741245_buye.pdf"", ""1772278246794_GeM-Bidding-9041533__1_.pdf""]",tender-documents
GEM/2026/B/7287927,"[""1773209747217_GeM-Bidding-9041559__2_.pdf"", ""1773209754828_ATC_984e8659-18c5-4087-ab9a1771995992791_halengimm.pdf""]",tender-documents
GEM/2026/B/7288814,"[""1772183672666_3400000899_1b952755-7682-43f9-84ea1772001588286_BU.pdf"", ""1772183672870_GeM-Bidding-9042540.pdf""]",tender-documents
GEM/2026/B/7292423,"[""1773209445465_1772026095.pdf"", ""1773209445629_ATC_f309b1da-4e88-4e1b-a13b1772026555296_vikas_ica.pdf"", ""1773209445830_GeM-Bidding-9046601.pdf""]",tender-documents
GEM/2026/B/7297091,"[""1772257030509_Western_Railway_UPS.pdf""]",tender-documents
GEM/2026/B/7299312,"[""1774525933481_GeM-Bidding-9054505__3_.pdf"", ""1774525944276_annexure-a_2026-02-27-11-14-44_8d29cc52ae09d34484e.pdf"", ""1774525953838_Annex_BC_ffed4ad0-38a4-43d3-bb5b1772171665118_npkn.pdf""]",tender-documents
GEM/2026/B/7301626,"[""1772430413399_GeM-Bidding-9057105__1_.pdf""]",tender-documents
GEM/2026/B/7302288,"[""1775545740325_BATCF_d5fbbfb5-5280-42c1-8a431774872149326_buyerlu.pdf"", ""1775545741112_GeM-Bidding-9057835.pdf""]",tender-documents
GEM/2026/B/7302590,"[""1772392638215_GeM-Bidding-9058156__1_.pdf""]",tender-documents
GEM/2026/B/7306103,"[""1774696308574_ATC_544276f6-44c3-4dd8-b8451773211466648_mayureshc.docx"", ""1774696308575_GeM-Bidding-9062259__1_.pdf""]",tender-documents
GEM/2026/B/7306631,"[""1772779662096_GeM-Bidding-9062837.pdf"", ""1772779667318_177Tender_22ca0964-3fdd-4183-bbb81772690505617_buy.pdf""]",tender-documents
GEM/2026/B/7309252,"[""1773651322288_technical_specification_2026-03-02-11-41-38_dd0349.pdf"", ""1773651322426_GeM-Bidding-9066050.pdf"", ""1773651322506_Tender_Doc_748986b2-b3dd-4dc4-b4011772522052811_bu.pdf""]",tender-documents
GEM/2026/B/7310341,"[""1774423367646_GeM-Bidding-9067354__3_.pdf"", ""1774423395809_ATC_d8f82508-5e40-40a7-97f11772441573687_SMPCS02__.pdf"", ""1774423402707_Specification_Document.pdf""]",tender-documents
GEM/2026/B/7311900,"[""1773653951123_Anexure_ce826b6c-9001-4381-bf8e1772537061097_buyer.docx"", ""1773653951124_GeM-Bidding-9069130__1_.pdf"", ""1773653951156_specification_2026-03-02-17-06-27_a1be05f41df9188a.pdf""]",tender-documents
GEM/2026/B/7313241,"[""1773817218854_1772513115.pdf"", ""1773817218872_1772513457.pdf"", ""1773817234471_GeM-Bidding-9070733__3_.pdf""]",tender-documents
GEM/2026/B/7313949,"[""1773750092235_GeM-Bidding-9071589__4_.pdf""]",tender-documents
GEM/2026/B/7313972,"[""1773302028049_GeM-Bidding-9071614__2___1_.pdf"", ""1773302050357_GeMP25451_bf82f8df-06d9-4140-84781772541552886_buy.docx""]",tender-documents
GEM/2026/B/7315234,"[""1775804000346_GeM-Bidding-9073052.pdf""]",tender-documents
GEM/2026/B/7315632,"[""1773472804048_TenderUPS_348d2a94-4d78-4991-82a11773403107941_buy.pdf"", ""1773472804180_GeM-Bidding-9073498.pdf""]",tender-documents
GEM/2026/B/7316065,"[""1773145149054_GeM-Bidding-9073974__4_.pdf""]",tender-documents
GEM/2026/B/7316228,"[""1773222013214_GeM-Bidding-9074161__3_.pdf""]",tender-documents
GEM/2026/B/7317018,"[""1773129174133_GeM-Bidding-9075092__1_.pdf"", ""1773129174166_Tender_SMF_22082aa9-7b91-43b8-94fa1773048485183_CG.pdf""]",tender-documents
GEM/2026/B/7318580,"[""1772879802799_GeM-Bidding-9076946__1_.pdf""]",tender-documents
GEM/2026/B/7318847,"[""1772880717351_SPECIFICATION_HAL.pdf"", ""1772880717393_1772687156__2_.pdf"", ""1772880717459_GeM-Bidding-9077350.pdf""]",tender-documents
GEM/2026/B/7319478,"[""1772879999358_GeM-Bidding-9078127.pdf""]",tender-documents
GEM/2026/B/7319925,"[""1773885792311_accrite__82a4e91f-995a-44bf-874d1772707504749_jaya.docx"", ""1773885792316_GeM-Bidding-9078669.pdf"", ""1773885792430_package_ac_spec_2026-03-05-12-48-57_ab5a4b23b79c5d.pdf""]",tender-documents
GEM/2026/B/7321189,"[""1773724742216_GeM-Bidding-9080195__4_.pdf"", ""1773724765136_Tender_753f5460-b84f-4095-a1551772796213817_SENIOR.pdf""]",tender-documents
GEM/2026/B/7322133,"[""1773903965497_FORMAT_a6636696-29ab-4c2b-83371772715155229_ssharm.docx"", ""1773903965498_GeM-Bidding-9081294.pdf""]",tender-documents
GEM/2026/B/7327972,"[""1773302370151_sow_ts_gtr_2026-03-06-19-39-27_2e15fda76659e3c9e80.pdf"", ""1773302370695_GeM-Bidding-9088002.pdf""]",tender-documents
GEM/2026/B/7328452,"[""1773222878694_ATC_ac2a0064-6ec2-4a19-93f91772854810787_CPOKR12.pdf"", ""1773222878940_GeM-Bidding-9088547.pdf""]",tender-documents
GEM/2026/B/7330612,"[""1773129584153_ups45_54f9f6b9-c49c-4f0b-b6111772878375709_buyer26.pdf"", ""1773129584196_GeM-Bidding-9091083.pdf""]",tender-documents
GEM/2026/B/7332270,"[""1773132136081_ATC_LAK_db1810ea-ba6e-42da-acff1773039815827_buyer.doc"", ""1773132136092_GeM-Bidding-9093038.pdf""]",tender-documents
GEM/2026/B/7336602,"[""1774521711572_1773057271.pdf"", ""1774521711773_bid_doc_2026-03-09-13-56-55_7d61dac17e2f87e2805fed.pdf"", ""1774521711843_GeM-Bidding-9098347.pdf""]",tender-documents
GEM/2026/B/7337403,"[""1775198520035_GeM-Bidding-9099361.pdf"", ""1775198558115_Tech.pdf"", ""1775198581867_GEMATC_994ea659-d957-4f19-b64b1773069215380_buyerh.pdf"", ""1775198595132_1773068705.pdf"", ""1775198619468_1773068795.pdf""]",tender-documents
GEM/2026/B/7338866,"[""1773220560833_GeM-Bidding-9101127.pdf""]",tender-documents
GEM/2026/B/7338870,"[""1774938483453_RFP_ec42b309-79c7-4336-8a071774853978472_UBI_DIT_B.pdf"", ""1774938484243_199009787__2_.pdf""]",tender-documents
GEM/2026/B/7339260,"[""1773388452767_NIT_d33b6be9-e764-47bd-a6681773303343771_AM3MATERI.pdf"", ""1773388453311_GeM-Bidding-9101579.pdf""]",tender-documents
GEM/2026/B/7339598,"[""1775036882328_GeM-Bidding-9101987.pdf""]",tender-documents
GEM/2026/B/7339984,"[""1773822634296_GeM-Bidding-9102436.pdf"", ""1773822634407_ATCFINALIB_d3339023-bad6-4ef1-91551773751935595_ZO.pdf""]",tender-documents
GEM/2026/B/7341125,"[""1775545842125_GeM-Bidding-9103746.pdf""]",tender-documents
GEM/2026/B/7341672,"[""1773742534149_GeM-Bidding-9104381__1_.pdf""]",tender-documents
GEM/2026/B/7341773,"[""1773210106011_DRDO_Hyderabad_UPS_tech.pdf"", ""1773210106037_DRDO_Hyderabad_UPS_Gem_Docs.pdf""]",tender-documents
GEM/2026/B/7341826,"[""1773654526525_terms_and_conditions_0001_2026-03-10-18-58-08_7523.pdf"", ""1773654526539_GeM-Bidding-9104557__1_.pdf""]",tender-documents
GEM/2026/B/7342892,"[""1775028874763_rhm25r2090-0002458860_2026-03-10-16-07-32_9fd98d0a.pdf"", ""1775028874797_GeM-Bidding-9105828.pdf"", ""1775028892519_ATC25R2090_21d3ec6d-b0b6-4198-97a21773206277454_bu.docx""]",tender-documents
GEM/2026/B/7343170,"[""1773729734767_GeM-Bidding-9106160.pdf""]",tender-documents
GEM/2026/B/7344279,"[""1773730615173_GeM-Bidding-9107437__2_.pdf"", ""1773730615257_boq_vrla_2026-03-11-13-25-16_77ff4e26e07b070b63a05.pdf""]",tender-documents
GEM/2026/B/7345126,"[""1773308574387_123_476c1e4e-6c9d-4032-815b1773223468247_smmelsbrc.pdf"", ""1773308574579_GeM-Bidding-9108419.pdf""]",tender-documents
GEM/2026/B/7345162,"[""1774682990106_techspec_2026-03-10-15-40-06_4988b4f8246fc46972bd9.pdf"", ""1774682990136_GeM-Bidding-9108459__3_.pdf"", ""1774682990221_ATC_66870795-006e-4680-b5321773223338806_blockb_mm.pdf""]",tender-documents
GEM/2026/B/7345230,"[""1773476139097_ANNEXUREA_5b516b19-4be8-4ff4-aa291773224473076_amm.pdf"", ""1773476139101_GeM-Bidding-9108530.pdf""]",tender-documents
GEM/2026/B/7345273,"[""1773380756216_GeM-Bidding-9108583__1_.pdf"", ""1773380787548_SOW.pdf"", ""1773380806220_ATCandSoW_25018e50-429e-4202-aa361773225560083_apo.pdf""]",tender-documents
GEM/2026/B/7345459,"[""1773477767956_GeM-Bidding-9108789.pdf""]",tender-documents
GEM/2026/B/7345603,"[""1773391467838_ATC_LAK_040ce8b3-72b5-4920-a24f1773228369164_buyer.doc"", ""1773391467846_GeM-Bidding-9108955.pdf""]",tender-documents
GEM/2026/B/7345751,"[""1773478132399_1773324623.pdf"", ""1773478132484_GeM-Bidding-9109117.pdf""]",tender-documents
GEM/2026/B/7347696,"[""1775804117032_specups_91c08e9d-95f0-4175-92481773293597538_ACPRO.pdf"", ""1775804117043_GeM-Bidding-9111356.pdf""]",tender-documents
GEM/2026/B/7347712,"[""1773385285060_GeM-Bidding-9111376.pdf""]",tender-documents
GEM/2026/B/7348090,"[""1773477933993_GeM-Bidding-9111801.pdf"", ""1773477934051_supply_and_commissioning_of_ni-cd_batteries-_spec_.pdf""]",tender-documents
GEM/2026/B/7348919,"[""1776492007763_GeM-Bidding-9112762__2_.pdf"", ""1776492016323_1_5_5_Star___cold__only___spacification_doc.pdf"", ""1776492022634_1_5_5_Star__hot_and_cold___spacification_doc.pdf""]",tender-documents
GEM/2026/B/7348990,"[""1773903637876_SPEC_10KVA_7ca529c4-e887-43ad-a02a1773304093969_cd.pdf"", ""1773903637921_GeM-Bidding-9112844.pdf""]",tender-documents
GEM/2026/B/7350292,"[""1773750995490_GeM-Bidding-9114315__2_.pdf""]",tender-documents
GEM/2026/B/7350907,"[""1775538485195_1773317703.xlsx"", ""1775538485209_NIT_563253d9-5a78-4e19-9d6a1773319435386_avneesh_k.pdf"", ""1775538485627_GeM-Bidding-9115004__2_.pdf""]",tender-documents
GEM/2026/B/7350928,"[""1773749723810_GeM-Bidding-9115026__1_.pdf""]",tender-documents
GEM/2026/B/7350940,"[""1773742306302_ATC_FINAL_fcdcb442-2971-4afa-b2621773319569965_ENG.pdf""]",tender-documents
GEM/2026/B/7353397,"[""1773476757830_technical_2026-03-13-14-27-36_7d78a316a814dd290f38.pdf"", ""1773476757969_GeM-Bidding-9117978.pdf"", ""1773476758002_Commercial_136944e8-43ad-497f-a5331773398051954_Pr.pdf""]",tender-documents
GEM/2026/B/7353767,"[""1777967236462_tec-gr-pi-bat-001-04-jun-11_2026-03-08-02-45-14_e5.pdf"", ""1777967236630_GeM-Bidding-9118409.pdf"", ""1777967236658_1773659962.pdf""]",tender-documents
GEM/2026/B/7353963,"[""1773813533019_GeM-Bidding-9118636.pdf"", ""1773813564173_BuyerATC_85edb0c5-bb32-4b9f-8eb91773395699224_skku.pdf""]",tender-documents
GEM/2026/B/7354154,"[""1773476406374_atc_2026-03-13-15-07-14_c2c380fafbec6613449b182df2.pdf"", ""1773476406407_GeM-Bidding-9118876.pdf""]",tender-documents
GEM/2026/B/7354708,"[""1773475683007_GeM-Bidding-9119552.pdf"", ""1773475683033_ups_2026-03-13-16-54-42_1e0df1f3c9a5fe3c73d53a8014.pdf""]",tender-documents
GEM/2026/B/7354916,"[""1773823389579_rfq_fnl_b91_2026-03-13-17-19-12_ec658eb90fe6371d96.pdf"", ""1773823389610_GeM-Bidding-9119805.pdf""]",tender-documents
GEM/2026/B/7356007,"[""1773473326142_4262ATC_a7252df6-2905-4f87-8ac51773419045967_VS102.docx"", ""1773473326143_GeM-Bidding-9121083.pdf""]",tender-documents
GEM/2026/B/7356871,"[""1775735484020_99237400__1_.pdf""]",tender-documents
GEM/2026/B/7357242,"[""1773731239153_GeM-Bidding-9122526.pdf""]",tender-documents
GEM/2026/B/7357339,"[""1773654681054_GeM-Bidding-9122640__3_.pdf""]",tender-documents
GEM/2026/B/7358233,"[""1773651095517_GeM-Bidding-9123685__1_.pdf""]",tender-documents
GEM/2026/B/7358610,"[""1773900591363_ts_for_ni-cd_-2_2026-03-14-17-44-38_7f3e9c6c33c6ec.pdf"", ""1773900591526_GeM-Bidding-9124123.pdf"", ""1773900591565_1773491145.pdf""]",tender-documents
GEM/2026/B/7360385,"[""1773730811887_1773641871.xlsx"", ""1773730811889_GeM-Bidding-9126381.pdf"", ""1773730811969_UPSRFP1_6ba60543-336d-4fee-90071773642682366_cmith.pdf""]",tender-documents
GEM/2026/B/7360864,"[""1775110297454_ATC_f97b3647-cf2b-4f52-9d4b1773656508282_mjbuyer_0.pdf"", ""1775110297525_item_des_2026-03-16-12-02-56_fe7b8599fa5171ae81ae4.pdf"", ""1775110297548_GeM-Bidding-9126962.pdf""]",tender-documents
GEM/2026/B/7361191,"[""1775201051964_1773813888__1_.pdf"", ""1775201051982_GeM-Bidding-9127386.pdf""]",tender-documents
GEM/2026/B/7361761,"[""1776677062339_GeM-Bidding-9128088.pdf""]",tender-documents
GEM/2026/B/7363343,"[""1775112012910_GeM-Bidding-9129993.pdf""]",tender-documents
GEM/2026/B/7364495,"[""1773814915538_atcashtha_ed50fbc7-08da-4c1d-8ece1773740541622_buy.docx"", ""1773814915541_ts_2026-03-17-10-06-12_c4e3b7d16fb96b75a30d48282c8.pdf"", ""1773814943572_GeM-Bidding-9131388.pdf""]",tender-documents
GEM/2026/B/7364666,"[""1773818818172_NIT_ATC_89e7ced2-89fb-4408-918c1773726297837_aab_c.pdf"", ""1773818818536_tech_specification_2026-03-17-10-38-05_7bce9a0db6b.pdf"", ""1773818818758_GeM-Bidding-9131607.pdf""]",tender-documents
GEM/2026/B/7364885,"[""1778224079784_ATC_7e4c1f8d-1917-44cd-97de1778151238901_sloeacu.pdf"", ""1778224079855_GeM-Bidding-9131878.pdf""]",tender-documents
GEM/2026/B/7365219,"[""1773823072203_GeM-Bidding-9132273.pdf""]",tender-documents
GEM/2026/B/7365561,"[""1774683368602_GeM-Bidding-9132652__1_.pdf"", ""1774683368772_p2_7df01f1b-7bed-4095-9bbe1773737073888_Projects_H.pdf""]",tender-documents
GEM/2026/B/7366308,"[""1774329265934_GeM-Bidding-9133502__2_.pdf""]",tender-documents
GEM/2026/B/7367593,,tender-documents
GEM/2026/B/7367740,"[""1773822414897_GeMBidDoc_1d451f65-5b92-4612-a7691773750998178_aru.pdf"", ""1773822414971_tender_document_2026-03-17-17-42-30_37e2b20523a302.pdf"", ""1773822414999_GeM-Bidding-9135092__1_.pdf""]",tender-documents
GEM/2026/B/7368645,"[""1774422817919_ups_2026-03-12-15-29-08_f0db840520704851d5b19bc1ba.pdf"", ""1774422818131_GeM-Bidding-9136164__1_.pdf""]",tender-documents
GEM/2026/B/7368703,"[""1773904182957_GeM-Bidding-9136237.pdf""]",tender-documents
GEM/2026/B/7368897,"[""1775648331482_GeM-Bidding-9136463__3_.pdf""]",tender-documents
GEM/2026/B/7369978,"[""1774356173767_GeM-Bidding-9137648.pdf""]",tender-documents
GEM/2026/B/7370463,"[""1774947528202_ac_tender_gem__2026-03-18-13-59-49_064e2fe00c8bf77.pdf"", ""1774947528236_GeM-Bidding-9138203.pdf""]",tender-documents
GEM/2026/B/7370733,"[""1774681555938_1773825552.pdf"", ""1774683495486_GeM-Bidding-9138525.pdf"", ""1774849476027_IOCL_ATC_Trichy.pdf""]",tender-documents
GEM/2026/B/7370756,"[""1776062211375_37014334_tech_spec_1_rev_2026-03-18-14-35-41_69739.pdf"", ""1776062211519_GeM-Bidding-9138558.pdf""]",tender-documents
GEM/2026/B/7370788,"[""1773901966841_ATCCP162_35f34f4b-2ded-4b20-a86c1773827511223_mma_.pdf"", ""1773901967346_GeM-Bidding-9138595.pdf""]",tender-documents
GEM/2026/B/7371399,"[""1774681193662_atc_2026-03-18-15-52-37_15287e3bcd6631d975bcd38a36.pdf"", ""1774681193754_GeM-Bidding-9139268__2_.pdf""]",tender-documents
GEM/2026/B/7372499,"[""1774520583843_SPECS_d507845b-409e-4375-8a211773838251169_buyer30.pdf"", ""1774520595622_GeM-Bidding-9140490__3_.pdf""]",tender-documents
GEM/2026/B/7372995,"[""1773992063691_GeM-Bidding-9141082__4_.pdf""]",tender-documents
GEM/2026/B/7373489,"[""1776412187996_GeM-Bidding-9141684.pdf""]",tender-documents
GEM/2026/B/7374263,"[""1778827816533_ATC140526_ad3042b8-f73c-4e78-a4dd1778745848459_PM_.pdf"", ""1778827816549_st_2025-11-25-11-35-43_ebf607138f02d7e0e2ade197818.pdf"", ""1778827816553_GeM-Bidding-9142561.pdf""]",tender-documents
GEM/2026/B/7374518,"[""1774949532522_GeM-Bidding-9142852.pdf""]",tender-documents
GEM/2026/B/7375778,"[""1774682311234_1_2026-03-19-17-04-37_4805c76c05b5cfbc704db70cf684.pdf"", ""1774682311246_GeM-Bidding-9144272__1_.pdf"", ""1774682311315_withMIInew_155b7de6-a2fd-4508-9d051773996179871_BU.pdf""]",tender-documents
GEM/2026/B/7375834,"[""1777449595521_ATC_49c09f04-f8db-4209-bda91777352254769_soestb_12.pdf"", ""1777449595669_GeM-Bidding-9144332.pdf""]",tender-documents
GEM/2026/B/7376637,"[""1775198645156_1000381006_db852859-80da-427c-90801773981750209_Pr.pdf"", ""1775198645163_1000380967_2026-03-20-09-29-28_4cf3f7e9852d178f10b.pdf"", ""1775198645201_GeM-Bidding-9145310__1_.pdf""]",tender-documents
GEM/2026/B/7376855,"[""1775652235687_GeM-Bidding-9145580.pdf""]",tender-documents
GEM/2026/B/7377743,"[""1776923315757_1774258771.pdf"", ""1776923316742_1774680878806_5-1_upload_technical_specification-s.pdf"", ""1776923316791_1774680878844_GeM-Bidding-9146619__1_.pdf"", ""1776923316831_BOQ.pdf"", ""1776923319511_1774005779.xlsx""]",tender-documents
GEM/2026/B/7378706,"[""1775285229193_ATCUPS_e3e53789-b6ea-4eee-a88f1774008575732_IIITMa.pdf"", ""1775285229218_GeM-Bidding-9147771.pdf""]",tender-documents
GEM/2026/B/7380715,"[""1775199069817_upload_tech_spec_2026-03-21-13-02-21_19849895713b4.pdf"", ""1775199070159_1122_d20f0d2c-655f-47d9-b25f1774079453053_Projoffr.pdf"", ""1775199070185_GeM-Bidding-9150197.pdf""]",tender-documents
GEM/2026/B/7381482,"[""1776409408039_GeM-Bidding-9151140.pdf"", ""1776409408071_SPEC_UPS_b33a3d27-bf4b-4a74-b7521774261558130_cdms.pdf""]",tender-documents
GEM/2026/B/7382492,"[""1774266928993_Specs_docs_IOCL.pdf"", ""1774266929581_IOCL_GeM-Bidding-9152483.pdf""]",tender-documents
GEM/2026/B/7382574,"[""1775888915544_battery__1-0_kva_ups_2026-03-23-10-54-44_0dc60616a.pdf"", ""1775888915550_GeM-Bidding-9152592.pdf""]",tender-documents
GEM/2026/B/7383132,"[""1776144855859_GeM-Bidding-9153301.pdf""]",tender-documents
GEM/2026/B/7383955,,tender-documents
GEM/2026/B/7385011,"[""1777013951154_GeM-Bidding-9155630.pdf"", ""1777269532535_BATTATC_81b71aa7-9320-4824-a5ac1776930163974_santo.pdf""]",tender-documents
GEM/2026/B/7385358,"[""1774423078682_GeM-Bidding-9156028__1_.pdf""]",tender-documents
GEM/2026/B/7385519,"[""1776061771743_generalATC_0e0737f8-bd90-4890-ba941774330937338_rr.doc"", ""1776061771744_GeM-Bidding-9156213.pdf""]",tender-documents
GEM/2026/B/7385602,"[""1777102455893_GeM-Bidding-9156313.pdf""]",tender-documents
GEM/2026/B/7386097,"[""1776149486570_specification_document_2026-03-24-12-09-11_4961af7.pdf"", ""1776149486575_GeM-Bidding-9156900.pdf""]",tender-documents
GEM/2026/B/7389593,"[""1774867550286_GeM-Bidding-9160837__1_.pdf""]",tender-documents
GEM/2026/B/7389815,"[""1775028536856_GeM-Bidding-9161078.pdf""]",tender-documents
GEM/2026/B/7390683,"[""1778222477311_specs-ups_2026-03-25-12-52-44_135d907ed8f1ba33d291.pdf"", ""1778222477342_GeM-Bidding-9162072.pdf"", ""1778222477417_tandc_30872d55-d0cb-48e4-b22e1774428557222_mkylrde.pdf""]",tender-documents
GEM/2026/B/7391060,"[""1774940382820_GeM-Bidding-9162511.pdf""]",tender-documents
GEM/2026/B/7391171,"[""1774685687677_specifictaion_1_2026-03-25-15-11-28_d71b4231e9426e.pdf"", ""1774685687753_GeM-Bidding-9162638__1_.pdf""]",tender-documents
GEM/2026/B/7391866,"[""1775889469088_Terms_dc389d74-0371-4611-9b411774437850356_Amitjos.pdf"", ""1775889469170_GeM-Bidding-9163406.pdf""]",tender-documents
GEM/2026/B/7392059,"[""1775285088924_ATC_9e27d35f-fdc1-43a9-83dd1774592854428_so-mm-lkp.pdf"", ""1775285088970_GeM-Bidding-9163630.pdf""]",tender-documents
GEM/2026/B/7392078,"[""1775805129361_ts_2026-03-25-17-16-00_d4a57cb246cf372ee20723208ce.pdf"", ""1775805129387_GeM-Bidding-9163659.pdf""]",tender-documents
GEM/2026/B/7392197,"[""1776062020230_GeM-Bidding-9163800.pdf""]",tender-documents
GEM/2026/B/7392251,"[""1775127544837_GeM-Bidding-9163862.pdf""]",tender-documents
GEM/2026/B/7393147,"[""1776167735619_ATC_47bb8d0c-5ba9-465e-8dfb1774503902732_BUYERHALL.pdf"", ""1776167735718_GeM-Bidding-9164911__4_.pdf""]",tender-documents
GEM/2026/B/7393344,"[""1774680722323_GeM-Bidding-9165136__1_.pdf""]",tender-documents
GEM/2026/B/7394732,"[""1774696756151_GeM-Bidding-9166687__1_.pdf""]",tender-documents
GEM/2026/B/7395172,"[""1774940699573_GeM-Bidding-9167188.pdf""]",tender-documents
GEM/2026/B/7395592,"[""1774939880124_GeM-Bidding-9167699.pdf""]",tender-documents
GEM/2026/B/7396162,"[""1774693057416_FLAG_B_66c4d9d4-1b12-4225-aa7c1774592930399_buyer4.pdf"", ""1774693057807_specs_2026-03-27-11-11-49_23ec8bac21c560374ffc8da9.pdf"", ""1774693057824_GeM-Bidding-9168399__1_.pdf""]",tender-documents
GEM/2026/B/7396364,"[""1776492534467_specification_ups__2026-03-27-11-48-07_8f896c42212.pdf"", ""1776492534481_GeM-Bidding-9168638.pdf""]",tender-documents
GEM/2026/B/7397873,"[""1774867822899_1774610428.pdf"", ""1774867822982_GeM-Bidding-9170375.pdf""]",tender-documents
GEM/2026/B/7398265,"[""1775199682105_GeM-Bidding-9170843.pdf"", ""1775199682359_BUYER_ATC_25968a58-ef8e-4751-8a151774675966341_ART.pdf"", ""1775199682397_boq_cum_item_technical_specification_2026-03-27-17.pdf"", ""1775199682448_1774614434.xlsx""]",tender-documents
GEM/2026/B/7398674,"[""1774867078923_v445225_2026-03-27-08-42-58_10ec97ae9f2ad61c3526d1.pdf"", ""1774867079098_GeM-Bidding-9171396__1_.pdf""]",tender-documents
GEM/2026/B/7399830,"[""1776491723267_22890_ATC_61aad857-2d24-49bd-85741774693440312_apo.docx"", ""1776491723274_GeM-Bidding-9172762.pdf""]",tender-documents
GEM/2026/B/7402039,"[""1776406513461_GeM-Bidding-9175481__1_.pdf""]",tender-documents
GEM/2026/B/7402661,"[""1777966650645_1774863793__1_.pdf"", ""1777966650767_4a-draft_rdp_2026-03-30-14-55-28_775a9134540f75d5a.pdf"", ""1777966650803_GeM-Bidding-9176237.pdf"", ""1777966650818_98765_ffe1859b-2b4e-4bff-993f1774864688040_comklog.pdf""]",tender-documents
GEM/2026/B/7403698,"[""1774939089850_specification_2026-03-30-17-55-31_aba181e3be637df6.pdf"", ""1774939089891_GeM-Bidding-9177430.pdf""]",tender-documents
GEM/2026/B/7404067,"[""1775024912857_GeM-Bidding-9177867.pdf""]",tender-documents
GEM/2026/B/7404362,"[""1775200331140_ATC_7aa016a9-56f3-40e7-b2e81775104681145_SCM01__1_.pdf"", ""1775200331375_1775026847.xlsx"", ""1775200331378_GeM-Bidding-9178193.pdf""]",tender-documents
GEM/2026/B/7404959,"[""1778319477524_GeM-Bidding-9178850__1_.pdf""]",tender-documents
GEM/2026/B/7405088,"[""1775199393910_41_Tender_36acc70a-7f16-4f3d-9db21774950465443_buy.pdf"", ""1775199394307_1774949295.pdf"", ""1775199394570_39_specs_2026-03-31-11-52-51_be3b3ce7a772e18c94618.pdf"", ""1775199394705_1774949575.pdf"", ""1775199394710_GeM-Bidding-9178998.pdf""]",tender-documents
GEM/2026/B/7405355,"[""1780469689977_epbg.pdf"", ""1780469690094_GeM-Bidding-9179285__1_.pdf"", ""1780469690173_Intergrity_Pact.pdf""]",tender-documents
GEM/2026/B/7405642,"[""1775028776500_GeM-Bidding-9179595.pdf""]",tender-documents
GEM/2026/B/7406015,"[""1775028415567_ATCUPS_041f3fef-954f-49e1-8af11774970976317_FLC_MK.docx"", ""1775028415570_GeM-Bidding-9180003.pdf""]",tender-documents
GEM/2026/B/7406421,"[""1775203133116_GeM-Bidding-9180485.pdf""]",tender-documents
GEM/2026/B/7406717,"[""1775111789565_1775024487.pdf"", ""1775111790207_1775024380.pdf"", ""1775111790673_scope_of_work_2026-04-01-11-30-19_46dc8354b34de748.pdf"", ""1775111790788_GeM-Bidding-9180819.pdf""]",tender-documents
GEM/2026/B/7408092,"[""1780999734593_GeM-Bidding-9182339__3_.pdf""]",tender-documents
GEM/2026/B/7408680,"[""1775803483714_ts_2026-04-01-17-06-05_3793e15818e2090f9512da0d2a1.pdf"", ""1775803483736_199632727__3_.pdf""]",tender-documents
GEM/2026/B/7408997,"[""1775803890331_84331upl_8aed0a4d-6926-48dc-ba521775735461756_rrsu.docx"", ""1775803890334_GeM-Bidding-9183327.pdf""]",tender-documents
GEM/2026/B/7409200,"[""1775201194764_boq_ord_2026-04-01-20-34-11_ede892b8d811a826d3d3c9.pdf"", ""1775201194791_GeM-Bidding-9183557__1_.pdf""]",tender-documents
GEM/2026/B/7409520,"[""1778050887304_24v61c006_specs_2026-04-01-11-52-54_2f957650ff6f8c.pdf"", ""1778050887330_GeM-Bidding-9183914.pdf""]",tender-documents
GEM/2026/B/7409673,"[""1775542099896_1775474653.pdf"", ""1775542099971_GeM-Bidding-9184086.pdf""]",tender-documents
GEM/2026/B/7409946,"[""1775456042642_ATC_0ad7a67f-e526-489a-b8d31775117007542_NOIDA11.pdf"", ""1775456042722_specification_2026-04-02-11-16-35_747502388ac6db58.pdf"", ""1775456042750_GeM-Bidding-9184388.pdf""]",tender-documents
GEM/2026/B/7410054,"[""1775456589850_ATCNEW_9656af3c-80e7-48d4-a4491775110919287_oichq.pdf"", ""1775456589870_tech_spech_boq_01__2026-04-02-11-30-34_8c1880877bf.pdf"", ""1775456589888_GeM-Bidding-9184508__1_.pdf""]",tender-documents
GEM/2026/B/7410181,"[""1778322847286_SOR_f5f50d63-f231-4e85-a5021776669184800_COM_8WG.pdf"", ""1778322847315_GeM-Bidding-9184648__2_.pdf""]",tender-documents
GEM/2026/B/7410217,"[""1776754153029_ATC3_5e75ba3e-e6d4-4d59-b1811775111517316_depot_of.pdf"", ""1776754153212_GeM-Bidding-9184689.pdf""]",tender-documents
GEM/2026/B/7411591,"[""1775201296238_GeM-Bidding-9186228__1_.pdf""]",tender-documents
GEM/2026/B/7414821,"[""1775891549026_GeM-Bidding-9189927__1_.pdf""]",tender-documents
GEM/2026/B/7415021,"[""1776062392450_Terms_40200393-026c-47fc-b1d11775297860429_buyer69.pdf"", ""1776062392496_GeM-Bidding-9190162.pdf""]",tender-documents
GEM/2026/B/7415066,"[""1776084944750_GeM-Bidding-9190209.pdf""]",tender-documents
GEM/2026/B/7416578,"[""1780053608122_GeM-Bidding-9192043.pdf"", ""1780554897577_ATC_56fc12d4-9d60-4de8-a7cf1777264691469_slomissa.pdf""]",tender-documents
GEM/2026/B/7416787,"[""1778480878005_GeM-Bidding-9192291.pdf""]",tender-documents
GEM/2026/B/7416872,"[""1775545221869_GeM-Bidding-9192394.pdf""]",tender-documents
GEM/2026/B/7417358,"[""1776061412481_ATC_8945b38e-6d6a-40dd-88051775467744352_harishank.pdf"", ""1776061412953_scope_of_job_2026-04-06-14-40-39_059c8b409265e8a01.pdf"", ""1776061413293_GeM-Bidding-9192951.pdf""]",tender-documents
GEM/2026/B/7418230,"[""1775544095064_GeM-Bidding-9193919.pdf""]",tender-documents
GEM/2026/B/7418391,"[""1777285952552_GeM-Bidding-9194094.pdf""]",tender-documents
GEM/2026/B/7418510,"[""1779348840165_merged_tech_spec_2026-04-06-17-09-30_79d95ee988d84.pdf"", ""1779348840233_GeM-Bidding-9194233__1_.pdf""]",tender-documents
GEM/2026/B/7418614,"[""1775545085935_artex_2026-04-06-17-23-01_da413b8f1209e6fbfb05ee90.pdf"", ""1775545085941_GeM-Bidding-9194354.pdf""]",tender-documents
GEM/2026/B/7418781,"[""1775544854654_GeM-Bidding-9194548.pdf""]",tender-documents
GEM/2026/B/7419209,"[""1780046504291_GeM-Bidding-9195029.pdf""]",tender-documents
GEM/2026/B/7419568,"[""1776241697603_GeM-Bidding-9195472.pdf""]",tender-documents
GEM/2026/B/7419947,"[""1780046682041_GeM-Bidding-9195897.pdf""]",tender-documents
GEM/2026/B/7420130,"[""1778496983534_GeM-Bidding-9196104.pdf""]",tender-documents
GEM/2026/B/7420300,"[""1778912260141_DATC_982a096c-2d82-47e2-b11b1778849164865_ashutosh.pdf"", ""1778912260682_GeM-Bidding-9196298.pdf""]",tender-documents
GEM/2026/B/7421085,"[""1780643938358_TECH_SPECS_a14dafa7-67db-4740-a4641780309857105_bu.pdf"", ""1780643938493_GeM-Bidding-9197149.pdf""]",tender-documents
GEM/2026/B/7421483,"[""1775715193179_docs_1ccc7384-7e70-4e4b-bc681775640919154_ONGCMUMR.pdf"", ""1775715193517_1775639914.pdf"", ""1775715193556_GeM-Bidding-9197567.pdf""]",tender-documents
GEM/2026/B/7421553,"[""1775889027138_excel_of_item_no-10_2026-04-07-16-10-46_30e3e162b2.xlsx"", ""1775889027144_GeM-Bidding-9197642.pdf""]",tender-documents
GEM/2026/B/7421686,"[""1775717861535_GeM-Bidding-9197783.pdf""]",tender-documents
GEM/2026/B/7421885,,tender-documents
GEM/2026/B/7423047,"[""1775717056815_battery_2026-04-08-09-47-24_910852305f66ee461e86cb.pdf"", ""1775717057523_GeM-Bidding-9199270.pdf""]",tender-documents
GEM/2026/B/7423294,"[""1776491385769_22319_ts_2026-04-08-10-32-28_a9d21229515ea17566a67.pdf"", ""1776491385891_GeM-Bidding-9199544.pdf""]",tender-documents
GEM/2026/B/7423578,"[""1775716926435_RFQ11938_4ba85e7b-355e-4f94-9d4e1775627765125_renu.docx"", ""1775716926437_GeM-Bidding-9199844__1_.pdf"", ""1775716943147_item_specification_2026-04-07-17-04-56_79adf559dd2.pdf""]",tender-documents
GEM/2026/B/7423703,"[""1775887320952_ts_2026-04-08-11-23-14_473b7bbd19582a85a252d2323e2.pdf"", ""1775887320964_GeM-Bidding-9199979.pdf"", ""1776920491158_1775627889__2_.pdf"", ""1776920491210_1775627851__5_.pdf"", ""1776920491230_1775627831__2_.pdf""]",tender-documents
GEM/2026/B/7424404,"[""1775889731298_tech_spec_2026-04-08-12-46-23_8114af1658337875c45d.pdf"", ""1775889731315_GeM-Bidding-9200746__1_.pdf""]",tender-documents
GEM/2026/B/7424658,"[""1779275924444_UPS5KVA_5a6ce63e-5eae-4b23-99f41775636021440_dyslo.pdf"", ""1779275924476_GeM-Bidding-9201022__1_.pdf""]",tender-documents
GEM/2026/B/7425494,"[""1777882583980_GeM-Bidding-9201933__1_.pdf""]",tender-documents
GEM/2026/B/7426166,"[""1776146379263_GeM-Bidding-9202672.pdf""]",tender-documents
GEM/2026/B/7426610,"[""1779275754674_GeM-Bidding-9203168.pdf""]",tender-documents
GEM/2026/B/7427573,"[""1777267584416_ATCTECH_a64e0a03-ca53-466f-b0361775713558027_BKSin.pdf"", ""1777267584504_GeM-Bidding-9204237.pdf"", ""1777267584550_technical_2026-04-09-10-45-27_aa6eb2739294bfc61601.pdf""]",tender-documents
GEM/2026/B/7429562,"[""1775889606454_specs_2026-04-09-14-52-53_0c2ff09f8cc46befa1d400a2.pdf"", ""1775889606583_GeM-Bidding-9206391.pdf""]",tender-documents
GEM/2026/B/7430031,"[""1777967072015_GeM-Bidding-9206902.pdf"", ""1777967072043_ATC_29536119-3878-4e3e-a6881777874080902_DLOGOP_HA.pdf""]",tender-documents
GEM/2026/B/7430373,"[""1776320128176_GeM-Bidding-9207276__2_.pdf"", ""1776320128285_NIT_0ef37006-4ac9-4347-83191775736764285_buyer13_j.pdf"", ""1776320128747_Specification_Document.pdf""]",tender-documents
GEM/2026/B/7432021,"[""1775889927415_GeM-Bidding-9209112__1_.pdf""]",tender-documents
GEM/2026/B/7434019,"[""1781009352916_2___3_kva_online_ups_power_board_psdr_make_bpe__dc.pdf"", ""1781009352963_GeM-Bidding-9211278.pdf"", ""1781009353106_specified_9f31dc18-2015-487a-9cef1775822922524_CIB.pdf""]",tender-documents
GEM/2026/B/7434725,"[""1777623542170_1776194873.xlsx"", ""1777623542172_GeM-Bidding-9212063.pdf"", ""1777623542265_RAC_ATC1_ccfc81e5-05d3-43af-96b51776261836892_bhaw.pdf""]",tender-documents
GEM/2026/B/7436131,"[""1776062490235_GeM-Bidding-9213671.pdf""]",tender-documents
GEM/2026/B/7436283,"[""1777013671709_ATC_DOC_aeabe426-a48a-41ca-a4301776059466239_buyco.pdf"", ""1777013671856_GeM-Bidding-9213851.pdf""]",tender-documents
GEM/2026/B/7436380,"[""1776060966569_ts_final_2026-04-11-17-16-24_348ac8291dd03d0042cc1.pdf"", ""1776060966618_GeM-Bidding-9213955.pdf""]",tender-documents
GEM/2026/B/7436468,"[""1776149242832_ATC_391c2797-52b1-4d8f-99ee1775916331590_CITOSAC.pdf"", ""1776149243011_GeM-Bidding-9214055.pdf""]",tender-documents
GEM/2026/B/7436632,"[""1776409272545_spec_ups_7824c6eb-2c99-4b3f-b1f31776067448800_cdms.pdf"", ""1776409272584_GeM-Bidding-9214236.pdf""]",tender-documents
GEM/2026/B/7437056,"[""1776147980969_57-1_2026-04-12-22-35-11_65811eb5e0755cc668c7def02.pdf"", ""1776147981017_GeM-Bidding-9214696.pdf""]",tender-documents
GEM/2026/B/7437192,,tender-documents
GEM/2026/B/7437340,"[""1776233747032_GeM-Bidding-9215086.pdf""]",tender-documents
GEM/2026/B/7438498,"[""1776921438521_GeM-Bidding-9216437__2_.pdf""]",tender-documents
GEM/2026/B/7438925,"[""1776670795379_GeM-Bidding-9216907__1_.pdf""]",tender-documents
GEM/2026/B/7439031,"[""1776149342866_technical_specifications_2026-04-13-15-27-07_2b29b.pdf"", ""1776149343029_GeM-Bidding-9217025.pdf"", ""1777533700678_Tender_9c66af6f-45bc-4487-af951776077118891_GAIL-R.pdf""]",tender-documents
GEM/2026/B/7439409,"[""1776411451106_GeM-Bidding-9217448.pdf""]",tender-documents
GEM/2026/B/7439866,"[""1776233935676_soj_stc_2026-04-13-17-36-47_bea6e3ab831101e9d35170.pdf"", ""1776233935790_GeM-Bidding-9217961.pdf""]",tender-documents
GEM/2026/B/7439958,"[""1776753599501_GeM-Bidding-9218064__2_.pdf""]",tender-documents
GEM/2026/B/7441042,"[""1778222619470_GeM-Bidding-9219309.pdf""]",tender-documents
GEM/2026/B/7441445,"[""1776491569152_60-1_2026-04-13-14-10-34_8bffa0bfdf5cf73819bf873aa.pdf"", ""1776491569161_GeM-Bidding-9219782.pdf""]",tender-documents
GEM/2026/B/7441654,"[""1776673790658_GeM-Bidding-9220033.pdf""]",tender-documents
GEM/2026/B/7441820,"[""1776759098604_GeM-Bidding-9220214__3_.pdf""]",tender-documents
GEM/2026/B/7442393,"[""1777967525250_FORMAT_189f3087-f34f-42c4-82921776238637197_ssharm.docx"", ""1777967525252_GeM-Bidding-9220860.pdf""]",tender-documents
GEM/2026/B/7443256,"[""1776410529217_ATCforUPS_13f39a6b-7a5c-4184-a6431776249427599_776.docx"", ""1776410529218_GeM-Bidding-9221828.pdf""]",tender-documents
GEM/2026/B/7444640,"[""1780051910521_GeM-Bidding-9223375.pdf""]",tender-documents
GEM/2026/B/7444844,"[""1777102298567_technical_special_conditions_of_the_contract_2026-.pdf"", ""1777102298704_GeM-Bidding-9223613.pdf"", ""1777102298752_MERGE_a20b45ac-9ed8-4c7b-92cd1777028208110_buyer2_.docx"", ""1780041428292_ATCrev_89418335-df0d-49dc-93481778740827381_buyer2.pdf""]",tender-documents
GEM/2026/B/7445064,"[""1776408776076_spec_c5b494ec-e9e8-4dd9-af5c1776334492950_anspuser.pdf"", ""1776408776237_GeM-Bidding-9223869.pdf""]",tender-documents
GEM/2026/B/7445214,"[""1776673480201_GeM-Bidding-9224030.pdf""]",tender-documents
GEM/2026/B/7450913,"[""1776491990865_NITATC_2c5d6fe6-7a5d-4b7b-b1401776418794095_Pravee.pdf"", ""1776491990965_GeM-Bidding-9230251.pdf""]",tender-documents
GEM/2026/B/7451571,"[""1776750248644_GeM-Bidding-9230963__2_.pdf""]",tender-documents
GEM/2026/B/7453658,"[""1776760556053_1776658034__1_.pdf"", ""1776760556069_GeM-Bidding-9233320.pdf""]",tender-documents
GEM/2026/B/7454141,"[""1781351416839_rfp1_f8faa5b0-1062-4d99-a9b61781241976530_AHQSR321.pdf"", ""1781351416877_GeM-Bidding-9233870.pdf""]",tender-documents
GEM/2026/B/7455041,"[""1778496359504_GeM-Bidding-9234887.pdf""]",tender-documents
GEM/2026/B/7455929,"[""1776754015829_terms_and_cond_2026-04-20-09-39-12_06f408d634a0c13.pdf"", ""1776754015870_GeM-Bidding-9235881.pdf"", ""1776754015880_130_eg_82396-nato_battery-rev_2026-04-20-09-39-12_.pdf""]",tender-documents
GEM/2026/B/7456239,"[""1777705476576_1777529613__1_.pdf"", ""1777705476636_GeM-Bidding-9236267__1_.pdf""]",tender-documents
GEM/2026/B/7456433,"[""1776753665630_item_no_10_2026-04-20-11-18-55_a2ec8f2a325744cebe0.pdf"", ""1776753665664_GeM-Bidding-9236515.pdf""]",tender-documents
GEM/2026/B/7456652,"[""1776753879312_GeM-Bidding-9236768.pdf""]",tender-documents
GEM/2026/B/7456705,"[""1777376692982_Gem_Doc.pdf"", ""1777376693121_ITBGPCSPC_788af90a-95b1-4405-84e11776667093072_buy.pdf""]",tender-documents
GEM/2026/B/7456989,"[""1776925426817_GeM-Bidding-9237146.pdf""]",tender-documents
GEM/2026/B/7458234,"[""1778136771397_SPECS_20fbc55a-7102-489f-92a31776761116983_rksairc.pdf"", ""1778136771611_GeM-Bidding-9238525.pdf""]",tender-documents
GEM/2026/B/7458295,"[""1776841672780_GeM-Bidding-9238588__1_.pdf""]",tender-documents
GEM/2026/B/7459432,"[""1777272448996_1776861335.pdf"", ""1777272449051_1777100170.xlsx"", ""1777272449061_GeM-Bidding-9239888.pdf"", ""1777272449199_ITB2602_e8a554f8-d5d0-4f2d-81501777101134762_vishn.docx""]",tender-documents
GEM/2026/B/7460597,"[""1777014385422_tec-gr-pi-bat-001-04-jun-11_2026-03-08-02-45-14_e5.pdf"", ""1777014385548_GeM-Bidding-9241214.pdf"", ""1777274266714_TSB_83b4dc3b-9760-4b0b-bbd11776754701905_sailab_45.pdf""]",tender-documents
GEM/2026/B/7460642,"[""1776928813657_spec30kva_2026-04-21-12-16-39_d562c64877b0dfd514e9.pdf"", ""1776928813750_GeM-Bidding-9241260.pdf""]",tender-documents
GEM/2026/B/7460936,"[""1779271886794_atcups_3daa43da-9ca4-42cf-97881779092907320_LPO_33.docx"", ""1779271886799_GeM-Bidding-9241572.pdf""]",tender-documents
GEM/2026/B/7461802,"[""1777373208461_GeM-Bidding-9242522.pdf""]",tender-documents
GEM/2026/B/7461902,"[""1778300497563_catalogue_2026-04-21-15-30-53_bc8c5689b45532db1480.pdf"", ""1778300497732_GeM-Bidding-9242632.pdf"", ""1778300497797_TnC_e6af107a-9f87-4f51-b7471776766400248_vijayks_i.docx""]",tender-documents
GEM/2026/B/7463251,"[""1776926335907_atcups_2026-04-21-19-10-29_361a08b7f9c8ab8d8292104.pdf"", ""1776926340289_ATCUPS_13f5f6c5-ed39-4bc0-b9e51776779426913_ankitt.pdf"", ""1776926347525_GeM-Bidding-9244077.pdf"", ""1776926502084_BOQ_HPCL.pdf"", ""1777439848914_boq_item_sample_file_2026-04-21-19-10-29_8a1632196.xls""]",tender-documents
GEM/2026/B/7463649,"[""1776928057351_GeM-Bidding-9244538.pdf"", ""1777120296680_SOW_GTC_5eb8d002-b982-43ed-9eb11776833145666_chand.pdf"", ""1777120297320_tech_spec_2026-04-22-09-48-57_68d29d37f287e58fc7c6.pdf"", ""1777120297364_1776937102007_BOQ_152772.xls""]",tender-documents
GEM/2026/B/7464180,"[""1776928482100_tech_specifications_2026-04-22-11-16-38_2a8b19981c.pdf"", ""1776928482124_GeM-Bidding-9245124.pdf"", ""1777549953812_ATCUPS_ca2c2e83-28d6-4c6c-b7ac1776838613704_buycon.pdf""]",tender-documents
GEM/2026/B/7465407,"[""1777623938683_SCC_96cdfd90-0046-4be0-aa501777556029258_DYCPMSNT.pdf"", ""1777623938917_rdso_specification_with_boq_2026-04-22-13-56-07_71.pdf"", ""1777623939102_GeM-Bidding-9246444__1_.pdf""]",tender-documents
GEM/2026/B/7465731,"[""1778135805831_BUYBACK_d3778335-fb47-431a-98621776854135011_COTEL.pdf"", ""1778135805854_GeM-Bidding-9246806.pdf""]",tender-documents
GEM/2026/B/7466977,"[""1778314859427_GeM-Bidding-9248165__2_.pdf"", ""1778314859513_te_20_2026-04-22-17-49-41_72acc88875021b0e3d0f2b8c.pdf""]",tender-documents
GEM/2026/B/7468137,"[""1780730736023_item_-1_2026-04-23-11-09-19_3aef69b3c87b5a198a859e.pdf"", ""1780730736056_GeM-Bidding-9249463__1_.pdf""]",tender-documents
GEM/2026/B/7468640,"[""1777878859228_ATC_IB_7afd3e0c-2406-4c11-bd831777541746216_ZO_MUZ.pdf"", ""1777878859387_GeM-Bidding-9250013.pdf""]",tender-documents
GEM/2026/B/7469162,"[""1777014178811_GeM-Bidding-9250583.pdf""]",tender-documents
GEM/2026/B/7471251,"[""1777705627027_Invert_d7a307ca-81fc-4da2-96bf1776958064992_onkars.pdf"", ""1777705627052_GeM-Bidding-9252853.pdf""]",tender-documents
GEM/2026/B/7472686,"[""1777708304665_GeM-Bidding-9254431.pdf""]",tender-documents
GEM/2026/B/7473248,"[""1777101330447_GeM-Bidding-9255027.pdf""]",tender-documents
GEM/2026/B/7473486,"[""1777286432245_GeM-Bidding-9255294.pdf""]",tender-documents
GEM/2026/B/7474271,"[""1777100506073_spec_36e1e0b2-d33f-45d3-9b1d1777028143063_gsdgem.pdf"", ""1777100506109_GeM-Bidding-9256163.pdf""]",tender-documents
GEM/2026/B/7475074,"[""1777879488830_ATC1_563aacf9-1435-414c-b4a41777104183599_mjb00011.pdf"", ""1777879488854_item_specification_line_item_20_2026-04-24-17-58-2.pdf"", ""1777879488872_GeM-Bidding-9257039.pdf""]",tender-documents
GEM/2026/B/7476165,"[""1777356586257_technical_specifications_2026-04-25-11-39-30_e48aa.pdf"", ""1777356586290_GeM-Bidding-9258280__1_.pdf""]",tender-documents
GEM/2026/B/7476234,"[""1777272883393_1777098923.pdf"", ""1777272883422_1777098868.pdf"", ""1777272883427_1777099273.xlsx"", ""1777272883428_GeM-Bidding-9258357.pdf"", ""1777272883453_1777099349.pdf""]",tender-documents
GEM/2026/B/7476722,"[""1778486084415_tech_spec_trg_lab_2026-04-25-13-45-00_46bfa8005cd1.pdf"", ""1778486084592_GeM-Bidding-9258904.pdf""]",tender-documents
GEM/2026/B/7477054,"[""1777355136561_GeM-Bidding-9259271.pdf""]",tender-documents
GEM/2026/B/7477130,"[""1777876148175_atcbtchgr_2026-04-25-15-50-28_2849b5cfa419f3dd8345.pdf"", ""1777876148543_GeM-Bidding-9259349.pdf"", ""1777876148580_ATCBtChgr_13e7e6c9-48f6-410f-bd1c1777114087432_buy.pdf""]",tender-documents
GEM/2026/B/7477162,"[""1778136081592_GeM-Bidding-9259385__1_.pdf""]",tender-documents
GEM/2026/B/7477976,"[""1777269697696_qc_batttery_hbl_2026-04-26-14-36-32_3df904099d0e52.pdf"", ""1777269697743_GeM-Bidding-9260311.pdf"", ""1777702237795_QCGTC_866efb31-a7e9-4822-b8261777195997059_ymr_bem.pdf""]",tender-documents
GEM/2026/B/7478221,"[""1779275269394_ni-cd-3-22_2026-04-27-08-54-23_3a1066ed397bab384b0.pdf"", ""1779275269409_GeM-Bidding-9260610__1_.pdf""]",tender-documents
GEM/2026/B/7478373,"[""1777448695388_ups_spc_9dc88797-5d32-4f2b-b2ca1777358070656_srkha.pdf"", ""1777448695401_GeM-Bidding-9260830.pdf""]",tender-documents
GEM/2026/B/7479802,"[""1777719634582_1777534779918_technical_specs_for_1kva-latest_2026.pdf"", ""1777719634585_1777534779923_GeM-Bidding-9262499.pdf"", ""1777719634594_ATC_e070b6a1-4da9-457e-b0da1777431368432_Sukla_123.pdf""]",tender-documents
GEM/2026/B/7480180,"[""1777357201338_1169_UPS_7486072c-f969-4312-90fd1777289662208_ansp.pdf"", ""1777357201810_GeM-Bidding-9262934.pdf""]",tender-documents
GEM/2026/B/7480475,"[""1777708444814_GeM-Bidding-9263266.pdf""]",tender-documents
GEM/2026/B/7481188,"[""1778157057594_SOW_cf0e68ba-5173-4d03-a38c1777372221999_DYPM_S_AN.pdf"", ""1778157057881_GeM-Bidding-9264051__1_.pdf""]",tender-documents
GEM/2026/B/7481582,"[""1777356706523_ATC_e2058129-f363-4cc8-be071777294592010_buyer1_pv.pdf"", ""1777356706590_GeM-Bidding-9264491.pdf""]",tender-documents
GEM/2026/B/7481630,"[""1777887855560_GeM-Bidding-9264546__2_.pdf""]",tender-documents
GEM/2026/B/7482439,"[""1778916647938_1777521636.pdf"", ""1778916647959_GeM-Bidding-9265476.pdf""]",tender-documents
GEM/2026/B/7483544,"[""1778224618454_GeM-Bidding-9266670.pdf"", ""1778224618496_1777361241.pdf"", ""1778224618622_ts_2026-04-28-12-52-43_f4685bacbbc9da4a36d177e9d16.pdf""]",tender-documents
GEM/2026/B/7484559,"[""1778652308958_ATC1586_6d53748d-aa50-47a1-87501777379142990_nrtcc.pdf"", ""1778652309159_GeM-Bidding-9267800.pdf""]",tender-documents
GEM/2026/B/7485115,"[""1777445061256_GeM-Bidding-9268402__1_.pdf"", ""1777445061305_ProformaUT_e03e8c6b-e503-4017-926b1777377647667_bu.pdf""]",tender-documents
GEM/2026/B/7485306,"[""1777448444781_GeM-Bidding-9268606.pdf"", ""1777448445043_terms_eedfc221-5c6c-43e6-b6291777379543952_AAO1_LI.pdf""]",tender-documents
GEM/2026/B/7485636,"[""1777448599209_GeM-Bidding-9268967.pdf"", ""1777448599391_3Terms_40414b32-c71b-4eae-a7a41777382078825_AAO1_L.pdf""]",tender-documents
GEM/2026/B/7485717,"[""1777964554968_ATC_7c7a2ee3-fbb6-4d63-86d51777906483790_sanhar_14.pdf"", ""1777964554993_GeM-Bidding-9269053.pdf""]",tender-documents
GEM/2026/B/7486750,"[""1778574578655_GeM-Bidding-9270190__4_.pdf""]",tender-documents
GEM/2026/B/7487735,"[""1777534403263_GeM-Bidding-9271284.pdf""]",tender-documents
GEM/2026/B/7488470,"[""1777531329267_1777462149__1_.pdf"", ""1777531329500_GeM-Bidding-9272095.pdf""]",tender-documents
GEM/2026/B/7488600,"[""1777531455255_Biddoc_c9570324-fda7-4eef-ad1b1777463896654_arundh.pdf"", ""1777531455288_GeM-Bidding-9272240.pdf""]",tender-documents
GEM/2026/B/7488729,"[""1778238135389_GeM-Bidding-9272384__3_.pdf""]",tender-documents
GEM/2026/B/7488915,"[""1777529625686_GeM-Bidding-9272604.pdf""]",tender-documents
GEM/2026/B/7489611,"[""1778828445481_1778473881.pdf"", ""1778828445521_1778473865.pdf"", ""1778828445565_1778473844.pdf"", ""1778828445590_GeM-Bidding-9273399.pdf"", ""1778828445647_1778473897.pdf""]",tender-documents
GEM/2026/B/7489915,"[""1777624104147_1777529239.pdf"", ""1777624104171_GeM-Bidding-9273753.pdf""]",tender-documents
GEM/2026/B/7490396,"[""1778655109455_5122spec_2026-04-30-11-40-49_b7b351575b8ebb6bf8207.pdf"", ""1778655109637_GeM-Bidding-9274278.pdf"", ""1778655109686_5122UATCf_844080f6-fbed-4a94-93761777545818786_vss.pdf""]",tender-documents
GEM/2026/B/7491253,"[""1777623743350_GeM-Bidding-9275207.pdf""]",tender-documents
GEM/2026/B/7492468,"[""1777631768139_NITATC_4971657e-aa47-4a67-95541777547380872_Pravee.pdf"", ""1777631768206_GeM-Bidding-9276533.pdf""]",tender-documents
GEM/2026/B/7492653,"[""1777631508114_GeM-Bidding-9276739.pdf""]",tender-documents
GEM/2026/B/7493088,"[""1778505767207_ATC_efcb20b4-ed6e-4120-a0b01778236130418_SMC1_GSAD.pdf"", ""1778505767605_GeM-Bidding-9277213.pdf""]",tender-documents
GEM/2026/B/7493374,"[""1778915998057_tech_qr_for_bty_mgt_sys_2026-04-30-19-10-44_c25fac.pdf"", ""1778915998220_GeM-Bidding-9277530__1_.pdf""]",tender-documents
GEM/2026/B/7493800,"[""1777966884634_techspecs_76fb071c-755f-4f70-87341777614309785_Pro.pdf"", ""1777966884659_GeM-Bidding-9278010.pdf""]",tender-documents
GEM/2026/B/7494125,"[""1779272871921_Forms_9b31369a-8a5b-4458-b0e01777621009384_pa4_nrb.pdf"", ""1779272871983_GeM-Bidding-9278365.pdf""]",tender-documents
GEM/2026/B/7494690,"[""1778496597746_GeM-Bidding-9278985.pdf""]",tender-documents
GEM/2026/B/7496503,"[""1777879248016_specs_2026-05-02-14-23-35_486504d7874eb9b6d5fff9bc.pdf"", ""1777879248025_GeM-Bidding-9281040.pdf""]",tender-documents
GEM/2026/B/7497217,"[""1777875699800_1777792759.pdf"", ""1777875699878_1777792750.pdf"", ""1777875699909_1777792743.pdf"", ""1777875700207_GeM-Bidding-9281844_-_Copy.pdf"", ""1777875700248_1777792766.pdf""]",tender-documents
GEM/2026/B/7497976,"[""1777875334808_1777805166.pdf"", ""1777875335018_1777805157.pdf"", ""1777875335041_1777805148__2_.pdf"", ""1777875335352_GeM-Bidding-9282718__1_.pdf"", ""1777875335431_1777805178.pdf""]",tender-documents
GEM/2026/B/7499278,"[""1778735558543_GeM-Bidding-9284270.pdf""]",tender-documents
GEM/2026/B/7499345,"[""1781768228983_ATC5_429fed6f-d903-4316-8c1c1781682710850_SLOMTTI.pdf"", ""1781768229077_GeM-Bidding-9284345.pdf""]",tender-documents
GEM/2026/B/7500309,"[""1777966086913_NITATC_b3aa6ea9-f75d-460a-80b11777889630536_Pravee.pdf"", ""1777966086964_GeM-Bidding-9285424.pdf""]",tender-documents
GEM/2026/B/7500740,"[""1777965992863_1777892399__1_.pdf"", ""1777965992925_GeM-Bidding-9285895.pdf""]",tender-documents
GEM/2026/B/7501713,"[""1778136937035_GeM-Bidding-9287024.pdf""]",tender-documents
GEM/2026/B/7502555,"[""1778478706867_GeM-Bidding-9287987.pdf""]",tender-documents
GEM/2026/B/7502638,"[""1778051095312_GeM-Bidding-9288074__1_.pdf"", ""1778051095350_BGFormat_ec4076db-43e2-40f6-8ed61777960049386_SRDM.pdf""]",tender-documents
GEM/2026/B/7503405,"[""1778652631234_TENDER_56860964-c9ea-4ca2-a0771778564835350_buyer4.pdf"", ""1778652632981_GeM-Bidding-9288891.pdf""]",tender-documents
GEM/2026/B/7504426,"[""1778050294411_GeM-Bidding-9290015.pdf""]",tender-documents
GEM/2026/B/7504911,"[""1780051765955_GeM-Bidding-9290533.pdf""]",tender-documents
GEM/2026/B/7505140,"[""1781596725502_FinalATC_00bbdae1-32a7-48fe-9dfa1781521283076_DGMP.pdf"", ""1781596725607_GeM-Bidding-9290770.pdf""]",tender-documents
GEM/2026/B/7505782,"[""1778483495040_GeM-Bidding-9291457.pdf""]",tender-documents
GEM/2026/B/7507331,"[""1779091864853_bty_all_type__2026-05-06-10-55-08_5d0644f4530d815a.pdf"", ""1779091864875_GeM-Bidding-9293184.pdf""]",tender-documents
GEM/2026/B/7507911,"[""1781175470772_ATCUPS_089920bf-b61f-4fb6-a1371781077385613_slgso1.pdf"", ""1781175470824_GeM-Bidding-9293815.pdf""]",tender-documents
GEM/2026/B/7508005,"[""1779707852966_GeM-Bidding-9293916.pdf""]",tender-documents
GEM/2026/B/7508122,"[""1778136329926_GeM-Bidding-9294046.pdf""]",tender-documents
GEM/2026/B/7508315,"[""1778136086097_ATC1_484a9173-594c-419c-8bba1778069821167_ddnprasa.pdf"", ""1778136086124_GeM-Bidding-9294255.pdf""]",tender-documents
GEM/2026/B/7509050,"[""1778136595752_ATC_12cfc582-ecef-4172-94c51778061465549_VKK07027.pdf"", ""1778136595778_GeM-Bidding-9295060__1_.pdf""]",tender-documents
GEM/2026/B/7509158,"[""1778135659824_1778062418__1_.pdf"", ""1778135659971_GeM-Bidding-9295177.pdf"", ""1778135660029_AnnexureII_1cf6c8b1-df00-450d-a9d41778064310154_FG.pdf""]",tender-documents
GEM/2026/B/7509418,"[""1780989743412_aspc565_specifications_2026-05-06-12-17-24_162ba80.pdf"", ""1780989743427_GeM-Bidding-9295457.pdf""]",tender-documents
GEM/2026/B/7509858,"[""1779272451083_spec_2026-05-06-16-30-07_1c5be3e3a018978f86954e830.pdf"", ""1779272451223_GeM-Bidding-9295929.pdf""]",tender-documents
GEM/2026/B/7510270,"[""1782542393822_ATC_1601_1458d6c8-a4bb-4606-8e401779694870449_nrtc.pdf"", ""1782542394422_1778140188__1_.pdf"", ""1782542394451_GeM-Bidding-9296383.pdf""]",tender-documents
GEM/2026/B/7510442,"[""1778135370797_1778071144.xlsx"", ""1778135370798_tech_specs_keshod_final_2026-05-06-17-45-28_4c6205.pdf"", ""1778135371088_GeM-Bidding-9296574.pdf"", ""1778135371142_ATC_UPS_29d7dcf5-89d3-46b5-99cd1778071990076_cnsic.docx""]",tender-documents
GEM/2026/B/7514121,"[""1782986617035_ATC_c4936da7-17e1-4ecd-a1811778151197833_araesiiit.pdf"", ""1782986617314_tec-gr-pi-bat-001-04-jun-11_2026-03-08-02-45-14_e5.pdf"", ""1782986617465_GeM-Bidding-9300591.pdf""]",tender-documents
GEM/2026/B/7514628,"[""1778915633680_9320M26A23_c8653c55-f785-4811-8ae91778663455819_bu.pdf"", ""1778915634440_GeM-Bidding-9301150.pdf""]",tender-documents
GEM/2026/B/7514863,"[""1778321504114_1778153209__1_.xlsx"", ""1778321504116_GeM-Bidding-9301400.pdf"", ""1778321504171_1778153220.pdf""]",tender-documents
GEM/2026/B/7516520,"[""1778321999814_technical_specification_of_the_material1470113_202.pdf"", ""1778321999852_GeM-Bidding-9303270.pdf"", ""1778763493198_ATC_08570dfc-5bf5-408b-a0151778223742088_buyer17_o.pdf""]",tender-documents
GEM/2026/B/7517096,"[""1778830493128_rhm26r2008-0002461392_2026-05-08-11-48-54_0b94ea2e.pdf"", ""1778830493132_GeM-Bidding-9303911.pdf"", ""1778830493149_ATC26R2008_10aa51e6-0434-4fc7-8bb71778222543235_bu.docx""]",tender-documents
GEM/2026/B/7517436,"[""1778321012657_ATCFinal_6b27588f-c8d4-4be6-b2d41778233047633_ZO_P.docx"", ""1778321012667_GeM-Bidding-9304275.pdf""]",tender-documents
GEM/2026/B/7518910,"[""1780050463278_GeM-Bidding-9305869.pdf""]",tender-documents
GEM/2026/B/7518913,"[""1780050336963_GeM-Bidding-9305872.pdf""]",tender-documents
GEM/2026/B/7519376,"[""1779187027873_GeM-Bidding-9306368.pdf"", ""1779187027901_TENDER_DOC_5de95719-566c-4ee0-b5ad1778241442766_bu.pdf"", ""1779187061111_9-_sow_2026-05-08-16-24-41_ff56c4965e11a86528f3064.pdf""]",tender-documents
GEM/2026/B/7520076,"[""1778831159463_ATC5KVA_4f434740-c685-45ae-8dd81778245292296_swake.docx"", ""1778831159465_GeM-Bidding-9307141.pdf""]",tender-documents
GEM/2026/B/7521977,"[""1778829064295_GeM-Bidding-9309300__1_.pdf"", ""1778829073842_TenderDoc_69f7bd6f-938e-4d4d-9da41778318709124_buy.pdf""]",tender-documents
GEM/2026/B/7523211,"[""1780142672212_1778402217__1_.pdf"", ""1780142672239_ATC_4900a1ef-563d-4799-99291778402587771_deepak_33.pdf"", ""1780142672269_GeM-Bidding-9310660__2_.pdf""]",tender-documents
GEM/2026/B/7523991,"[""1778652940613_pts_anx_2026-05-11-10-54-26_21fd4f13eb1bf42215f6e5.pdf"", ""1778652940825_GeM-Bidding-9311648.pdf""]",tender-documents
GEM/2026/B/7525385,"[""1779694164039_bid_doc_2026-05-11-14-00-58_8428ad5fa81327d73cb0a4.pdf"", ""1779694164194_GeM-Bidding-9313260__2_.pdf""]",tender-documents
GEM/2026/B/7528599,"[""1780052226027_GeM-Bidding-9316869.pdf""]",tender-documents
GEM/2026/B/7528758,"[""1781949641214_atcups_74f5b0e8-ffdb-4fe7-af0d1778567548812_LPO_33.docx"", ""1781949641217_GeM-Bidding-9317040.pdf""]",tender-documents
GEM/2026/B/7529165,"[""1778738131756_ATC26R2006_042c86f4-e5ec-4974-85311778680665344_bu.docx"", ""1778738131758_rhm26r2006-002461501_2026-05-12-12-29-44_b4aee5c41.pdf"", ""1778738131905_GeM-Bidding-9317485__2_.pdf""]",tender-documents
GEM/2026/B/7530221,"[""1779348586291_specifictaion_1_2026-05-12-14-49-09_955dd49789473e.pdf"", ""1779348586334_GeM-Bidding-9318636__2_.pdf""]",tender-documents
GEM/2026/B/7530892,"[""1778830999411_GeM-Bidding-9319344__1_.pdf"", ""1778830999422_GSTFORMAT_2f3bc348-5a06-4ae2-ad841778581754578_uci.docx""]",tender-documents
GEM/2026/B/7531954,"[""1778655632604_AnnexureII_e74a7f91-6a82-4f1a-ad571778588654495_ZO.pdf"", ""1778655632642_1778587776__1_.pdf"", ""1778655632654_GeM-Bidding-9320472.pdf""]",tender-documents
GEM/2026/B/7532540,"[""1778656026806_speci-1_2026-05-12-19-44-04_1651c7210c87c994f00209.pdf"", ""1778656026814_GeM-Bidding-9321109.pdf""]",tender-documents
GEM/2026/B/7532561,"[""1778912009630_GeM-Bidding-9321135.pdf""]",tender-documents
GEM/2026/B/7535228,"[""1778739739153_GeM-Bidding-9324042__1_.pdf""]",tender-documents
GEM/2026/B/7536060,"[""1778826527047_GeM-Bidding-9324920.pdf"", ""1778826527077_boq_4_2026-05-13-15-39-48_3ddbc60504b65629c577c2b6.pdf""]",tender-documents
GEM/2026/B/7536236,"[""1778915526310_67211_fd5f613c-86c5-422b-891f1778668237481_nitya_u.pdf"", ""1778915526539_GeM-Bidding-9325104.pdf""]",tender-documents
GEM/2026/B/7536855,"[""1778830390081_tenderdocs_2026-05-13-16-53-00_5142503d4df4fbfac54.pdf"", ""1778830390145_GeM-Bidding-9325785__1_.pdf""]",tender-documents
GEM/2026/B/7537530,"[""1778829669318_atcups2_38cca15e-b1e2-4f4d-9de71778733071335_IIITM.pdf"", ""1778829669352_GeM-Bidding-9326512.pdf""]",tender-documents
GEM/2026/B/7540378,"[""1781851849328_GeM-Bidding-9329623.pdf""]",tender-documents
GEM/2026/B/7540518,"[""1778827034408_technical_specifications_2026-05-14-14-17-23_d44ef.pdf"", ""1778827034493_GeM-Bidding-9329776.pdf"", ""1778827034545_1778753208.pdf""]",tender-documents
GEM/2026/B/7540521,"[""1779089667223_GeM-Bidding-9329779.pdf""]",tender-documents
GEM/2026/B/7540605,"[""1778914499615_GeM-Bidding-9329868__2_.pdf""]",tender-documents
GEM/2026/B/7540850,"[""1778916488190_27251009-sow_2026-05-14-14-59-32_3da92a596f10179fc.pdf"", ""1778916488222_GeM-Bidding-9330132.pdf""]",tender-documents
GEM/2026/B/7541284,"[""1780049421524_GeM-Bidding-9330601.pdf""]",tender-documents
GEM/2026/B/7542430,"[""1780466565775_GeM-Bidding-9331869.pdf"", ""1780466572747_ATC_706b7b4c-3e0a-4c0b-8ae71778762296178_prem_pura.pdf"", ""1780466580655_technical_specification_2026-05-14-18-00-32_ea7724.pdf""]",tender-documents
GEM/2026/B/7542882,"[""1778826058658_ups_b2e1140f-cda9-45f8-9d6a1778771088479_gemicbcla.pdf"", ""1778826058714_GeM-Bidding-9332359.pdf""]",tender-documents
GEM/2026/B/7542959,"[""1779091751464_atc123N_82b645b8-a568-4af8-9a9f1778774713170_OIC_I.docx"", ""1779091751465_GeM-Bidding-9332445.pdf""]",tender-documents
GEM/2026/B/7543091,"[""1782892494319_2v400ah_05fdf5c6-f670-4ef6-a28f1778830595464_slova.pdf"", ""1782892494347_GeM-Bidding-9332585.pdf""]",tender-documents
GEM/2026/B/7543594,"[""1778914848338_GeM-Bidding-9333162.pdf"", ""1778914848365_gatc8013_fad538bd-7926-4b1f-9ff31778827455214_buyc.pdf""]",tender-documents
GEM/2026/B/7544533,"[""1780645005088_RRUUPSATC_ac4fc32c-6fb1-4516-951f1778828933130_har.pdf"", ""1780645005122_GeM-Bidding-9334215.pdf""]",tender-documents
GEM/2026/B/7545065,"[""1778916328299_1778831886.pdf"", ""1778916328332_GeM-Bidding-9334790.pdf"", ""1778916328369_General_515a81e6-77eb-4b01-a2901778833115034_ZO_GA.pdf""]",tender-documents
GEM/2026/B/7545106,"[""1778914603725_Final_GTC_dd90637c-c272-401d-b8601778832185289_buy.docx"", ""1778914603727_rfq_spec-25ab-1097-ups_dt_15-06-2026_2026-05-15-13.pdf"", ""1778914603763_GeM-Bidding-9329868__2_.pdf""]",tender-documents
GEM/2026/B/7545724,"[""1779270559041_1778840136__1_.pdf"", ""1779270559064_GeM-Bidding-9335519.pdf""]",tender-documents
GEM/2026/B/7545906,"[""1780394122783_1778841086.pdf"", ""1780394122836_GeM-Bidding-9335719.pdf""]",tender-documents
GEM/2026/B/7547311,"[""1780051576386_GeM-Bidding-9337250.pdf""]",tender-documents
GEM/2026/B/7547370,"[""1779274236782_GeM-Bidding-9337315.pdf""]",tender-documents
GEM/2026/B/7547799,"[""1780645148808_GeM-Bidding-9337790.pdf""]",tender-documents
GEM/2026/B/7548216,"[""1779090357282_BSLA130_2311e699-c992-4f70-abec1778908688757_prave.pdf"", ""1779090357288_GeM-Bidding-9338296.pdf""]",tender-documents
GEM/2026/B/7548713,"[""1779195868019_GeM-Bidding-9338873.pdf""]",tender-documents
GEM/2026/B/7549392,"[""1783578183357_UPSSPEC_83a3d374-e07d-4d27-b1c31779692178947_SLOAF.pdf"", ""1783578183384_GeM-Bidding-9339627.pdf""]",tender-documents
GEM/2026/B/7549431,"[""1780573551576_GeM-Bidding-9339673.pdf"", ""1780573551593_TS1474_a07ea36e-4887-45ea-ad671779111146473_LP8WG.pdf""]",tender-documents
GEM/2026/B/7549616,"[""1779107440448_GeM-Bidding-9339876.pdf""]",tender-documents
GEM/2026/B/7551952,"[""1780727803574_GeM-Bidding-9342497.pdf""]",tender-documents
GEM/2026/B/7552760,"[""1781765202690_GeM-Bidding-9343450__4_.pdf"", ""1781765209112_ATCAHU25_ef4124fb-8cd4-4e87-8e791779884075356_deep.pdf""]",tender-documents
GEM/2026/B/7552949,"[""1779272766680_battery_c6208c4d-0c87-44c9-926d1779089468563_QM8th.pdf"", ""1779272766709_GeM-Bidding-9343659.pdf""]",tender-documents
GEM/2026/B/7554419,"[""1779271145457_1779100648__1_.pdf"", ""1779271145526_GeM-Bidding-9345321.pdf""]",tender-documents
GEM/2026/B/7554984,"[""1779270687216_IP_02de3a74-027a-428c-b3f61779103424835_bhelpesdpu.pdf"", ""1779270687506_nit_documents_2026-05-18-16-25-41_a9f169e55c73a948.pdf"", ""1779270687924_GeM-Bidding-9345939.pdf""]",tender-documents
GEM/2026/B/7556348,"[""1780555390757_GeM-Bidding-9347503__3_.pdf""]",tender-documents
GEM/2026/B/7559958,"[""1779275500384_technical_specification_2026-05-19-16-43-42_e69deb.pdf"", ""1779275500473_GeM-Bidding-9351499.pdf""]",tender-documents
GEM/2026/B/7561066,"[""1780049564464_GeM-Bidding-9352698.pdf""]",tender-documents
GEM/2026/B/7561263,"[""1781089773602_1780977805.pdf"", ""1781089773616_GeM-Bidding-9352940.pdf""]",tender-documents
GEM/2026/B/7562633,"[""1779348731378_GeM-Bidding-9354475.pdf""]",tender-documents
GEM/2026/B/7562860,"[""1780050766595_GeM-Bidding-9354722.pdf""]",tender-documents
GEM/2026/B/7563728,"[""1779348201168_ATC_ff2a9c10-31b1-4249-9a5a1779268009146_hodpesti-.pdf"", ""1779348201267_GeM-Bidding-9355692.pdf""]",tender-documents
GEM/2026/B/7564511,"[""1784368192928_GeM-Bidding-9356557__1_.pdf""]",tender-documents
GEM/2026/B/7564900,"[""1780465962157_GeM-Bidding-9356970.pdf""]",tender-documents
GEM/2026/B/7566802,"[""1780989390193_ATC_c4ce5ff0-1253-4a23-b2871780899753960_abhishek-.pdf"", ""1780989390546_GeM-Bidding-9359124.pdf""]",tender-documents
GEM/2026/B/7570609,"[""1781003982822_RFPAC_c12ad671-d825-4f99-89871779365318819_mkgahlo.pdf"", ""1781003997968_GeM-Bidding-9363346__1_.pdf""]",tender-documents
GEM/2026/B/7572897,"[""1780567692912_SPECU_ce9487e0-42ae-4221-83491779795029149_osgemri.pdf"", ""1780567692981_GeM-Bidding-9365911.pdf""]",tender-documents
GEM/2026/B/7573486,"[""1782455070773_TECHS129_6d1fa603-5215-40ea-bea61779436215279_buyc.pdf"", ""1782455070782_GeM-Bidding-9366566.pdf""]",tender-documents
GEM/2026/B/7575687,"[""1780125900216_GeM-Bidding-9368987.pdf""]",tender-documents
GEM/2026/B/7578726,"[""1780294041490_GeM-Bidding-9372368.pdf""]",tender-documents
GEM/2026/B/7579620,"[""1780572166357_ATC_e3665727-411e-40cc-bf5a1779605236775_prabhakar.doc"", ""1780572166359_GeM-Bidding-9373385.pdf""]",tender-documents
GEM/2026/B/7579662,"[""1780572015183_ATC_1fc43c01-6880-4fe9-85831779606376998_prabhakar.doc"", ""1780572015184_GeM-Bidding-9373430.pdf""]",tender-documents
GEM/2026/B/7581177,"[""1780046123154_GeM-Bidding-9375215__1_.pdf""]",tender-documents
GEM/2026/B/7581741,"[""1781785841273_GeM-Bidding-9375864.pdf""]",tender-documents
GEM/2026/B/7583035,"[""1780052029130_GeM-Bidding-9377341.pdf""]",tender-documents
GEM/2026/B/7585211,"[""1780730520502_Bl5Anx_423a2f72-4d05-4610-9ed51779767142286_rrsuse.doc"", ""1780730520502_GeM-Bidding-9379769__1_.pdf""]",tender-documents
GEM/2026/B/7585729,"[""1780046367895_GeM-Bidding-9380386.pdf""]",tender-documents
GEM/2026/B/7585916,,tender-documents
GEM/2026/B/7588233,"[""1780646802107_GeM-Bidding-9383124.pdf""]",tender-documents
GEM/2026/B/7588792,"[""1781948817520_ATC_55663e34-d17a-4257-9ec51781675608788_cns7_catc.pdf"", ""1781948817615_GeM-Bidding-9383735.pdf""]",tender-documents
GEM/2026/B/7589267,"[""1780050013293_GeM-Bidding-9384239.pdf""]",tender-documents
GEM/2026/B/7590221,"[""1780125994716_GeM-Bidding-9385280.pdf""]",tender-documents
GEM/2026/B/7590695,"[""1782379538479_GeM-Bidding-9385820.pdf"", ""1782379538574_ATC_08c20c06-d3eb-41d6-85811781672548821_BUYERASSI.pdf""]",tender-documents
GEM/2026/B/7590963,"[""1780046995995_GeM-Bidding-9386117.pdf""]",tender-documents
GEM/2026/B/7591124,"[""1780046828434_GeM-Bidding-9386293.pdf""]",tender-documents
GEM/2026/B/7591613,"[""1780555048827_ATC_ba1dabe9-0b0d-41b4-88751779866588774_oil_noida.pdf"", ""1780555049016_GeM-Bidding-9386844__5_.pdf""]",tender-documents
GEM/2026/B/7593326,"[""1782455335543_1780641180.pdf"", ""1782455335630_GeM-Bidding-9388736.pdf""]",tender-documents
GEM/2026/B/7593650,"[""1780642244031_upload_technical_specification-technical_specifica.pdf"", ""1780642244063_GeM-Bidding-9389087.pdf""]",tender-documents
GEM/2026/B/7596512,"[""1780045783029_GeM-Bidding-9392296.pdf""]",tender-documents
GEM/2026/B/7597045,"[""1782375079245_ups_4c256164-bf8a-4ae5-90ef1780927144525_WGCDRADP_.pdf"", ""1782375079263_GeM-Bidding-9392938.pdf""]",tender-documents
GEM/2026/B/7599276,"[""1781260935790_battery_18d61e67-79f1-4d76-8bf71780902716149_so_cc.xlsx"", ""1781260935791_GeM-Bidding-9395515.pdf""]",tender-documents
GEM/2026/B/7599436,"[""1780125723464_GeM-Bidding-9395700.pdf""]",tender-documents
GEM/2026/B/7602006,"[""1780986198639_GeM-Bidding-9398598.pdf""]",tender-documents
GEM/2026/B/7603139,"[""1781855619835_NPCIL_Rawatbhatta.pdf""]",tender-documents
GEM/2026/B/7604793,"[""1783493517855_Tech_Specs_aadff919-6185-4f46-bc811783402802178_bu.pdf"", ""1783493517915_GeM-Bidding-9401752.pdf""]",tender-documents
GEM/2026/B/7605851,"[""1780644204664_sotr_2026-06-01-12-18-52_af3da2cb00146c5e69464fbca.pdf"", ""1780644204800_GeM-Bidding-9403015.pdf""]",tender-documents
GEM/2026/B/7606406,"[""1781524269353_UPS_7c515147-ab3b-405b-a86b1780301800700_lgsoffr_r.pdf"", ""1781524269389_GeM-Bidding-9403650__1_.pdf""]",tender-documents
GEM/2026/B/7606538,"[""1783665809813_GeM-Bidding-9403800.pdf""]",tender-documents
GEM/2026/B/7606683,"[""1781766269506_technical_specification_2026-06-01-12-16-44_848a54.pdf"", ""1781766269596_GeM-Bidding-9403971__2_.pdf""]",tender-documents
GEM/2026/B/7608541,"[""1781244947656_GeM-Bidding-9406050.pdf""]",tender-documents
GEM/2026/B/7609289,"[""1780647180697_buyerspec_908ae3af-9535-424c-ba541780545896961_ach.pdf"", ""1780647180732_GeM-Bidding-9406927__1_.pdf""]",tender-documents
GEM/2026/B/7609455,"[""1781262112680_1780375749.pdf"", ""1781262112768_GeM-Bidding-9407117.pdf""]",tender-documents
GEM/2026/B/7609634,"[""1780568894332_GeM-Bidding-9407327.pdf""]",tender-documents
GEM/2026/B/7610048,"[""1782194407572_6336main_2026-06-02-11-25-22_4c72fe0d55c093f29bda0.pdf"", ""1782194407692_GeM-Bidding-9407779.pdf""]",tender-documents
GEM/2026/B/7611612,"[""1780573288661_UPS_af531175-012b-4336-b4df1780394068926_JSMODPHQ.pdf"", ""1780573288712_GeM-Bidding-9409531__1_.pdf""]",tender-documents
GEM/2026/B/7612068,"[""1780645329634_tecspc-432_2026-06-02-15-32-18_44464585203d66ae790.pdf"", ""1780645329681_GeM-Bidding-9410023.pdf""]",tender-documents
GEM/2026/B/7612118,"[""1780572707237_ts_5766_merged_2026-06-02-15-37-36_799c63cace78101.pdf"", ""1780572707467_GeM-Bidding-9410074.pdf"", ""1780572707572_NIT5766_cf43b875-93f2-4821-82731780395893634_DEEPA.pdf""]",tender-documents
GEM/2026/B/7612300,"[""1781350978993_upsatc_cc881cf7-7d36-4a6f-8fb51780398204330_shaikh.pdf"", ""1781350979026_GeM-Bidding-9410265.pdf""]",tender-documents
GEM/2026/B/7612371,"[""1781085690007_1780990866.pdf"", ""1781085690078_GeM-Bidding-9410342__1_.pdf"", ""1781085690118_ATC_UPS_0133132d-1cc3-4e91-ba141780991062270_smcns.pdf""]",tender-documents
GEM/2026/B/7612646,"[""1782128545298_1780400972.xlsx"", ""1782128545301_GeM-Bidding-9410639.pdf""]",tender-documents
GEM/2026/B/7612648,"[""1785394970710_tec-gr-pi-bat-001-04-jun-11_2026-03-08-02-45-14_e5.pdf"", ""1785394970905_GeM-Bidding-9410641.pdf""]",tender-documents
GEM/2026/B/7612779,"[""1781949157467_1780561463.pdf"", ""1781949157474_GeM-Bidding-9410788.pdf""]",tender-documents
GEM/2026/B/7613907,"[""1781851064348_atcbty_74bfb301-fce1-439e-b2ee1781060973180_lpo3co.pdf"", ""1781851064363_GeM-Bidding-9412006.pdf""]",tender-documents
GEM/2026/B/7617641,"[""1781261065204_specifictaion_1_for_item_10_2026-06-03-15-47-40_07.pdf"", ""1781261065238_GeM-Bidding-9416082.pdf""]",tender-documents
GEM/2026/B/7618002,"[""1780566686373_SPECN_f860634c-72c8-41e2-b2571780484686730_amiryad.pdf"", ""1780566686474_GeM-Bidding-9416474.pdf""]",tender-documents
GEM/2026/B/7618051,"[""1780566413362_GeM-Bidding-9416526.pdf"", ""1780566413441_TechSpecs_c3b9ef12-03c3-491b-82741780484865224_car.pdf""]",tender-documents
GEM/2026/B/7618363,"[""1780986041697_GeM-Bidding-9416856.pdf""]",tender-documents
GEM/2026/B/7619972,"[""1781350530239_spec_1_2026-06-03-17-42-17_3f13d0a2259c7fca5a02c44.pdf"", ""1781350530357_GeM-Bidding-9418662.pdf""]",tender-documents
GEM/2026/B/7620583,"[""1780645470195_technical_specification_2026-06-04-11-19-25_be6bcb.pdf"", ""1780645470217_GeM-Bidding-9419346.pdf""]",tender-documents
GEM/2026/B/7621619,"[""1781949353301_technical_specification_of_20_kva_ups_2026-06-04-1.pdf"", ""1781949353329_GeM-Bidding-9420467.pdf""]",tender-documents
GEM/2026/B/7622389,"[""1781351628195_1227609_tech_specification_2026-06-04-14-43-11_b8f.pdf"", ""1781351628221_GeM-Bidding-9421306__1___1_.pdf""]",tender-documents
GEM/2026/B/7622556,"[""1780988012191_ATC_e5f4a412-00d9-4675-9f101780897704041_citd_buye.doc"", ""1780988012198_GeM-Bidding-9421492.pdf""]",tender-documents
GEM/2026/B/7624258,"[""1784705130399_GeM-Bidding-9423378__1_.pdf""]",tender-documents
GEM/2026/B/7625322,"[""1780728879260_GeM-Bidding-9424572.pdf"", ""1780915908903_SoW_f1153ccc-a131-4968-8b6a1780637992368_sanjeevkr.pdf""]",tender-documents
GEM/2026/B/7625346,"[""1781088222775_GeM-Bidding-9424597.pdf""]",tender-documents
GEM/2026/B/7626356,"[""1780728228193_ATC_f859d044-3f12-47f6-a3c41780643835370_errahulks.pdf"", ""1780728228313_technical_specification_gem_2026-06-05-12-22-54_37.pdf"", ""1780728228728_GeM-Bidding-9425740.pdf""]",tender-documents
GEM/2026/B/7626827,"[""1782721806909_GeM-Bidding-9426285__1_.pdf""]",tender-documents
GEM/2026/B/7626870,"[""1780984865166_GeM-Bidding-9426330.pdf""]",tender-documents
GEM/2026/B/7626897,"[""1781528062583_GeM-Bidding-9426358.pdf""]",tender-documents
GEM/2026/B/7628761,"[""1780727310493_1780660246__1_.pdf"", ""1780727310513_GeM-Bidding-9428429.pdf""]",tender-documents
GEM/2026/B/7628783,"[""1780727494656_1780660212.pdf"", ""1780727494927_GeM-Bidding-9428453.pdf""]",tender-documents
GEM/2026/B/7629467,"[""1781503973091_60kva_ups_for_a-_banerjee_2026-06-05-18-25-23_b8af.pdf"", ""1781503973370_BORDER8_19fbdb80-5646-41c7-b9e11780728933825_ranji.pdf"", ""1781503973412_GeM-Bidding-9429203__1_.pdf""]",tender-documents
GEM/2026/B/7633869,"[""1781851207912_spec_ups2_ac1c2239-06e8-4c96-8a521781686649881_cdm.pdf"", ""1781851208126_GeM-Bidding-9434110.pdf""]",tender-documents
GEM/2026/B/7633980,"[""1780988881687_1780889982.pdf"", ""1780988881770_GeM-Bidding-9434248.pdf""]",tender-documents
GEM/2026/B/7633993,"[""1783579219496_SPECS_519dee6e-d8be-412f-8b6e1780890160949_27wg_lg.pdf"", ""1783579219543_GeM-Bidding-9434267.pdf""]",tender-documents
GEM/2026/B/7635739,"[""1781088367867_1780986692.pdf"", ""1781088368131_GeM-Bidding-9436319.pdf""]",tender-documents
GEM/2026/B/7635938,"[""1781587921700_GeM-Bidding-9436559.pdf""]",tender-documents
GEM/2026/B/7637440,"[""1781175350425_GeM-Bidding-9438271.pdf""]",tender-documents
GEM/2026/B/7637771,"[""1782202625050_GeM-Bidding-9438632.pdf""]",tender-documents
GEM/2026/B/7638200,"[""1781349719767_BCPLTENDER_764336de-f4bb-4b3d-bb1b1781270579872_bu.pdf"", ""1781349720970_techspec_2026-06-08-18-29-36_d8d5eab8811dbefd17344.pdf"", ""1781349721264_GeM-Bidding-9439111.pdf""]",tender-documents
GEM/2026/B/7638325,"[""1781175952367_GeM-Bidding-9439258.pdf"", ""1781175952452_ATC_947e3fe1-2a9b-4d59-8ca51781067778854_buycon72_.pdf""]",tender-documents
GEM/2026/B/7638474,"[""1782198556175_GeM-Bidding-9439422.pdf""]",tender-documents
GEM/2026/B/7640390,"[""1781866540535_BOQ_390078.xls"", ""1781866540536_document.pdf""]",tender-documents
GEM/2026/B/7640887,"[""1782048328208_ATC_PDF_0e3e5c16-2b6b-48ad-b7361780991853300_buyco.pdf"", ""1782048328482_boq_pdf_2026-06-09-13-00-20_62a047d8726d09ced10e5a.pdf"", ""1782048328605_GeM-Bidding-9442123__1_.pdf""]",tender-documents
GEM/2026/B/7640904,"[""1781174669298_spec_2026-06-09-13-06-38_b1590ec9b2c2e8a55e4be9d39.pdf"", ""1781174669310_GeM-Bidding-9442140.pdf"", ""1781174669382_Atc_7be61e99-9e69-48e4-b0e41780991596756_Vinay_762.pdf""]",tender-documents
GEM/2026/B/7641683,"[""1781948669415_ATCBATTERY_410b1b62-653a-4e3b-91631781867332270_lg.pdf"", ""1781948669460_GeM-Bidding-9443004.pdf""]",tender-documents
GEM/2026/B/7644109,"[""1782541372586_GeM-Bidding-9445668.pdf"", ""1782541390651_TTSFINAL_b0d97209-dba9-44b0-a5261781263596374_buyc.pdf""]",tender-documents
GEM/2026/B/7644498,"[""1781175753544_ATCUPSMPV_e852ca10-3740-4503-b84c1781066592173_Men.pdf"", ""1781175753601_ups_sotr_2026-06-10-10-02-03_f3a45919f5872528561e3.pdf"", ""1781175753849_GeM-Bidding-9446107.pdf""]",tender-documents
GEM/2026/B/7644949,"[""1781174519318_ATC1bty_fba840a2-636c-4306-99b01781071063834_Vaida.docx"", ""1781174519326_GeM-Bidding-9446609__1_.pdf""]",tender-documents
GEM/2026/B/7645315,"[""1781175208969_1781071708.pdf"", ""1781175209332_GeM-Bidding-9447003__1_.pdf""]",tender-documents
GEM/2026/B/7645467,"[""1782202267505_GeM-Bidding-9447175.pdf""]",tender-documents
GEM/2026/B/7645495,"[""1782371229546_atc_218e490b-4426-4294-80491781073654520_Vaidansh5.pdf"", ""1782371229556_GeM-Bidding-9447203.pdf""]",tender-documents
GEM/2026/B/7646278,"[""1781261509632_tec-gr-pi-bat-001-04-jun-11_2026-03-08-02-45-14_e5.pdf"", ""1781261509896_GeM-Bidding-9448036.pdf""]",tender-documents
GEM/2026/B/7647376,"[""1781351126025_ATC_015G_1e40880c-c03d-45cd-9fe61781089564455_byco.docx"", ""1781351126032_tech_specs-140ah_2026-06-10-15-08-35_13ff96b9243b5.pdf"", ""1781351126062_GeM-Bidding-9449248__1_.pdf""]",tender-documents
GEM/2026/B/7647669,"[""1781174898602_AddlTC_bbae01d6-5587-41ec-ae391781087949385_Harish.docx"", ""1781174898606_GeM-Bidding-9449576.pdf""]",tender-documents
GEM/2026/B/7649402,"[""1781161908498_FILE_3a8b84e6-1513-4bf6-ab911781104913381_buyer_sp.pdf"", ""1781161908557_GeM-Bidding-9451453.pdf""]",tender-documents
GEM/2026/B/7650339,"[""1784705341252_ATCHOTAC_c97fee83-d233-4142-ae9b1781156787529_sr-j.pdf"", ""1784705341782_GeM-Bidding-9452526__4_.pdf""]",tender-documents
GEM/2026/B/7651172,"[""1781261334616_ATC_8abca8d6-252f-49f1-ab451781162914411_saoitstvm.pdf"", ""1781261334642_GeM-Bidding-9453442.pdf""]",tender-documents
GEM/2026/B/7651574,"[""1781949982441_Battery_7254a7c0-c8e5-4070-ad071781673520383_buyco.docx"", ""1781949982444_GeM-Bidding-9453863.pdf""]",tender-documents
GEM/2026/B/7653226,"[""1781351514528_BSD_254a2014-41ab-4449-91dd1781176016739_buyer25_r.doc"", ""1781351514537_spec-2550000438_2026-06-11-16-17-01_d11a2451f62fcc.pdf"", ""1781351514558_GeM-Bidding-9455678.pdf""]",tender-documents
GEM/2026/B/7653311,"[""1781597304411_GeM-Bidding-9455770.pdf""]",tender-documents
GEM/2026/B/7654838,"[""1781260646284_GeM-Bidding-9457485__1_.pdf""]",tender-documents
GEM/2026/B/7655682,"[""1782198250373_GeM-Bidding-9458446.pdf""]",tender-documents
GEM/2026/B/7656683,"[""1782454428470_VRLAATC_37207b37-7e5e-471b-92381781870517277_deepa.pdf"", ""1782454428712_boq_vrla_2026-03-11-13-25-16_77ff4e26e07b070b63a05.pdf"", ""1782454428734_GeM-Bidding-9459550__1_.pdf""]",tender-documents
GEM/2026/B/7657949,"[""1782729042189_specspdf_2026-06-12-15-07-24_2e1b05130ba3191ad1f30.pdf"", ""1782729042233_GeM-Bidding-9460939.pdf""]",tender-documents
GEM/2026/B/7659194,"[""1782889270298_GeM-Bidding-9462299.pdf""]",tender-documents
GEM/2026/B/7659478,"[""1781596428668_technical_specification_2026-06-12-17-41-22_fb41e8.pdf"", ""1781596428706_GeM-Bidding-9462616__1_.pdf""]",tender-documents
GEM/2026/B/7662441,"[""1781597110153_scope_of_work_2026-06-13-18-04-32_88e68fc13882cb79.pdf"", ""1781597110157_GeM-Bidding-9465956.pdf""]",tender-documents
GEM/2026/B/7662465,"[""1782375566551_techspec4ah_2026-06-13-18-21-59_915e04490d1d71338a.pdf"", ""1782375566560_GeM-Bidding-9465984.pdf""]",tender-documents
GEM/2026/B/7665787,"[""1781765110517_GeM-Bidding-9469873.pdf""]",tender-documents
GEM/2026/B/7666612,"[""1781595842720_upsatc_4f7b2ab5-5ca8-402b-937c1781521831597_rmo-he.pdf"", ""1781595842747_GeM-Bidding-9470802.pdf""]",tender-documents
GEM/2026/B/7666650,"[""1782721516093_ATC_SPLIT_97080d98-c17d-4673-bc571781524328232_buy.pdf"", ""1782721523186_GeM-Bidding-9470845.pdf""]",tender-documents
GEM/2026/B/7666978,"[""1781692833226_GeM-Bidding-9471227.pdf""]",tender-documents
GEM/2026/B/7667280,"[""1781852333277_tech_2026-06-15-17-50-48_25eaf0db7c4bd04067d7519d2.pdf"", ""1781852333399_GeM-Bidding-9471565.pdf""]",tender-documents
GEM/2026/B/7667826,"[""1781595704833_specifications_2026-06-15-20-34-39_7c172a1294ccf19.pdf"", ""1781595704925_GeM-Bidding-9472198.pdf""]",tender-documents
GEM/2026/B/7668189,"[""1782801769519_GeM-Bidding-9472636.pdf""]",tender-documents
GEM/2026/B/7668475,"[""1783154215000_annex_6a9b4b3e-9f99-4e58-921b1781589033496_rajkuma.pdf"", ""1783154215058_GeM-Bidding-9472974.pdf""]",tender-documents
GEM/2026/B/7668954,"[""1781594370583_technical_specification_2026-06-16-11-22-06_1335b7.pdf"", ""1781594370607_GeM-Bidding-9473528__1_.pdf""]",tender-documents
GEM/2026/B/7669915,"[""1782380120606_Spec_aeaf216a-f9a5-41de-99101781600690510_lakshman.pdf"", ""1782380120621_specification_2026-06-16-12-51-41_d6a3fca650f03739.pdf"", ""1782380120645_GeM-Bidding-9474595.pdf""]",tender-documents
GEM/2026/B/7671783,"[""1781692322305_GeM-Bidding-9476649.pdf""]",tender-documents
GEM/2026/B/7671826,"[""1781692637742_GeM-Bidding-9476696.pdf""]",tender-documents
GEM/2026/B/7672612,"[""1784275375380_ATC_72626714-e78d-4d2f-b8391781674955884_infosysgs.pdf"", ""1784275375441_motorised_screen_2026-06-16-12-36-44_69b9071eb7c40.pdf"", ""1784275375461_GeM-Bidding-9477558__1_.pdf""]",tender-documents
GEM/2026/B/7672713,"[""1782891936158_GeM-Bidding-9477670.pdf""]",tender-documents
GEM/2026/B/7672756,"[""1781684444985_ATC_0aae67a7-3697-4d5f-a0451781617568210_Disha_Bha.pdf"", ""1781684445705_1781617144.pdf"", ""1781684445719_GeM-Bidding-9477718.pdf""]",tender-documents
GEM/2026/B/7672843,"[""1781684688974_200AHATC_b80cf2ea-4e4a-40aa-90341781618408822_AEEV.pdf"", ""1781684688998_GeM-Bidding-9477817.pdf""]",tender-documents
GEM/2026/B/7673546,"[""1784639128160_GeM-Bidding-9478586.pdf""]",tender-documents
GEM/2026/B/7674812,"[""1783942075175_GeM-Bidding-9479997.pdf""]",tender-documents
GEM/2026/B/7675093,"[""1781768765458_UPS_b5d29c4f-180e-4cf2-8d9a1781680566449_himanshu_.pdf"", ""1781768765483_GeM-Bidding-9480292.pdf""]",tender-documents
GEM/2026/B/7676632,"[""1781765505118_GeM-Bidding-9481981.pdf""]",tender-documents
GEM/2026/B/7677100,"[""1781765859537_GeM-Bidding-9482487.pdf""]",tender-documents
GEM/2026/B/7678548,"[""1785308831094_specification_2026-06-17-21-31-42_f9601a22b9fe1f3f.pdf"", ""1785308831108_GeM-Bidding-9484107__1_.pdf""]",tender-documents
GEM/2026/B/7681558,"[""1782197461295_GeM-Bidding-9487456.pdf""]",tender-documents
GEM/2026/B/7681832,"[""1781851405276_ATC_84301ba4-eb35-4636-b2ca1781779377006_buycon161.pdf"", ""1781851405306_GeM-Bidding-9487751.pdf""]",tender-documents
GEM/2026/B/7682749,"[""1781850268711_nit_document_2026-06-18-17-02-34_22ac66a86c0bc85f4.pdf"", ""1781850268848_GeM-Bidding-9488762.pdf""]",tender-documents
GEM/2026/B/7683319,"[""1783666096706_ATC_187ed8a7-155e-45ae-a8081781789595527_OICICW18.docx"", ""1783666096708_GeM-Bidding-9489385.pdf""]",tender-documents
GEM/2026/B/7683642,"[""1782543378221_GeM-Bidding-9489756.pdf""]",tender-documents
GEM/2026/B/7684372,"[""1782197658120_XI_HIN_e6bc0193-1f7f-46c0-b9871781846887355_pocrpu.docx"", ""1782197658125_GeM-Bidding-9490594.pdf""]",tender-documents
GEM/2026/B/7686004,"[""1782455647707_ATC_rev_fcaa1a3d-70d7-4fc5-8f1e1781873954648_Buyer.pdf"", ""1782455648118_GeM-Bidding-9492409.pdf""]",tender-documents
GEM/2026/B/7690049,"[""1782380641556_GeM-Bidding-9496934.pdf"", ""1782380641673_tec-gr-pi-bat-001-04-jun-11_2026-03-08-02-45-14_e5.pdf""]",tender-documents
GEM/2026/B/7690539,"[""1782372510088_GGW_12542dba-08ff-40b0-bd9f1782219709000_gemb15_nt.pdf"", ""1782372510143_GeM-Bidding-9497490.pdf""]",tender-documents
GEM/2026/B/7692553,"[""1782986429120_ATCGEM_08d50d4f-0366-4207-a8171782111578050_82848.pdf"", ""1782986429144_1781969705__1_.pdf"", ""1782986429158_GeM-Bidding-9499741.pdf""]",tender-documents
GEM/2026/B/7694144,"[""1782197767836_GeM-Bidding-9501639.pdf""]",tender-documents
GEM/2026/B/7694281,"[""1783665361903_TEC_a022f270-6a54-4ba1-8cd41782112253495_ammptjsrg.pdf"", ""1783665362207_GeM-Bidding-9501796.pdf""]",tender-documents
GEM/2026/B/7694385,"[""1782198021659_SPECS_114517b7-57c0-46d3-8edd1782110949139_nareshg.pdf"", ""1782198021752_GeM-Bidding-9501921.pdf""]",tender-documents
GEM/2026/B/7695571,"[""1782197154483_GeM-Bidding-9503266.pdf""]",tender-documents
GEM/2026/B/7696338,"[""1782371101218_ATC_3173F_5b235e3a-52ff-40b7-ac9a1782197022347_nan.docx"", ""1782371101221_GeM-Bidding-9504124.pdf""]",tender-documents
GEM/2026/B/7696447,"[""1782380443283_tec-gr-pi-bat-001-04-jun-11_2026-03-08-02-45-14_e5.pdf"", ""1782380443547_GeM-Bidding-9504244.pdf""]",tender-documents
GEM/2026/B/7696717,"[""1782369310337_SOW_29a4e9f4-f52a-4255-88241782200755419_PM_S_AND_.pdf"", ""1782369310357_GeM-Bidding-9504545.pdf""]",tender-documents
GEM/2026/B/7697159,"[""1783747862520_ATC_7816b87f-69ec-453d-94381782300870672_JGMCNSkol.pdf"", ""1783747862792_GeM-Bidding-9505049.pdf""]",tender-documents
GEM/2026/B/7697351,"[""1784540393162_GeM-Bidding-9505274__2_.pdf""]",tender-documents
GEM/2026/B/7697520,"[""1784362693356_ATC12345_b00de094-abcd-4dbf-8ddc1782136778350_Proc.pdf"", ""1784362693374_GeM-Bidding-9505474__1_.pdf""]",tender-documents
GEM/2026/B/7698430,"[""1784965321873_technical_specification_for_12v_200ah_lead_acid_ba.pdf"", ""1784965321903_GeM-Bidding-9506562.pdf""]",tender-documents
GEM/2026/B/7701153,"[""1782376082762_1782213392__1_.pdf"", ""1782376082804_GeM-Bidding-9509543.pdf""]",tender-documents
GEM/2026/B/7701502,"[""1783665666892_GeM-Bidding-9509908.pdf"", ""1783665666946_specification_2026-06-23-16-02-53_69bce36eb4e59b44.pdf""]",tender-documents
GEM/2026/B/7701554,"[""1783667049469_TD_DVOR_AC_aeb4e363-0afe-4667-80c11782214281938_EN.pdf"", ""1783667049752_GeM-Bidding-9509961__1_.pdf""]",tender-documents
GEM/2026/B/7702086,"[""1782376186880_biddatc_f943cdef-25ba-4d21-a7d21782215171864_RO_RA.docx"", ""1782376186885_GeM-Bidding-9510529.pdf""]",tender-documents
GEM/2026/B/7702355,"[""1782367557657_merged_tech_spec_2026-06-23-17-21-34_8e69ebedc364c.pdf"", ""1782367557773_GeM-Bidding-9510831__1_.pdf""]",tender-documents
GEM/2026/B/7704367,"[""1782379724614_GeM-Bidding-9513073.pdf""]",tender-documents
GEM/2026/B/7704656,"[""1782376337117_ATC062026_3d0a122e-6497-4eda-81991782295474940_gem.pdf"", ""1782376337544_GeM-Bidding-9513389.pdf""]",tender-documents
GEM/2026/B/7704672,"[""1782380885336_1782283211.pdf"", ""1782380885355_GeM-Bidding-9513406.pdf""]",tender-documents
GEM/2026/B/7705594,"[""1782374410293_ATC_UPS_f246029b-a8ed-4ffe-87071782317188251_shant.pdf"", ""1782374410748_GeM-Bidding-9514418__1_.pdf""]",tender-documents
GEM/2026/B/7705711,"[""1784792509742_tec-gr-pi-bat-001-04-jun-11_2026-03-08-02-45-14_e5.pdf"", ""1784792510096_GeM-Bidding-9514548.pdf""]",tender-documents
GEM/2026/B/7706193,"[""1783493682288_26186_final_tech-_specs_ups_batteries_2026-06-24-1.pdf"", ""1783493682542_GeM-Bidding-9515094.pdf""]",tender-documents
GEM/2026/B/7706411,"[""1782376532837_NIT_1ef929ec-3f33-4ecb-8ba91782298387654_SBILHOPAT.pdf"", ""1782376533285_NIT_0495091a-95d8-457a-8c1f1782298268213_SBILHOPAT.pdf"", ""1782376533542_GeM-Bidding-9515332.pdf""]",tender-documents
GEM/2026/B/7707239,"[""1784717606204_85096f_899d25b9-dd9a-4b98-945c1782380835200_rruser.pdf"", ""1784717606273_GeM-Bidding-9516221.pdf""]",tender-documents
GEM/2026/B/7707529,"[""1782454634827_BSD_b8a46ecb-5e5f-45ec-88aa1782303053039_buyer25_r.doc"", ""1782454634833_spec-2650000004_2026-06-24-17-28-35_d01e1577afcaca.pdf"", ""1782454634839_GeM-Bidding-9516549.pdf""]",tender-documents
GEM/2026/B/7708089,"[""1782889035364_GeM-Bidding-9517180.pdf""]",tender-documents
GEM/2026/B/7709224,"[""1783157848011_ATC_final_8ff43531-9e5b-4ad8-af331782367732088_aea.pdf"", ""1783157848122_GeM-Bidding-9518466.pdf""]",tender-documents
GEM/2026/B/7710545,"[""1782454849342_1782373880.pdf"", ""1782454849423_1782373874.pdf"", ""1782454849462_1782373755.pdf"", ""1782454849546_GeM-Bidding-9519935.pdf""]",tender-documents
GEM/2026/B/7711172,"[""1782542958594_GeM-Bidding-9520635.pdf""]",tender-documents
GEM/2026/B/7711404,"[""1783579081838_1782714986.pdf"", ""1783579082036_GeM-Bidding-9520897.pdf""]",tender-documents
GEM/2026/B/7711647,"[""1783665545089_GeM-Bidding-9521158.pdf"", ""1783665551098_1782381505.pdf"", ""1783665559473_1782381505.pdf"", ""1783665559566_1782381508.pdf"", ""1783665559725_1782381518.pdf""]",tender-documents
GEM/2026/B/7712712,"[""1782721240451_technical_specifications_2026-06-25-17-16-42_0b253.pdf"", ""1782721240493_GeM-Bidding-9522350.pdf""]",tender-documents
GEM/2026/B/7712728,"[""1782542551673_UPS_ff05ecce-7347-4d7b-87891782388314570_himanshu_.pdf"", ""1782542551686_GeM-Bidding-9522368.pdf""]",tender-documents
GEM/2026/B/7713172,"[""1783063709555_BATC_72407df0-b87a-4af5-8e251782986966866_buyercpc.pdf"", ""1783063710155_GeM-Bidding-9522866.pdf""]",tender-documents
GEM/2026/B/7714943,"[""1782558757422_GeM-Bidding-9524885.pdf""]",tender-documents
GEM/2026/B/7715230,"[""1782556848232_GeM-Bidding-9525189__1_.pdf"", ""1782556854174_tender_documents.pdf"", ""1782556859683_1782467879__2_.pdf"", ""1782556864566_1782467448__1_.xlsx""]",tender-documents
GEM/2026/B/7715407,"[""1783158576112_1782904843.pdf"", ""1783158581835_GeM-Bidding-9525383.pdf""]",tender-documents
GEM/2026/B/7715473,"[""1783662105486_GeM-Bidding-9525454__1_.pdf""]",tender-documents
GEM/2026/B/7718318,"[""1782721411851_GeM-Bidding-9528717.pdf"", ""1782721411902_tender_doc_final_2026-06-27-16-25-42_a1894344ed30f.pdf""]",tender-documents
GEM/2026/B/7720610,"[""1782816710359_1782713883.pdf"", ""1782816710382_GeM-Bidding-9531482.pdf""]",tender-documents
GEM/2026/B/7720869,"[""1785573166716_6392spec_2026-06-29-12-16-58_7d5d066bf2accf523ec4e.pdf"", ""1785573166866_GeM-Bidding-9531815.pdf""]",tender-documents
GEM/2026/B/7722261,"[""1782888667367_1782730477.pdf"", ""1782888667416_1782731221.xlsx"", ""1782888673412_GeM-Bidding-9533439.pdf""]",tender-documents
GEM/2026/B/7722357,"[""1782815958932_SOW_b0b74b82-2e0e-4d59-aeb81782735827004_ZO_KOLS_C.pdf"", ""1782815959135_GeM-Bidding-9533545__1_.pdf""]",tender-documents
GEM/2026/B/7722385,"[""1782892372947_specs_of_batteries_2026-06-29-16-08-18_f1700b82e39.pdf"", ""1782892373002_GeM-Bidding-9533579.pdf""]",tender-documents
GEM/2026/B/7723180,"[""1782891580570_spec-2650000062_2026-06-29-17-43-40_5b26628997e88f.pdf"", ""1782891580605_GeM-Bidding-9534466.pdf""]",tender-documents
GEM/2026/B/7724787,"[""1782892235394_GeM-Bidding-9536375.pdf"", ""1783332420553_UPSRFP203_8739b0c8-c64f-4673-b57d1782811177050_cmi.pdf""]",tender-documents
GEM/2026/B/7725139,"[""1783150706577_123_e94d2802-6991-46b9-9e891782815947093_prateek_2.pdf"", ""1783150706638_GeM-Bidding-9536780.pdf""]",tender-documents
GEM/2026/B/7725326,"[""1784264950704_GeM-Bidding-9536971__2_.pdf"", ""1784264982355_detail_technical_specifications_of_ups_and_batteri.pdf""]",tender-documents
GEM/2026/B/7725348,"[""1782891700332_annexure_01_2026-06-30-12-04-02_e7610e431d74584a51.pdf"", ""1782891700354_GeM-Bidding-9536994.pdf""]",tender-documents
GEM/2026/B/7725506,"[""1782889529027_ZOJPBIN_c9fdd0e6-e2b1-4046-ba4c1782805433993_ZO_BH.pdf"", ""1782889529052_GeM-Bidding-9537170__1_.pdf""]",tender-documents
GEM/2026/B/7728100,"[""1784638697164_technical_specifications__battery_vrla_2026-06-30-.pdf"", ""1784638697216_GeM-Bidding-9540089.pdf""]",tender-documents
GEM/2026/B/7728144,"[""1782986908729_1782886771.pdf"", ""1782986908733_1782886752.pdf"", ""1782986908739_GeM-Bidding-9540138.pdf""]",tender-documents
GEM/2026/B/7729221,"[""1784531138901_1782881968__1_.pdf"", ""1784531138953_GeM-Bidding-9541366__3_.pdf""]",tender-documents
GEM/2026/B/7729945,"[""1783758225649_specs_2026-07-01-11-48-29_544147d270af75c0559e9a23.pdf"", ""1783758225708_GeM-Bidding-9542159.pdf""]",tender-documents
GEM/2026/B/7730561,"[""1784793152516_specifications_of_ups_2026-07-01-12-46-08_a1cea6c8.pdf"", ""1784793152580_GeM-Bidding-9542835.pdf""]",tender-documents
GEM/2026/B/7733978,"[""1784713167226_GeM-Bidding-9546661.pdf""]",tender-documents
GEM/2026/B/7734242,"[""1783065857668_crfq_2026-07-02-10-15-55_c5e1e901261cbb1452de66d70.pdf"", ""1783065857740_GeM-Bidding-9546959.pdf""]",tender-documents
GEM/2026/B/7734313,"[""1783067417695_ATC_d6bfed29-a6c1-4935-bcdf1782969142855_hodpesti-.pdf"", ""1783067417831_GeM-Bidding-9547038__1_.pdf""]",tender-documents
GEM/2026/B/7736482,"[""1783065756270_annex_1ab3f2a7-b5d3-4f22-b0911782985698466_rajkuma.pdf"", ""1783065756355_GeM-Bidding-9549477.pdf""]",tender-documents
GEM/2026/B/7737451,"[""1783154066700_Spec_7f7e61b7-fc6b-438d-85941782991338235_mysdivge.pdf"", ""1783154066790_1782990026__1_.pdf"", ""1783154066832_GeM-Bidding-9550548.pdf""]",tender-documents
GEM/2026/B/7738568,"[""1783492616453_SOW_2a291f65-0b0a-48b1-b28f1783001234478_padmini_b.pdf"", ""1783492616481_1782999234.pdf"", ""1783492616496_tec-gr-pi-bat-001-04-jun-11_2026-03-08-02-45-14_e5.pdf"", ""1783492616696_GeM-Bidding-9551787.pdf""]",tender-documents
GEM/2026/B/7739254,"[""1783158968906_GeM-Bidding-9552602__1_.pdf"", ""1783158969022_specification_mc-s28-136_2026-07-03-09-42-16_15444.pdf""]",tender-documents
GEM/2026/B/7742772,"[""1785740614047_specs455_2026-07-03-16-21-49_ed24afa4784dbf969260f.pdf"", ""1785740614076_GeM-Bidding-9556521.pdf""]",tender-documents
GEM/2026/B/7747019,"[""1784361239092_ATCUPS_f9231b6a-ff23-4374-920a1783483522242_buyer2.pdf"", ""1784361239327_GeM-Bidding-9561382.pdf""]",tender-documents
GEM/2026/B/7747913,"[""1783405330034_GeM-Bidding-9562405.pdf""]",tender-documents
GEM/2026/B/7749253,"[""1784882809518_ATC_211947af-8d73-4656-8f7a1783398003685_YCM-NSRYK.pdf"", ""1784882809599_1783317439.pdf"", ""1784882809623_GeM-Bidding-9564044.pdf""]",tender-documents
GEM/2026/B/7750434,"[""1783405865504_1783351564__3_.pdf"", ""1783405865619_GeM-Bidding-9565522__2_.pdf""]",tender-documents
GEM/2026/B/7751606,"[""1783493244204_TEB5CR_6ddb4df1-4cb4-4c2b-a6df1783402346189_amrita.docx"", ""1783493244207_1783402205.xlsx"", ""1783493244208_GeM-Bidding-9566926.pdf""]",tender-documents
GEM/2026/B/7752145,"[""1783493952287_lead_acid_battery_2026-07-07-11-30-37_e3dc69fc10dc.pdf"", ""1783493952305_GeM-Bidding-9567551.pdf""]",tender-documents
GEM/2026/B/7752627,"[""1783493105678_tec-gr-pi-bat-001-04-jun-11_2026-03-08-02-45-14_e5.pdf"", ""1783493106181_GeM-Bidding-9568088__1_.pdf""]",tender-documents
GEM/2026/B/7753483,"[""1784182995129_revised_technical_specification_-_1-5_ton_inverter.xlsx"", ""1784182995132_1783410435__1_.xlsx"", ""1784182995134_1783410248__5_.pdf"", ""1784182995225_GeM-Bidding-9569054__3_.pdf""]",tender-documents
GEM/2026/B/7754412,"[""1783577734122_Annex3_b254535b-cc69-46e7-96e81783418373768_nipen_.docx"", ""1783577734124_final_1_2026-07-03-17-34-55_aaaec99642a17e4f533f97.pdf"", ""1783577734146_GeM-Bidding-9570096.pdf""]",tender-documents
GEM/2026/B/7758219,"[""1785221904435_GeM-Bidding-9574303.pdf""]",tender-documents
GEM/2026/B/7760355,"[""1783578372865_nit_dbcf19f8-1f8b-4c61-a0901783506061163_chetan_ku.pdf"", ""1783578373009_itemspecificationdocs_0001_2026-07-08-14-54-35_b7f.pdf"", ""1783578373025_GeM-Bidding-9576667.pdf""]",tender-documents
GEM/2026/B/7760398,"[""1783578650421_GeM-Bidding-9576714.pdf""]",tender-documents
GEM/2026/B/7761162,"[""1786098746994_Terms_4e727166-3ab4-4a95-b4dd1784024399430_HEEP_54.pdf"", ""1786098747076_1783507701.pdf"", ""1786098747129_1783507676.pdf"", ""1786098747167_1783507651.pdf"", ""1786098747225_1783507543.pdf""]",tender-documents
GEM/2026/B/7763054,"[""1784096058619_GeM-Bidding-9579594__1_.pdf"", ""1784096086423_Tech369_cd7b387f-e1fc-4a9a-a0411783568296589_LP414.pdf""]",tender-documents
GEM/2026/B/7764431,"[""1783665939542_ATC_f729150b-f0fa-48c2-bb941783581166656_phitendra.pdf"", ""1783665939559_GeM-Bidding-9581136.pdf""]",tender-documents
GEM/2026/B/7764999,"[""1784638066016_specification_2026-07-09-11-49-45_7696a153500ac916.pdf"", ""1784638066050_GeM-Bidding-9581770__2_.pdf""]",tender-documents
GEM/2026/B/7765107,"[""1785394640664_GeM-Bidding-9581897.pdf""]",tender-documents
GEM/2026/B/7765460,"[""1783664532859_220v_battery_bank_2026-07-09-13-51-57_f3c51183698f.pdf"", ""1783664532881_GeM-Bidding-9582275.pdf""]",tender-documents
GEM/2026/B/7765827,"[""1784360913510_ATC1bty_3155032f-c31d-4fc3-bb9d1783589394346_Vaida.docx"", ""1784360913512_GeM-Bidding-9582642.pdf""]",tender-documents
GEM/2026/B/7769466,"[""1785308146889_tech_specification_ups_2026-07-10-11-01-32_6772b1c.pdf"", ""1785308146898_GeM-Bidding-9586780.pdf""]",tender-documents
GEM/2026/B/7769613,"[""1783756347520_Eli_40e83f54-6567-464b-8def1783691420551_famanager.pdf"", ""1783756347561_1783691159__1_.pdf"", ""1783756347610_1783691069__1_.pdf"", ""1783756347676_GeM-Bidding-9586957.pdf""]",tender-documents
GEM/2026/B/7771583,"[""1783755721494_demii_63ef7c50-5bed-4e3b-9a181783676011078_RFPBUIL.pdf"", ""1783755721621_GeM-Bidding-9589197.pdf""]",tender-documents
GEM/2026/B/7771994,"[""1783757921374_additional_d702f3be-678a-413f-ac4b1783678845497_ib.pdf"", ""1783757921437_GeM-Bidding-9589659__1_.pdf""]",tender-documents
GEM/2026/B/7772339,"[""1783757464179_GeM-Bidding-9590028__1_.pdf"", ""1783757464282_AAD_d1428d74-365c-4bb9-89711783681937019_ib_ankita.pdf""]",tender-documents
GEM/2026/B/7772525,"[""1783756905394_TenderDoc_78e25ec6-eded-4163-883e1783681241175_sha.pdf"", ""1783756905869_GeM-Bidding-9590232.pdf""]",tender-documents
GEM/2026/B/7773613,"[""1783756466358_GeM-Bidding-9591438.pdf""]",tender-documents
GEM/2026/B/7773685,"[""1783756102416_ATC_680bee84-5753-4608-90fd1783691039468_ZO_KOLN_C.pdf"", ""1783756102793_GeM-Bidding-9591528.pdf""]",tender-documents
GEM/2026/B/7778988,"[""1785825244877_specification_2026-07-13-12-24-09_fa11673c260f8e3d.pdf"", ""1785825244955_GeM-Bidding-9597751.pdf""]",tender-documents
GEM/2026/B/7780011,"[""1784964890732_GeM-Bidding-9598945__1_.pdf""]",tender-documents
GEM/2026/B/7780251,"[""1785307393616_tec-gr-pi-bat-001-04-jun-11_2026-03-08-02-45-14_e5.pdf"", ""1785307393832_GeM-Bidding-9599220.pdf""]",tender-documents
GEM/2026/B/7780636,"[""1784264986385_GeM-Bidding-9599649.pdf""]",tender-documents
GEM/2026/B/7783843,"[""1784030414733_GeM-Bidding-9603360.pdf"", ""1784030417754_1784021895.xlsx"", ""1784030421799_TDPR0926_38fd08bc-df6b-4c25-812c1784022098877_suni.pdf""]",tender-documents
GEM/2026/B/7785938,"[""1785848674851_GeM-Bidding-9605686.pdf""]",tender-documents
GEM/2026/B/7786440,"[""1784624634759_td_09727e37-8503-4d63-b5181784547202973_kkartheek.pdf"", ""1784624634948_GeM-Bidding-9606225__1_.pdf""]",tender-documents
GEM/2026/B/7788328,"[""1784264610783_GeM-Bidding-9608309.pdf""]",tender-documents
GEM/2026/B/7789965,"[""1784201764818_GeM-Bidding-9610127.pdf"", ""1784201790955_UPS_TENDER_7715b260-adaf-421e-a9f11784107467376_sr.pdf""]",tender-documents
GEM/2026/B/7792501,"[""1784372119601_1-technical_specs_sqp_unchahhar_r1_2026-07-15-17-3.pdf"", ""1784372120026_GeM-Bidding-9612985.pdf""]",tender-documents
GEM/2026/B/7795149,"[""1784286146088_GeM-Bidding-9615991.pdf""]",tender-documents
GEM/2026/B/7796160,"[""1784373969693_technical_document_2026-07-16-14-59-51_239375fd56a.pdf"", ""1784373969865_GeM-Bidding-9617112.pdf""]",tender-documents
GEM/2026/B/7797149,"[""1784372864564_GeM-Bidding-9618195.pdf""]",tender-documents
GEM/2026/B/7800393,"[""1784541480799_ATO5Cdec_80a1fe47-4a52-468c-89221784277997047_ammc.docx"", ""1784541480801_GeM-Bidding-9621862.pdf""]",tender-documents
GEM/2026/B/7800634,"[""1784638500968_GeM-Bidding-9622136__1_.pdf""]",tender-documents
GEM/2026/B/7800768,"[""1784881309947_ATCbattery_d8b1212f-9667-46a3-9b831784814189330_vo.pdf"", ""1784881310964_1784812015.pdf"", ""1784881311065_GeM-Bidding-9622296.pdf""]",tender-documents
GEM/2026/B/7803327,"[""1784361391325_ATC_ef84d053-306f-451a-b8a41784294853555_buycon686.pdf"", ""1784361391621_1784294560.pdf"", ""1784361391926_GeM-Bidding-9625162.pdf""]",tender-documents
GEM/2026/B/7803698,"[""1784716222543_specs_10-3_2026-07-17-21-43-54_3afa76231066f2a98c6.pdf"", ""1784716222590_GeM-Bidding-9625626.pdf""]",tender-documents
GEM/2026/B/7804608,"[""1784541366513_GeM-Bidding-9626707.pdf""]",tender-documents
GEM/2026/B/7805710,"[""1784535920848_GeM-Bidding-9627982__1_.pdf""]",tender-documents
GEM/2026/B/7806059,"[""1784639000039_tech-1_2026-07-18-16-33-08_4156da6c66ae6bb5ae3327a.pdf"", ""1784639000163_GeM-Bidding-9628360.pdf""]",tender-documents
GEM/2026/B/7806153,"[""1784792238199_1784520553.pdf"", ""1784792238263_GeM-Bidding-9628467.pdf""]",tender-documents
GEM/2026/B/7807998,"[""1784639274798_rfpups_2026-07-20-10-42-46_726aaff65a3e9ce928d1c55.pdf"", ""1784639274887_GeM-Bidding-9630756.pdf""]",tender-documents
GEM/2026/B/7808006,"[""1784638840296_NITR01_4b4e08b8-ec20-44a6-921f1784525480865_buyer1.pdf"", ""1784638840970_GeM-Bidding-9630765__1_.pdf""]",tender-documents
GEM/2026/B/7811405,"[""1785571464056_BATCF_ede1ae02-4bbf-4024-a56e1784637706768_buyerlu.pdf"", ""1785571464160_GeM-Bidding-9634722.pdf""]",tender-documents
GEM/2026/B/7811628,"[""1784716952277_GeM-Bidding-9634973.pdf""]",tender-documents
GEM/2026/B/7814178,"[""1784717490783_RFP_UPS_5edf042f-8677-4d83-b1f61784618952420_buyco.pdf"", ""1784717491427_GeM-Bidding-9637948.pdf""]",tender-documents
GEM/2026/B/7815678,"[""1786081026978_FinTend_70710811-f745-46c7-82fe1785999921332_Allan.pdf"", ""1786081029106_103074484.pdf""]",tender-documents
GEM/2026/B/7816063,"[""1784965991409_BTRY_ATC_9a782369-4f97-4f28-8d6b1784719802904_tend.pdf"", ""1784965991771_GeM-Bidding-9640020.pdf""]",tender-documents
GEM/2026/B/7816520,"[""1784883112895_ATC_3d8c3d14-947b-470c-86e91784805467830_PM_SNT_AD.docx"", ""1784883112896_irs_s_93-96_vrla_battery_spec_2025-05-26-11-16-25_.pdf"", ""1784883112925_GeM-Bidding-9640514.pdf""]",tender-documents
GEM/2026/B/7816670,"[""1785740939260_GeM-Bidding-9640684__1_.pdf""]",tender-documents
GEM/2026/B/7818924,"[""1784888027611_1245Compl_e09d691e-3dd3-48f9-9c851784717399778_vss.docx"", ""1784888027613_GeM-Bidding-9643247__1_.pdf""]",tender-documents
GEM/2026/B/7819816,"[""1784793044164_BatteATC_824b6102-2e40-4c49-89961784705515184_ASIM.pdf"", ""1784793044233_GeM-Bidding-9644251.pdf""]",tender-documents
GEM/2026/B/7819826,"[""1785394533436_GeM-Bidding-9644262.pdf""]",tender-documents
GEM/2026/B/7823545,"[""1784963081007_atcbt130ah_cb1caf22-e181-4aff-8c4b1784871181112_ii.docx"", ""1784963081009_GeM-Bidding-9648474.pdf""]",tender-documents
GEM/2026/B/7825754,"[""1785916200190_ATC_70d4e125-89a4-4d77-97281784867314966_LPO_33.pdf"", ""1785916200220_GeM-Bidding-9650969.pdf""]",tender-documents
GEM/2026/B/7827216,"[""1785395068262_GeM-Bidding-9652602.pdf""]",tender-documents
GEM/2026/B/7829717,"[""1785307870111_GeM-Bidding-9655503__1_.pdf""]",tender-documents
GEM/2026/B/7831347,"[""1784965178431_1784885276__1_.pdf"", ""1784965178514_GeM-Bidding-9657392.pdf""]",tender-documents
GEM/2026/B/7831414,"[""1786001571951_item_description_2026-07-24-15-00-31_a76a43ab8c611.pdf"", ""1786001571996_GeM-Bidding-9657462.pdf""]",tender-documents
GEM/2026/B/7831472,"[""1785136430502_1784893691.pdf"", ""1785136430524_1784891226.pdf"", ""1785136430750_scc_2026-07-24-15-03-06_f392b09ea70aa6c1ea40f553a8.pdf"", ""1785136431138_GeM-Bidding-9657523.pdf""]",tender-documents
GEM/2026/B/7831655,"[""1785221157509_tcd_battery_charger_2026-07-24-15-25-28_e1cc9974c6.pdf"", ""1785221157714_GeM-Bidding-9657729.pdf""]",tender-documents
GEM/2026/B/7832055,"[""1785742702733_23683_ts_2026-07-24-15-40-08_d1e9cc3f525ee90ebacda.pdf"", ""1785742702790_GeM-Bidding-9658175__1_.pdf""]",tender-documents
GEM/2026/B/7832194,"[""1785221636960_specification_document_2026-07-24-16-18-24_7ba5496.pdf"", ""1785221637009_GeM-Bidding-9658335.pdf""]",tender-documents
GEM/2026/B/7834697,"[""1785739769788_309-1_2026-07-25-12-22-46_a886c7913501a04b157dccb7.pdf"", ""1785739769828_GeM-Bidding-9661258.pdf""]",tender-documents
GEM/2026/B/7837200,"[""1786609540837_compliancetoboqandboqspecs_2026-07-27-08-55-00_1a5.pdf"", ""1786609540890_GeM-Bidding-9664162.pdf""]",tender-documents
GEM/2026/B/7839350,"[""1785221779423_NIT_b134986a-261a-4b5e-b3a51785144671918_buyer4_nt.pdf"", ""1785221780127_GeM-Bidding-9666843.pdf""]",tender-documents
GEM/2026/B/7839354,"[""1786433883430_GeM-Bidding-9666847.pdf"", ""1786522494873_ATCUPS_7be4cd46-0faa-4d50-802b1785144229067_adtech.pdf""]",tender-documents
GEM/2026/B/7840002,"[""1785221346428_GEM_4790078a-589a-4d9a-9e501785152849585_C2thblsy.pdf"", ""1785221346483_GeM-Bidding-9667573.pdf""]",tender-documents
GEM/2026/B/7840874,"[""1785916336485_1785154203__2_.pdf"", ""1785916336493_GeM-Bidding-9668554.pdf""]",tender-documents
GEM/2026/B/7841552,"[""1785308827878_1785308499091_GeM-Bidding-9669353.pdf""]",tender-documents
GEM/2026/B/7843179,"[""1785307521882_tender_document_for_battery_arc_2026-07-28-12-09-5.pdf"", ""1785307521956_GeM-Bidding-9671251.pdf""]",tender-documents
GEM/2026/B/7846096,"[""1785304743292_ATC_d431e472-8e21-4ee2-953d1785247871300_ZO_KOL2_C.pdf"", ""1785304743508_GeM-Bidding-9674470__2_.pdf""]",tender-documents
GEM/2026/B/7850258,"[""1786432939649_world-bank-stc_1704778647.pdf"", ""1786432939696_GeM-Bidding-9679195.pdf""]",tender-documents
GEM/2026/B/7850747,"[""1786442280200_GeM-Bidding-9679723.pdf""]",tender-documents
GEM/2026/B/7851854,"[""1785392618261_65AHRS_29589c21-8206-4ce2-97771785332028949_AEEVPH.pdf"", ""1785392618306_GeM-Bidding-9680956.pdf""]",tender-documents
GEM/2026/B/7854246,"[""1785572866328_GeM-Bidding-9683690.pdf""]",tender-documents
GEM/2026/B/7854737,"[""1785572687517_technical_specifications_2026-07-30-13-43-08_af77b.pdf"", ""1785572687558_GeM-Bidding-9684230.pdf""]",tender-documents
GEM/2026/B/7856533,"[""1785572051640_GeM-Bidding-9686210.pdf""]",tender-documents
GEM/2026/B/7861336,"[""1785742328891_ups_396f0a2b-365f-4296-b88d1785495486071_buyer_ksf.pdf"", ""1785742328971_GeM-Bidding-9691566__1_.pdf""]",tender-documents
GEM/2026/B/7864412,"[""1785740089400_ATC_1b6aa202-b43b-428a-990b1785574013108_HEEP_657.pdf"", ""1785740089488_GeM-Bidding-9695074.pdf""]",tender-documents
GEM/2026/B/7865319,"[""1786088269602_tech_catalog_2026-08-01-16-14-27_77cfaf2b84ae25d12.pdf"", ""1786088269693_GeM-Bidding-9696093.pdf""]",tender-documents
GEM/2026/B/7867702,"[""1786084454215_bothtechnicalspecification_2026-08-03-11-48-08_b6a.pdf"", ""1786084454450_GeM-Bidding-9699000.pdf""]",tender-documents
GEM/2026/B/7867937,"[""1785824801776_TENDOC_9b365a09-c187-47ea-ac931785744974872_Amit_E.pdf"", ""1785824801910_GeM-Bidding-9699279.pdf""]",tender-documents
GEM/2026/B/7870928,"[""1785915385889_batteryatc_53e6dbd7-66ed-448a-88c51785821095392_di.docx"", ""1785915385889_GeM-Bidding-9702793.pdf""]",tender-documents
GEM/2026/B/7871685,"[""1786001813361_atc_0420d60c-8d80-496d-9e4a1785815564154_OicItrcGe.pdf"", ""1786001813388_GeM-Bidding-9703692.pdf""]",tender-documents
GEM/2026/B/7871792,"[""1785914462424_bom_and_tech_specification_2026-08-04-09-32-34_315.pdf"", ""1785914462492_GeM-Bidding-9703821.pdf""]",tender-documents
GEM/2026/B/7876415,"[""1786441898531_tec-gr-pi-bat-001-04-jun-11_2026-03-08-02-45-14_e5.pdf"", ""1786441898898_GeM-Bidding-9708972.pdf""]",tender-documents
GEM/2026/B/7878235,"[""1786002519444_technical_specs_2026-08-05-11-52-28_b7b47ec17da082.pdf"", ""1786002519744_GeM-Bidding-9711048.pdf""]",tender-documents
GEM/2026/B/7879873,"[""1786000701429_GeM-Bidding-9712882.pdf""]",tender-documents
GEM/2026/B/7881004,"[""1786087925646_GeM-Bidding-9714128.pdf""]",tender-documents
GEM/2026/B/7882324,,tender-documents
GEM/2026/B/7895008,"[""1786442632888_ts_2026-08-08-16-06-24_31c97af170311fe007d53a64444.pdf"", ""1786442632908_GeM-Bidding-9730102.pdf""]",tender-documents
GEM/2026/B/7895370,"[""1786606217906_TERMS_537cd17c-3218-4cf1-9f661786544894855_gemcosb.pdf"", ""1786606217947_GeM-Bidding-9730522.pdf""]",tender-documents
GEM/2026/B/7901069,"[""1786522166201_tech_specs_2026-08-11-10-28-56_c8a4cb7d94af2c8d007.pdf"", ""1786522166251_GeM-Bidding-9737319__2_.pdf""]",tender-documents
GEM/2026/B/7903016,"[""1786609406137_atc123N_e5d060a6-0811-4fdb-9ada1786453431367_OIC_I.docx"", ""1786609406139_GeM-Bidding-9739549.pdf""]",tender-documents
GERMI/NTM/ 2025-26/ T03,"[""1772880143561_doc7783711011447972633__1_.pdf"", ""1773042577011_282757.pdf"", ""1773042577128_BESS_tender_final.pdf""]",tender-documents
GGB/02,"[""1781605778745_Technical_Bid-HO_VRF_AC_Tender_compressed__1_.pdf"", ""1781605787655_Financial_Bid-HO_VRF_AC_Tender.pdf""]",tender-documents
GNFC/DC/RFP/2025/02,"[""General_Conditions_of_Contract_(GCC).pdf_1764228354_253616708.pdf"", ""General_Conditions_of_Purchase_(GCP).pdf_1764228354_1022855909.pdf"", ""PAC_RFP.pdf_1764228354_1426787085.pdf"", ""Response_to_pre-bid_Query.pdf_1764228354_1677094390.pdf""]",tender-documents
GNFC/DC/RFP/2025/03,"[""UPS_RFP_Document_(2).pdf_1763540508_1085754726.pdf""]",tender-documents
GSPL/PROC/2024/11/O/402,"[""gspl.html_1732949825_1039169226.html""]",tender-documents
HAL-ADL/CWA-25AC/11,"[""1774954020092_Corrigendum-01.pdf"", ""1774954020272_Notice_Inviting_Tender.pdf"", ""1774954020327_Tender_Document.pdf""]",tender-documents
HAL-ADL/CWA-25AC/2,"[""1775539305270_NoticeInvitingTender__9_.pdf"", ""1775539307214_TenderDocument__15_.pdf""]",tender-documents
HAL-ADL/CWA-25AC/3,"[""TenderDocument_(1).pdf_1753446828_27831654.pdf""]",tender-documents
HAL-ADL/CWA-25AC/4,"[""94711481.pdf_1764139199_1495610060.pdf""]",tender-documents
HAL-ADL/CWA-25AC/5 /AC-630,"[""94122540.pdf_1762340073_96344377.pdf""]",tender-documents
HAL-ADL/CWA-25AC/6/1,"[""94994270_(4).pdf_1765622099_1447060521.pdf"", ""94994270_(5).pdf_1765622099_354689409.pdf""]",tender-documents
HAL-ADL/CWA-25AC/7/1,"[""Tender_Notification_1764042050.pdf_1764585347_2128033193.pdf"", ""NoticeInvitingTender_1764042052.pdf_1764585347_263139903.pdf""]",tender-documents
HAL-ADL/CWA-25AC/8 / AC-632,"[""93165327.pdf_1759820783_325334520.pdf""]",tender-documents
HAL-ADL/CWA-25AC/9,"[""94657183_(1).pdf_1764068850_1524307893.pdf""]",tender-documents
HAL-ADL/CWA-25AC/9/1,"[""1771234508842_NoticeInvitingTender.pdf"", ""1771234508908_TenderDocument.pdf""]",tender-documents
HAL-ADL/RWA-25AC/6/1,"[""94626369.pdf_1764063620_1407857343.pdf""]",tender-documents
HAL/HD/MT/CT/25-26/24,"[""1776746360177_TBCT24.pdf""]",tender-documents
HAL/HD/MT/CT/25-26/25,"[""1776144309531_TBCT25.pdf"", ""1776144331792_NITCT25.pdf""]",tender-documents
HAL/HD/MT/CT/25-26/7,"[""90452364_(1).pdf_1754050269_783247288.pdf""]",tender-documents
HAL/HD/MT/CT/25-26/8,"[""hal_hyd.pdf_1753438903_1053455684.pdf""]",tender-documents
HAL/HD/MT/CT/26-27/5,"[""1782283438651_BOQ.pdf"", ""1782283438941_ChecklistofDocuments.pdf"", ""1782283438958_NITCT5.pdf"", ""1782283438980_TBCT5.pdf""]",tender-documents
HAL/SLRDC/CE/T/25-26/4,"[""95226054.pdf_1765275733_163972217.pdf""]",tender-documents
HMDA/DEV/CE/33/02/2025-26,"[""UPS_Systems_Tender_doc_(1).docx_1763721807_625848966.docx""]",tender-documents
HO/GSAD CELL/Ductable AC/2026-27,"[""1777958872526_Part_A__Technical_bid__Final.pdf"", ""1777958872570_Part_B__commercial_bid_.pdf""]",tender-documents
HPLNG/SITE/0216,"[""96417355.pdf_1768851442_903103592.pdf""]",tender-documents
HPPCL-SKHEP-PnC-e-NIT-2025-26-Tender-02,"[""169768762.pdf_1746597940_314221076.pdf""]",tender-documents
IASST/ENGG.-12012/1/2024-25/,"[""173530383_(1).pdf_1751363254_665389905.pdf""]",tender-documents
IF265452,"[""1776841532387_viewNitPdf_5364716__1_.pdf"", ""1776937337492_5648888.pdf"", ""1776937337610_1776841532387_viewNitPdf_5364716__1___1_.pdf"", ""1776937337649_5479974__1_.pdf""]",tender-documents
IF265759,"[""1784536034274_viewNitPdf_5471737.pdf""]",tender-documents
IG265592,"[""1778739382714_SER__2_.pdf""]",tender-documents
IG265736,"[""1781597806089_viewNitPdf_5431220__1_.pdf""]",tender-documents
IGB2425GSOB00606,"[""IGCP.pdf_1736768965_933270674.pdf""]",tender-documents
IGL/ET2/CP/CC18464,"[""170268869.pdf_1747118281_14474741.pdf""]",tender-documents
IH265542,"[""1781684978155_viewNitPdf_5436258__1_.pdf""]",tender-documents
IIITS/NIT/HVAC/2025/037,"[""95640546.pdf_1765965774_12923458.pdf""]",tender-documents
IIM-R/Electrical/FY 2026-27/OTE/Elect-01,"[""1782990563477_iim_rohtak_amc__1_.pdf""]",tender-documents
IIMK/ ELE/e11/2025-26,"[""180121603.pdf_1757141751_169116566.pdf"", ""180121604.pdf_1757141751_774475874.pdf"", ""180121605.pdf_1757141751_1434274469.pdf""]",tender-documents
IIMK/ ELE/e18/2025-26,"[""1775718794281_TechincalBid.pdf""]",tender-documents
IIMK/ELE/e12/2025-26,"[""92972676.pdf_1759219666_1221759524.pdf"", ""92972676_(1).pdf_1759219666_2092694180.pdf""]",tender-documents
INVITATION OF QUOTATIONS FOR PROCUREMENT OF AIR CONDITIONERS (WITH INSTALLATION) -,,tender-documents
IPRC/CMG/TD/e-137/MW/AC-03/2025-26 / 1,"[""95180592.pdf_1764934531_101379.pdf""]",tender-documents
IPRC/CMG/TD/e-140/MW/AC-04/2025-26 / 1,"[""95180595.pdf_1764934380_1580606747.pdf""]",tender-documents
IPRC/CMG/TD/e-140/MW/AC-04/2025-26 dated. 13.11.2025,"[""94695271.pdf_1764055868_851544080.pdf""]",tender-documents
IPRD_PR_020213/25-26,"[""96003237.pdf_1767683011_307073383.pdf""]",tender-documents
ISTRAC/CMG/A.C/CON/E-Tender-66/2025-2026,"[""93257239.pdf_1760349495_619989673.pdf""]",tender-documents
"ITI/MSP-GHY/SHILLONG/ASSAMRIFLES/2025/59,","[""ITI_(2).pdf_1766563521_847602828.pdf""]",tender-documents
IWD/IE/25-26/Tender/T-223,"[""T223_(2).pdf_1750320244_748925714.pdf""]",tender-documents
JHS-DyCEE-WS-T-02-2025-26,"[""viewNitPdf_5105047.pdf_1758526805_572048594.pdf""]",tender-documents
JKB/E&ED/Empanelment-SMF-Batteries/2026-1768,"[""1781766107979_e-RFP-Empanelment-_vendor-SITC-Batteries-UPS-Bank_.pdf""]",tender-documents
JMRC/O&S/RS/2025-26/NIB/008,"[""178451908.pdf_1755513803_199253338.pdf""]",tender-documents
JMRC/OANDS/RS/2024-25/NIB/013,"[""1729592996.htm"", ""21102024_124108918927.pdf_1731752586_192251541.pdf""]",tender-documents
KPCL/2024-25/EL/WORK_INDENT1943/CALL-2,"[""1729165339.pdf""]",tender-documents
KPCL/2024-25/PS/WORK_INDENT1437/CALL-2,"[""1729165711.htm""]",tender-documents
KPCL/2024-25/PS/WORK_INDENT1674/CALL-2,"[""1725107061.zip""]",tender-documents
KPCL/2024.25/PS/WORK INDENT 1437,"[""1726475252.jpeg""]",tender-documents
KPTCL/2024-25/IND0105,"[""1729166114.htm""]",tender-documents
KPTCL/2026-27/IND0310,"[""1781764772506_Technical_specifications.pdf"", ""1781764772521_Technocommercial_sheets_48V_Battery_set.xlsx"", ""1781764772523_NIT_310__1_.pdf""]",tender-documents
KPTCL/2026-27/IND0311,"[""1781764950039_Section-110V_Battery_and_Battery_charger-200AH.pdf"", ""1781764950091_Technocommercial_sheets_110V_Battery_set.xlsx"", ""1781764950096_NIT311__1_.pdf""]",tender-documents
KR-CO-EL-UPS-T-14-26,"[""1783405561100_viewNitPdf_5460447__1_.pdf""]",tender-documents
L4261051,"[""1778050458245_viewNitPdf_5380574__1_.pdf""]",tender-documents
L8257105,"[""96287669_(1).pdf_1769067130_2024145844.pdf""]",tender-documents
L8265883,"[""1779271257958_viewNitPdf_5397770__1_.pdf""]",tender-documents
LCF-DR-AC-496-2025-15,"[""viewNitPdf_5106255.pdf_1763203550_670712217.pdf""]",tender-documents
LF261032,"[""1783067759251_viewNitPdf_5454055__1_.pdf""]",tender-documents
LF261032A,"[""1784965592667_viewNitPdf_5484794__1_.pdf""]",tender-documents
LH255916A,"[""doc2053008969729410034.pdf_1750484929_16636843.pdf""]",tender-documents
LH265614A,"[""1781598286065_viewNitPdf_5427731__1_.pdf""]",tender-documents
LHO/BHO/P&E/2025-26/87,"[""95695622_(1).pdf_1766477208_1169580870.pdf""]",tender-documents
LHOJAI/P&E/2025-26/HVAC,"[""94564809.pdf_1763729807_1251476911.pdf""]",tender-documents
LN261462,"[""1780641171263_viewNitPdf_5413675__1_.pdf""]",tender-documents
LT256241,"[""doc9876410096208260141.pdf_1757570826_815613835.pdf""]",tender-documents
LT265457,"[""1775456320918_vrla__6_.pdf""]",tender-documents
LU265371,"[""1779263844064_viewNitPdf_5397757__1_.pdf""]",tender-documents
LV255535,"[""1783067626759_viewNitPdf_5454151__1_.pdf""]",tender-documents
LV265177,"[""1776751203922_viewNitPdf_5363000__1_.pdf""]",tender-documents
LW255072,"[""R2.pdf_1745041714_1745213161.pdf""]",tender-documents
LW265181,"[""1779274460216_viewNitPdf_5396698__1_.pdf""]",tender-documents
LX255305A,"[""doc8131604132737626086.pdf_1751522649_766198692.pdf""]",tender-documents
LX255677A,"[""viewNitPdf_5244366.pdf_1768476551_1656164149.pdf"", ""W2.pdf_1768476551_1404869698.pdf"", ""WAHID1.pdf_1768476551_811170434.pdf""]",tender-documents
LY265202,"[""1775715286722_viewNitPdf_5349026__1_.pdf""]",tender-documents
LY265365,"[""1782816273563_viewNitPdf_5451066__1_.pdf""]",tender-documents
M100028485/M06-2025-26,"[""M100028485-II-M06_(1).pdf_1763539658_197408352.pdf""]",tender-documents
MD/MK/04/1118,"[""mp.jpeg_1736698017_398576373.jpeg""]",tender-documents
ME-154,"[""GSECL_(3).pdf_1759997874_701187567.pdf""]",tender-documents
ME-195,"[""237251.pdf_1763540207_1730994680.pdf"", ""KLTPS_26_ME-195_TB_(1).pdf_1763540207_1499372667.pdf""]",tender-documents
ME-423/03 (TMD-74482):259643:,"[""EMD_BG_Format_(New).pdf_1767555483_231831817.pdf"", ""Financial_Document_Annexure_-_I.pdf_1767555483_2142622240.pdf"", ""Revised_Commercial_Terms_and_Conditions.pdf_1767555483_1015201387.pdf"", ""STPS_423_03_74482_31122025_TMD.pdf_1767555483_1869421883.pdf"", ""Supply_Agreement.pdf_1767555483_815683444.pdf""]",tender-documents
MG/ACMD/AC/1057/ETN69A/2025-26,"[""ur_rao.pdf_1757153214_91916027.pdf""]",tender-documents
MSIL/2026-27/IND0100,"[""1785914159086_FINAL_Tender_for_UPS_Admin__2_.docx""]",tender-documents
MW/AC/228/1,"[""92540202.pdf_1758360539_987172735.pdf""]",tender-documents
MW/AC/228/RT1,"[""94994204.pdf_1764419921_1846684198.pdf""]",tender-documents
NB261301,"[""1775717712649_viewNitPdf_5347958__2_.pdf""]",tender-documents
NB261301A,"[""1776750398947_viewNitPdf_5363161__2_.pdf""]",tender-documents
NDCL/CTO/ICB/14/082-83,,tender-documents
NDDB/HO/Purchase/58/25-26/ET/58,"[""92454004.pdf_1758190828_1247443764.pdf""]",tender-documents
NDDB/HO/Purchase/90/25-26/ET/90 [HVAC-ANAND],"[""192681989.pdf_1769190663_934233527.pdf"", ""192681990.pdf_1769190663_1891586428.pdf"", ""192681991.pdf_1769190663_64526703.pdf"", ""192681992.pdf_1769190663_1849577060.pdf""]",tender-documents
NER-BSB0SnT-OT-01-2025,"[""ner.pdf_1767335117_589516437.pdf""]",tender-documents
NER-BSB0SnT-OT-08-2025,"[""173975600_(1).pdf_1751354095_2125881628.pdf""]",tender-documents
NER/NT/W-BESS/DOM/HOO/26/06128,"[""1782371871337_PG.pdf"", ""1782371871361_TS.pdf"", ""1782371871395_STC.pdf""]",tender-documents
NGP-L-2025-T-22,"[""viewNitPdf_5156484.pdf_1762338188_1569681265.pdf""]",tender-documents
NIT No.48/Engg/EE(AC&R)/25-26,"[""96067013.pdf_1767438628_847488232.pdf""]",tender-documents
NJP0000051,"[""1729498968.htm""]",tender-documents
NJP0000053,"[""1730359887.html""]",tender-documents
NKR/2024-25/IND0006,"[""NK.pdf_1737966700_935716987.pdf""]",tender-documents
NML/ENG./WSM/eNIT/11(17)/2025-2026,"[""94912699.pdf_1764066441_2098404434.pdf""]",tender-documents
NR1/NT/W-MISC/DOM/I00/25/09462,"[""01-Section_-_I_IFB_SSTE.docx_1754984789_4104813.docx"", ""02_Section_-_II_ITB_SSTE_S&I.docx_1754984789_1319816794.docx"", ""03-Section_-_III_BDS_Vol-I.docx_1754984789_346595088.docx"", ""04-Annexure-A_(BDS).docx_1754984789_665722359.docx"", ""05-Section_-_IV_GCC_-S&I.pdf_1754984789_286331967.pdf"", ""06-Section_-_V_SCC_S&I_Vol-I.doc_1754984789_1447832483.doc"", ""07-Appendix_-I_to_SCC.docx_1754984789_1490890948.docx"", ""08_Appendix-II_to_SCC.pdf_1754984789_1966728250.pdf"", ""09-Section_-_VI_Forms_and_Proceedures_revised.docx_1754984789_1225966850.docx""]",tender-documents
NR2/NT/W-MISC/DOM/J01/25/01603,"[""TS_(1).pdf_1739444622_646598100.pdf""]",tender-documents
NREL-CS 5818-004-9,"[""ntpc_limited.pdf_1732515572_2141916454.pdf""]",tender-documents
NRSC/CMG/NIT/ET/16/25016/2025-26,"[""NIT_25016.pdf_1753776585_314157284.pdf""]",tender-documents
NRSC/CMG/NIT/ET/29/25023/2025-26,"[""92524409.pdf_1758281073_1602904242.pdf""]",tender-documents
NRSC/CMG/NIT/ET/29/25023/2025-26 Dt. 15.09.2025 / 1,"[""93979185_(1).pdf_1761984674_1095844691.pdf""]",tender-documents
NRSC/CMG/NIT/ET/44/2506-AC/2025-26,"[""NIT_2506_AC.pdf_1768039246_235978852.pdf""]",tender-documents
NSCD/15014/1/E-Tender/11/25-26,"[""92814605_(1).pdf_1759128763_1982481314.pdf"", ""92814605.pdf_1759128763_1034310416.pdf""]",tender-documents
NSTL/26ATT033/LP-III/25-26/M19,"[""LFP.pdf_1765181129_1889384784.pdf""]",tender-documents
NSU4J51N,"[""1730703835.pdf""]",tender-documents
New Delhi/ GK /25-26,"[""1772781547481_Tender_Document_-_machine_MOTHER_DAIRY.pdf""]",tender-documents
No. VTU/BGM/RE/2026-27/IFT No 06/183,"[""1776148480753_VTU.pdf""]",tender-documents
OE265024A,"[""1773482075793_IREPS____2_.pdf""]",tender-documents
OEM-1829,"[""dmrc.pdf_1739780980_499166174.pdf""]",tender-documents
OEW-1694,"[""1725274387.pdf""]",tender-documents
OEW-1817,"[""dmrc.pdf_1739780091_431311868.pdf""]",tender-documents
OSW-1820,"[""1_NIT_1820.pdf_1739780375_920667302.pdf""]",tender-documents
OTW-1911,"[""169537406.pdf_1746530332_519705841.pdf""]",tender-documents
Office/Estate/74/25-26/ET/483,"[""94610412_(12).pdf_1763539054_1691236872.pdf"", ""94610412_(10).pdf_1763539054_1579315887.pdf"", ""94610412_(11).pdf_1763539054_1339577408.pdf"", ""94610412_(9).pdf_1763539054_721228853.pdf"", ""94610412_(8).pdf_1763539054_740559416.pdf"", ""94610412_(7).pdf_1763539054_735730396.pdf""]",tender-documents
P2256255,"[""viewNitPdf_5198074_(1).pdf_1764576043_1341043193.pdf""]",tender-documents
P2256255A,"[""1773471913715_viewNitPdf_5319760__1_.pdf""]",tender-documents
P2256255B,"[""1777270295042_viewNitPdf_5369996__1_.pdf"", ""1777271312650_5089048.pdf"", ""1777271373977_5089050.pdf"", ""1777271374066_5359624.pdf""]",tender-documents
P2265506,"[""1780641081471_viewNitPdf_5409995__1_.pdf""]",tender-documents
PDEU/HVAC F1/25-26/001:244251,"[""21013-03-General_Confrimation_From_Bidder.pdf_1764054402_619050747.pdf"", ""HVAC_Tender_of_Academic_Block_F1.pdf_1764054402_1619540889.pdf"", ""PQ-_HVAC_F1.pdf_1764054402_2012419938.pdf""]",tender-documents
PMM41-e-36/2025,"[""Tender_spec_36-2025_for_Battery_sets_and_chargers_uploaded_(1).pdf_1761215165_94639837.pdf""]",tender-documents
PN261166,"[""1776491848637_viewNitPdf_5360159__1_.pdf""]",tender-documents
PWKYT24032,"[""1725350794.pdf""]",tender-documents
RBI/Bangalore Regional Office/Estate/52/25-26/ET/783,"[""SPLIT31122025_A1.pdf_1767435742_219498180.pdf""]",tender-documents
RBI/Bhubaneswar Regional Office/Estate/48/25-26/ET/927,"[""193487912.pdf_1769973837_1540561926.pdf"", ""193487913.pdf_1769973837_468723869.pdf""]",tender-documents
RBI/Central Office/ Premises Department/6/25 26/ET/307,"[""176145321.PDF_1753098677_1932461589.PDF""]",tender-documents
RBI/Chandigarh Regional Office/Estate/19/25-26/ET/620,"[""25-26-ET-620[Precision_AC_at_RBI_CHD_]-179687-TED-1335943-TenderMSTC.pdf_1763622387_1890847682.pdf""]",tender-documents
RBI/Chennai Regional office/Estate/23/25-26/ET/392,"[""91705491_(2).pdf_1758094718_172912207.pdf""]",tender-documents
RBI/Chennai Regional office/Estate/52/25-26/ET/718,"[""SITCSACC181220256BB53C813C31422C99FAEBF6FDE17FE1.pdf_1767555006_1841893619.pdf""]",tender-documents
RBI/Hyderabad Regional Office /Estate/ 30/25-26/ET/832,"[""25-26-ET-832[VRF_VRV_AC_System_-_Auditorium]-180242-NIT-1338090-Signed_NIT_English.pdf_1768546960_319694321.pdf"", ""25-26-ET-832[VRF_VRV_AC_System_-_Auditorium]-180242-TED-1338091-Signed_Tender_document.pdf_1768546960_2144059144.pdf""]",tender-documents
RBI/Kanpur Regional Office/Estate/1/26-27/ET/65,"[""1778315535310_RBI.pdf""]",tender-documents
RBI/Kochi Regional Office/Estate/12/25-26/ET/612[DSITC2x5TPrecisionACITserver],"[""94610414.pdf_1764074813_1221499966.pdf""]",tender-documents
RBI/Mumbai Regional Office/Estate/129/25- 26/ET/743,"[""95913342_(1).pdf_1768547144_1979280479.pdf""]",tender-documents
RBI/Mumbai Regional Office/Estate/74/25- 26/ET/483,"[""95091770_(4).pdf_1764766564_512007927.pdf"", ""95091770_(5).pdf_1764766564_2021911061.pdf"", ""95091770_(6).pdf_1764766564_2018445435.pdf"", ""95091770_(1).pdf_1764766564_789923170.pdf"", ""95091770_(2).pdf_1764766564_1813967501.pdf"", ""95091770_(3).pdf_1764766564_931840840.pdf"", ""95091770.pdf_1764766564_401274436.pdf""]",tender-documents
RBI/Mumbai Regional Office/Estate/74/25-26/ET/ 483,"[""92609347_(1).pdf_1759303585_2115150434.pdf""]",tender-documents
RBI/Mumbai Regional Office/Estate/74/25-26/ET/483,"[""25-26-ET-483[SITC_of_Standalone_AC_units]-179231-TED-1333381-TenderDocument.pdf_1759486981_1898263841.pdf"", ""25-26-ET-483[SITC_of_Standalone_AC_units]-179231-NIT-1333380-NIT.pdf_1759486981_1543926191.pdf"", ""25-26-ET-483[SITC_of_Standalone_AC_units]-179231-TED-1333382-TenderDocument2.pdf_1759486981_775509720.pdf""]",tender-documents
RBI/Reserve Bank Staff College/Estate/7/25-26/ET/673,"[""rbi_it.pdf_1765280134_1514937542.pdf""]",tender-documents
RECPDCL/RE/Solar/1MW/01,"[""REC.pdf_1735213270_897571315.pdf""]",tender-documents
RFQ/BIAL/E&M/HVAC/2025-26/3561,"[""WhatsApp_Image_2026-01-27_at_1.01.56_AM.jpeg_1769455956_1148516797.jpeg"", ""Draft_Agreement.docx_1769592958_1258094704.docx"", ""RFQ_for_SITC_of_HVAC_works.pdf_1769592958_712625608.pdf""]",tender-documents
RGUKT/NZD/E-Proc,"[""1727517349.pdf""]",tender-documents
RRC2526WSOB00618,"[""Bid_Document-Document_1758181512.pdf_1758182365_2048452684.pdf"", ""NIB-Document_1758181491.pdf_1758182365_103187175.pdf""]",tender-documents
RS11026795,"[""viewNitPdf_4941632.pdf_1746099658_908823658.pdf""]",tender-documents
RS11028501,"[""31072025_185609782347.pdf_1754111629_660793459.pdf""]",tender-documents
RS13007728,"[""90795754_(1).pdf_1753531336_1991552548.pdf""]",tender-documents
RS13008348,"[""viewNitPdf_5140369_(1).pdf_1760439589_880275118.pdf""]",tender-documents
RVU2425GLOB01351,"[""1730873692.pdf""]",tender-documents
RVU2425GLOB01676,"[""RRVUNL.pdf_1735200440_1330407386.pdf""]",tender-documents
RVU2425GLOB01712,"[""RRVUNL.pdf_1735882684_343680026.pdf""]",tender-documents
SAC/CMG/EFASD/C/11/2025-26,"[""ISRO.pdf_1766743520_2133001384.pdf""]",tender-documents
SBI/LHO/CHD/25-26/VRM-04,"[""95179369_(2).pdf_1765267788_1067207695.pdf""]",tender-documents
SBI/RBO2/TS/19,"[""1775807692628_BOQ.pdf"", ""1775807707293_NOTICE_INVITING_TENDER20260401053135069.pdf""]",tender-documents
SE(E)/CCW/AIR/Kol/NIT/01 of 2026-27,"[""1782387600985_01_NIT_CIRCLE.pdf"", ""1782387601335_01_SOQ_GHY_AC.xls""]",tender-documents
SE(E)/CCW/AIR/Kol/NIT/03 of 2026-27,"[""1782389234778_03_NIT_CIRCLE.pdf"", ""1782389239274_03_SOQ_Aizawl.xls""]",tender-documents
SE(E)/CCW/AIR/Kol/NIT/06 of 2025-26,"[""NIT_06.pdf_1768760066_1428638396.pdf"", ""SOQ_06_P.xls_1768760066_796680683.xls""]",tender-documents
SEE/TR(M)/BMAZ(N)/EE(O)/AEE-3/F-72(25)/24-25/30-31,"[""1729164635.zip""]",tender-documents
SIP NO 20/2025-26,"[""SIP-20-TENDER_DOCUMENT.docx_1762415154_189482588.docx""]",tender-documents
SLDC/SCADA/25-26/48VBAT/2031,"[""173026198.pdf_1751364226_902571743.pdf""]",tender-documents
SLDC/SCADA/25-26/UPS/2679,"[""246341.pdf_1764834877_2008622555.pdf""]",tender-documents
SNC/25CAREM-1005/1,"[""95226101_(1).pdf_1765268274_290591615.pdf""]",tender-documents
SNT27472,"[""170097914.pdf_1747031800_518539371.pdf""]",tender-documents
SP/T-0638/0924,"[""1726480400.pdf""]",tender-documents
SSI0778L26/C6,"[""a386a6ca164778b6c59d9f01cecc2420_(3).pdf_1765264971_1639411460.pdf""]",tender-documents
STC-223-2025,"[""UGC.pdf_1768934705_126861739.pdf""]",tender-documents
STQ-5172,"[""PSTCL5.pdf_1732961477_417299748.pdf""]",tender-documents
T-14/SE(O&M)CR/2025-26,"[""NIT_1.pdf_1750135875_1254761410.pdf""]",tender-documents
T-15/HOPS/2024-25,"[""1727509818.jpg""]",tender-documents
T-33/2025-26 RFx No.7000038204-IInd call,"[""tender_1763613719_(1).pdf_1763727594_114106.pdf""]",tender-documents
T-6213,"[""1784290675679_1782918180_20_33_00_doc2_UKAITN2627-1T6213TB__2_.pdf"", ""1784290690262_1782918180_20_33_00_doc1_UKAITN2627-1T6213PB.pdf"", ""1784290700919_1782918180_110_UKAITN2627-1TENDER-NOTICE.pdf""]",tender-documents
TEST_TENDER,"[""kakashi.jpg_1735367158_275941617.jpg""]",tender-documents
TGPMM21- 19/2026,"[""1783664973640_NIT__1_.docx""]",tender-documents
TGPMM21- 30/2025,"[""TGPMM21-30-NIT_(1).docx_1766400691_1431759285.docx""]",tender-documents
TGPMM21-05/2026,"[""1770894811808_TGPMM21-05-2026.doc""]",tender-documents
TGPMM21-16/2025,"[""88979880_(1).htm.pdf_1753531022_1395769445.pdf""]",tender-documents
TGPMM21-19/2026,"[""1783070485867_1782300403931_TCTL_.pdf"", ""1783070485995_TGPMM21-19-2026.doc"", ""1783070485999_TGPMM21-19-2026.pdf""]",tender-documents
TGPMM31- 21/2024,"[""1725857387.pdf""]",tender-documents
TN-398/2025-26,"[""NIT_TD8713.pdf_1768043810_198768782.pdf""]",tender-documents
TPCODL/CCG/1000002120/ 2024-25,"[""Tender_Document_Supply_of_Battery_&_Battery_Charger__Odisha_DISCOMs.pdf_1743755573_1700694239.pdf""]",tender-documents
TPCODL/CCG/2025-26/1000008023,"[""1777463415507_TPDDL_ODISHA_MERGE_FILE.pdf"", ""1777463431549_COR7ac40659e3f340f1904c64acf3c0677b.pdf"", ""1777463431584_CORfdd6afab2b8f4a6fbd07d8386c95ec4c__1_.pdf"", ""1777463431596_Corrigendum_-II_CCG__Battery___Battery_Charger.pdf""]",tender-documents
TPCODL/P&S/1000011898/26-27,"[""1784704667218_TENDER_DOC.pdf""]",tender-documents
TPCODL/P&S/2000001120/2025-26,"[""Tennder_Doc-Battery-2000001120.pdf_1763981503_475901745.pdf""]",tender-documents
TPDDL/ENGG/ENQ/200001724/2024-25,"[""1727933766.png""]",tender-documents
TPDDL/ENGG/ENQ/200001741/24-25,"[""TPDDL3.pdf_1732949175_2036718668.pdf""]",tender-documents
TPDDL/ENGG/ENQ/200001857/25-26,"[""1.0_TPDDL-ENGG-ENQ-200001857-25-26_Revised.pdf_1763725990_740328741.pdf"", ""94659894.pdf_1763725990_817013338.pdf""]",tender-documents
TPDDL/ENGG/ENQ/200001896 /25-26,"[""1.0_TPDDL-ENGG-ENQ-200001896-25-26_Air_Conditioner.pdf_1768848769_403728867.pdf""]",tender-documents
TPWODL/TP/0/SITC/2600002118,"[""94002991_(2).pdf_1761821367_38884417.pdf"", ""Tata_power_UPS_Sambalpur_(3).pdf_1762327054_1636379269.pdf""]",tender-documents
TRS-G-RT-OPN-02-RSP-25-26,"[""viewNitPdf_5231697.pdf_1767555704_383133680.pdf""]",tender-documents
Test_Tender,,tender-documents
URSC/C and MG/E/C/05/2025-26 Dt. 02/05/2025,"[""83495321_TD_372_L0ZO.pdf_1746769808_1401371071.pdf""]",tender-documents
URSC/CandMG/ACMD/0050/ETN-06/2025-26,"[""95180560.pdf_1765533611_1087921292.pdf""]",tender-documents
VPN2425A0905,"[""1729160614.pdf""]",tender-documents
VVN2526GLOB00857,"[""Bid_Document-Document_1768804658.pdf_1768805069_1302054826.pdf"", ""NIB-Document_1768804652.pdf_1768805069_1045041850.pdf"", ""doc4410363289640627111.pdf_1768805069_1052344017.pdf""]",tender-documents
VVN2526GLOB00858,"[""Bid_Document-Document_1768805711.pdf_1768805885_938704181.pdf"", ""NIB-Document_1768805706.pdf_1768805885_2092279681.pdf"", ""doc8260176636648786092.pdf_1768805885_484354263.pdf""]",tender-documents
W-26011/4/2025-PMD,"[""94468589.pdf_1763036188_1412213663.pdf""]",tender-documents
WBMSCL/NIT-1065/2025,"[""wbmsc-tender-4731.pdf_1769192812_1900689557.pdf""]",tender-documents
WE-390/06,"[""193632.pdf_1750137928_1204048011.pdf""]",tender-documents
WR1/NT/G-MISC/DOM/ZA3/24/10353,"[""1725763386.zip""]",tender-documents
WTPS/W/ET/01/2025-48 for WORKS RFQ NO-72881,"[""237715_(1).pdf_1762947133_1707377311.pdf""]",tender-documents
YY1GL24018,"[""1725518873.pdf""]",tender-documents
ZW3AC25005,"[""WhatsApp_Image_2025-11-29_at_4.27.57_PM.jpeg_1764413903_535503618.jpeg""]",tender-documents
e-Tender-Elect-G-59-25,"[""viewNitPdf_5165350_(1).pdf_1763721480_1301111014.pdf""]",tender-documents
eT-CRW-MCS-EL-4-2026,"[""1777533717487_viewNitPdf_5356989__2_.pdf""]",tender-documents
lic/nz/engg/609,"[""92800626.pdf_1758879313_845815037.pdf""]",tender-documents
o.DGM/GTED/( B )/2024-25/03,"[""1729161329.pdf""]",tender-documents
ज अं/पǐरउप/2025-26/428,"[""96282109.pdf_1768813466_1598645843.pdf""]",tender-documents
2025_NTPC_100459_1,"[""92764531_(4).pdf_1763621083_1347185241.pdf"", ""92764531_(1).pdf_1763621083_804495376.pdf"", ""92764531_(5).pdf_1763621083_932408894.pdf"", ""92764531.xls_1763621083_710047422.xls"", ""Tendernotice_1_(21).pdf_1758958292_546645768.pdf"", ""Tendernotice_1_(8).pdf_1761217817_1445993235.pdf""]",tender-documents
GEM/2024/B/5556898,"[""1730707373.pdf"", ""BHEL_BATTERY.pdf_1732360102_55208173.pdf""]",tender-documents
GEM/2026/B/7182755,"[""1773302234552_GeM-Bidding-8921973.pdf""]",tender-documents
GEM/2024/B/5433408,"[""1727513457.pdf"", ""1727503640.pdf""]",tender-documents
GEM/2024/B/5535870,"[""1730358196.pdf"", ""IOCLG2.pdf_1732953177_847808421.pdf""]",tender-documents
GEM/2025/B/6929468,"[""EMD_f76a06db-7d21-4a65-9a791764055045659_buycon2ntpccg_(1).pdf_1765351233_1791455864.pdf"", ""document-for-cms_2022-07-05-17-50-30_c3b90df06e58a7_2023-05-03-10-56-37_49a2c1176c5b2458563a0644b1fa7293.pdf_1765351233_1853823512.pdf"", ""GeM-Bidding-8632303.pdf_1765351233_167997920.pdf"", ""document-for-cms_2022-07-05-17-50-30_c3b90df06e58a7_2023-05-03-10-56-37_49a2c1176c5b2458563a0644b1fa7293_(3).pdf_1767347268_793551512.pdf"", ""GeM-Bidding-8632303_(2).pdf_1767347268_1949442352.pdf""]",tender-documents
GEM/2025/B/6722325,"[""20304_ATC_0416a354-12c5-444d-83fd1758703689400_apo1mrpu.docx_1761552919_1057474269.docx"", ""GeM-Bidding-8395405.pdf_1761552919_654028045.pdf"", ""20304_ATC_0416a354-12c5-444d-83fd1758703689400_apo1mrpu.docx_1761552916_145100165.docx"", ""GeM-Bidding-8395405.pdf_1761552916_2090560478.pdf""]",tender-documents
GEM/2025/B/6828639,"[""GeM-Bidding-8517033.pdf_1762324005_320258606.pdf"", ""GeM-Bidding-8517033_(1).pdf_1763721480_644000344.pdf""]",tender-documents
2025_AAI_250001_1,"[""92764091.pdf_1758784758_934724477.pdf"", ""92764091_(3).pdf_1761898948_766473537.pdf"", ""92764091_(2).pdf_1761898948_422520707.pdf"", ""92764091_(1).pdf_1761898948_801960422.pdf"", ""92764091.xls_1761898948_367682209.xls""]",tender-documents
GEM/2024/B/5667931,"[""BHEL.pdf_1736942886_2092220654.pdf"", ""BHEL.pdf_1737356397_565200694.pdf"", ""BHEL.pdf_1737965066_707268535.pdf"", ""BHEL.pdf_1733832530_1502403361.pdf""]",tender-documents
08245531A,"[""1773299554675_IREPS.pdf"", ""1772861738262_viewNitPdf_5312083.pdf"", ""1773208778530_UPS_Specs.pdf""]",tender-documents
GEM/2025/B/6638930,"[""ts_2025-09-02-15-38-47_bc85cef94f5a5dfb303e4c8a1e5a77a6_(2).pdf_1758795843_733094643.pdf"", ""NMDC.pdf_1758795843_2134698470.pdf"", ""GeM-Bidding-8300621_(1).pdf_1757500934_254187582.pdf""]",tender-documents
130118,"[""GSECL.pdf_1737524156_357776315.pdf"", ""GSECL9.pdf_1732859979_1608037962.pdf""]",tender-documents
GEM/2025/B/7034672,"[""s4gm_2025-12-23-11-32-09_026a5af19cd6dfc16909a68b1fc5456f.pdf_1767872024_523418791.pdf"", ""GeM-Bidding-8751856.pdf_1767872024_1875443201.pdf"", ""GeM-Bidding-8751856_(1).pdf_1770144811_30701451.pdf""]",tender-documents
GEM/2025/B/6862450,"[""GeM-Bidding-8555852.pdf_1762756567_306197037.pdf"", ""GeM-Bidding-8555852_(2).pdf_1763460449_1083975153.pdf""]",tender-documents
2025_NTPC_96663_1,"[""Tendernotice_1_(13).pdf_1758524076_508390361.pdf"", ""BOQ_99879.xls_1753439436_2020233750.xls"", ""Final-SOW.pdf_1753439436_1801893171.pdf"", ""ITB-GCC-Forms-Banningpolicy.pdf_1753439436_413998440.pdf"", ""Packaged-Air-conditioner-USQP.pdf_1753439436_231132911.pdf"", ""SCC.pdf_1753439436_1313528799.pdf"", ""Tendernotice_1_(32).pdf_1753439436_921947498.pdf""]",tender-documents
GEM/2026/B/7225600,"[""1776406414038_GeM-Bidding-8970595__1_.pdf"", ""1775200618848_GeM-Bidding-8970595.pdf""]",tender-documents
GEM/BID/8880367,"[""1769497584226_GeM-Bidding-8880367.pdf""]",tender-documents
GEM/BID/8924588,"[""1770274351355_GeM-Bidding-8924588.pdf""]",tender-documents
GEM/BID/8934843,"[""1770276402407_GeM-Bidding-8934843__1_.pdf""]",tender-documents
GEM/BID/8923758,"[""1770634195083_GeM-Bidding-8923758.pdf""]",tender-documents
GEM/BID/8877358,"[""1770875130991_GeM-Bidding-8877358__2_.pdf"", ""1770875366473_GeM-Bidding-8877358__2_.pdf"", ""1770885457436_GeM-Bidding-8877358.pdf""]",tender-documents
GEM/BID/8915381,"[""1770875745274_GeM-Bidding-8915381__1_.pdf""]",tender-documents
GEM/BID/8965081,"[""1770878698201_GeM-Bidding-8965081.pdf""]",tender-documents
GEM/BID/8930313,"[""1770882124537_GeM-Bidding-8930313.pdf""]",tender-documents
GEM/BID/8757138,"[""1770882952373_GeM-Bidding-8757138.pdf""]",tender-documents
GEM/BID/8800497,"[""1770883682250_GeM-Bidding-8800497.pdf""]",tender-documents
GEM/BID/8855678,"[""1770883881380_GeM-Bidding-8855678.pdf""]",tender-documents
GEM/BID/8943267,"[""1770884679673_GeM-Bidding-8943267.pdf""]",tender-documents
GEM/BID/8946152,"[""1770889018225_GeM-Bidding-8946152.pdf""]",tender-documents
GEM/BID/8956064,"[""1770890199565_GeM-Bidding-8956064.pdf""]",tender-documents
GEM/BID/8901018,"[""1770891783774_GeM-Bidding-8901018.pdf"", ""GeM-Bidding-8901018.pdf_1769771904_1261571734.pdf""]",tender-documents
GEM/BID/8872979,"[""1770896356773_GeM-Bidding-8872979__8_.pdf""]",tender-documents
GEM/BID/8883518,"[""1770977800102_GeM-Bidding-8883518__5_.pdf""]",tender-documents
GEM/BID/7222021,"[""1770978676964_GeM-Bidding-7222021__3_.pdf""]",tender-documents
GEM/BID/8867321,"[""1771047204550_GeM-Bidding-8867321.pdf""]",tender-documents
GEM/BID/8955984,"[""1771225844385_GeM-Bidding-8955984.pdf""]",tender-documents
GEM/BID/8943614,"[""1771247056597_GeM-Bidding-8943614.pdf""]",tender-documents
GEM/BID/8910424,"[""1771328504283_GeM-Bidding-8910424.pdf""]",tender-documents
GEM/BID/8992935,"[""1771393830564_GeM-Bidding-8992935__1_.pdf""]",tender-documents
GEM/BID/8995121,"[""1771394277856_GeM-Bidding-8995121__1_.pdf""]",tender-documents
GEM/BID/8980570,"[""1771773400020_GeM-Bidding-8980570.pdf""]",tender-documents
GEM/BID/8921973,"[""1771773793243_GeM-Bidding-8921973.pdf""]",tender-documents
GEM/BID/8736153,"[""1771824006548_GeM-Bidding-8736153.pdf""]",tender-documents
GEM/BID/9028113,"[""1771927111590_GeM-Bidding-9028113.pdf""]",tender-documents
GEM/BID/8924780,"[""1772018827187_GeM-Bidding-8924780.pdf""]",tender-documents
GEM/BID/8894212,"[""1772019544218_GeM-Bidding-8894212.pdf""]",tender-documents
GEM/BID/9028728,"[""1772098062634_GeM-Bidding-9028728__3_.pdf""]",tender-documents
GEM/BID/8982591,"[""1772175006754_GeM-Bidding-8982591.pdf""]",tender-documents
GEM/BID/8922583,"[""1772193632087_GeM-Bidding-8922583__1_.pdf""]",tender-documents
GEM/BID/9042540,"[""1772193787738_GeM-Bidding-9042540.pdf""]",tender-documents
GEM/BID/9050135,"[""1772278382026_GeM-Bidding-9050135__1_.pdf""]",tender-documents
GEM/BID/9034383,"[""1772392079882_GeM-Bidding-9034383__1_.pdf""]",tender-documents
GEM/BID/8806452,"[""1772429343090_GeM-Bidding-8806452__1_.pdf"", ""1772430046542_GeM-Bidding-8806452__2_.pdf""]",tender-documents
GEM/BID/8995284,"[""1772430260649_GeM-Bidding-8995284__4_.pdf""]",tender-documents
GEM/BID/9052242,"[""1772430597906_GeM-Bidding-9052242.pdf"", ""1772692814853_GeM-Bidding-9052242.pdf""]",tender-documents
GEM/BID/9018825,"[""1772430762339_GeM-Bidding-9018825__1_.pdf""]",tender-documents
GEM/BID/8980244,"[""1772450295335_GeM-Bidding-8980244.pdf"", ""1772519469419_GeM-Bidding-8980244.pdf""]",tender-documents
GEM/BID/9037883,"[""1772516745186_GeM-Bidding-9037883__1_.pdf""]",tender-documents
GEM/BID/9013375,"[""1772687838436_GeM-Bidding-9013375.pdf""]",tender-documents
GEM/BID/9062837,"[""1772774318184_GeM-Bidding-9062837.pdf""]",tender-documents
GEM/BID/9004724,"[""1772879973973_GeM-Bidding-9004724.pdf""]",tender-documents
GEM/BID/8976881,"[""1772881590572_GeM-Bidding-8976881.pdf""]",tender-documents
GEM/BID/9073637,"[""1773211815390_GeM-Bidding-9073637__3_.pdf""]",tender-documents
GEM/BID/9131607,"[""1773821235447_GeM-Bidding-9131607__1_.pdf""]",tender-documents
GEM/BID/9027237,"[""1774336380071_GeM-Bidding-9027237__1_.pdf""]",tender-documents
GEM/BID/9156729,"[""1774423280666_GeM-Bidding-9156729__1_.pdf"", ""1775112043541_GeM-Bidding-9156729__2_.pdf""]",tender-documents
GEM/BID/9163060,"[""1774593525955_GeM-Bidding-9163060__2_.pdf""]",tender-documents
GEM/BID/9160217,"[""1774681021901_GeM-Bidding-9160217__3_.pdf""]",tender-documents
GEM/BID/9168464,"[""1774682693778_GeM-Bidding-9168464__2_.pdf""]",tender-documents
GEM/BID/8975723,"[""1774691739668_GeM-Bidding-8975723__1_.pdf""]",tender-documents
GEM/BID/9158867,"[""1774696974995_GeM-Bidding-9158867__1_.pdf""]",tender-documents
GEM/BID/8992553,"[""1775038494833_GeM-Bidding-8992553.pdf""]",tender-documents
GEM/BID/9049118,"[""1775111508752_GeM-Bidding-9049118.pdf""]",tender-documents
GEM/BID/9182024,"[""1775111636629_GeM-Bidding-9182024.pdf""]",tender-documents
GEM/BID/9132423,"[""1775202751230_GeM-Bidding-9132423.pdf""]",tender-documents
GEM/BID/9149730,"[""1775284810334_GeM-Bidding-9149730.pdf""]",tender-documents
GEM/BID/9187369,"[""1775455797314_GeM-Bidding-9187369.pdf"", ""1778739617368_GeM-Bidding-9187369__2_.pdf""]",tender-documents
GEM/BID/9164480,"[""1775468030124_GeM-Bidding-9164480__4_.pdf""]",tender-documents
GEM/BID/9177222,"[""1775546124335_GeM-Bidding-9177222.pdf""]",tender-documents
GEM/BID/9117949,"[""1775546431395_GeM-Bidding-9117949.pdf""]",tender-documents
GEM/BID/9175481,"[""1775627882555_GeM-Bidding-9175481.pdf""]",tender-documents
GEM/BID/9184190,"[""1776055334293_GeM-Bidding-9184190.pdf""]",tender-documents
GEM/BID/9016766,"[""1776061156538_GeM-Bidding-9016766__1_.pdf""]",tender-documents
GEM/BID/9194734,"[""1776061519298_GeM-Bidding-9194734.pdf""]",tender-documents
GEM/BID/9181583,"[""1776077174111_GeM-Bidding-9181583.pdf""]",tender-documents
GEM/BID/9214895,"[""1776149573488_GeM-Bidding-9214895.pdf""]",tender-documents
GEM/BID/9206026,"[""1776252564922_GeM-Bidding-9206026__2_.pdf""]",tender-documents
GEM/BID/9220707,"[""1776406142075_GeM-Bidding-9220707.pdf""]",tender-documents
GEM/BID/9204082,"[""1776409094389_GeM-Bidding-9204082.pdf"", ""1780427258300_GeM-Bidding-Corr-9204082-5__2_.pdf""]",tender-documents
GEM/BID/9230898,"[""1776687948253_GeM-Bidding-9230898__2_.pdf"", ""1776836426322_GeM-Bidding-9230898__2_.pdf""]",tender-documents
GEM/BID/9244077,"[""1776841451208_GeM-Bidding-9244077.pdf""]",tender-documents
GEM/BID/9225339,"[""1777361504857_GeM-Bidding-9225339.pdf""]",tender-documents
GEM/BID/9204940,"[""1777378929854_GeM-Bidding-9204940.pdf""]",tender-documents
GEM/BID/9229757,"[""1777531727757_GeM-Bidding-9229757.pdf""]",tender-documents
GEM/BID/9269289,"[""1777534631493_GeM-Bidding-9269289.pdf""]",tender-documents
GEM/BID/9276739,"[""1777626313310_GeM-Bidding-9276739__1_.pdf""]",tender-documents
GEM/BID/9243775,"[""1777631387952_GeM-Bidding-9243775__1_.pdf""]",tender-documents
GEM/BID/9258633,"[""1777631870213_GeM-Bidding-9258633.pdf""]",tender-documents
GEM/BID/9265877,"[""1777708168343_GeM-Bidding-9265877.pdf"", ""1777897454083_GeM-Bidding-9265877__2_.pdf"", ""1777898865819_GeM-Bidding-9265877__2_.pdf""]",tender-documents
GEM/BID/9184388,"[""1777793759894_GeM-Bidding-9184388__1_.pdf""]",tender-documents
GEM/BID/9274050,"[""1777879375858_GeM-Bidding-9274050.pdf""]",tender-documents
GEM/BID/9281090,"[""1777899275911_GeM-Bidding-9281090__3_.pdf""]",tender-documents
GEM/BID/9178850,"[""1778051283458_GeM-Bidding-9178850.pdf""]",tender-documents
GEM/BID/9230887,"[""1778071678979_GeM-Bidding-9230887.pdf"", ""1785149686658_GeM-Bidding-9230887__3_.pdf""]",tender-documents
GEM/BID/9272384,"[""1778221381069_GeM-Bidding-9272384__3_.pdf""]",tender-documents
GEM/BID/9265005,"[""1778235379139_GeM-Bidding-9265005__1_.pdf""]",tender-documents
GEM/BID/9283513,"[""1778498068278_GeM-Bidding-9283513.pdf""]",tender-documents
GEM/BID/9273719,"[""1778589419961_GeM-Bidding-9273719.pdf""]",tender-documents
GEM/BID/9209703,"[""1778656428638_GeM-Bidding-9209703.pdf""]",tender-documents
GEM/BID/9201494,"[""1778656573649_GeM-Bidding-9201494.pdf""]",tender-documents
GEM/BID/9224273,"[""1778763848936_GeM-Bidding-9224273__2_.pdf""]",tender-documents
GEM/BID/9280254,"[""1778830695614_GeM-Bidding-9280254.pdf""]",tender-documents
GEM/BID/9339876,"[""1779089892235_GeM-Bidding-9339876.pdf""]",tender-documents
GEM/BID/9211278,"[""1779091374897_GeM-Bidding-9211278__1_.pdf""]",tender-documents
GEM/BID/9265719,"[""1779091547293_GeM-Bidding-9265719.pdf""]",tender-documents
GEM/BID/9338873,"[""1779091646682_GeM-Bidding-9338873.pdf""]",tender-documents
GEM/BID/9313273,"[""1779799043661_GeM-Bidding-9313273__2_.pdf""]",tender-documents
GEM/BID/9209692,"[""1779863133090_GeM-Bidding-9209692.pdf""]",tender-documents
GEM/BID/9229018,"[""1779868698201_GeM-Bidding-9229018.pdf""]",tender-documents
GEM/BID/9351589,"[""1780048697127_GeM-Bidding-9351589.pdf""]",tender-documents
GEM/BID/9348040,"[""1780050164864_GeM-Bidding-9348040.pdf""]",tender-documents
GEM/BID/9324184,"[""1780050590365_GeM-Bidding-9324184.pdf""]",tender-documents
GEM/BID/9380601,"[""1780051180230_GeM-Bidding-9380601__1_.pdf""]",tender-documents
GEM/BID/9310660,"[""1780052361116_GeM-Bidding-9310660.pdf""]",tender-documents
GEM/BID/9373698,"[""1780052529669_GeM-Bidding-9373698.pdf"", ""1780470687190_GeM-Bidding-9373698__1_.pdf""]",tender-documents
GEM/BID/9372368,"[""1780053437686_GeM-Bidding-9372368.pdf""]",tender-documents
GEM/BID/9300318,"[""1780393488067_GeM-Bidding-9300318.pdf""]",tender-documents
GEM/BID/9335719,"[""1780393816026_GeM-Bidding-9335719.pdf""]",tender-documents
GEM/BID/9286530,"[""1780550416672_GeM-Bidding-9286530__1_.pdf""]",tender-documents
GEM/BID/9415000,"[""1780569373221_GeM-Bidding-9415000.pdf""]",tender-documents
GEM/BID/9422029,"[""1780645809142_GeM-Bidding-9422029.pdf""]",tender-documents
GEM/BID/9363352,"[""1780727622384_GeM-Bidding-9363352.pdf""]",tender-documents
GEM/BID/9427161,"[""1780727910433_GeM-Bidding-9427161.pdf""]",tender-documents
GEM/BID/9293309,"[""1780729052783_GeM-Bidding-9293309.pdf""]",tender-documents
GEM/BID/9410023,"[""1780730925079_GeM-Bidding-9410023__1_.pdf""]",tender-documents
GEM/BID/9223199,"[""1781077720843_GeM-Bidding-9223199.pdf"", ""1781593798994_GeM-Bidding-9223199.pdf""]",tender-documents
GEM/BID/9385658,"[""1781089240929_GeM-Bidding-9385658.pdf""]",tender-documents
GEM/BID/9269039,"[""1781110747417_GeM-Bidding-9269039.pdf""]",tender-documents
GEM/BID/9334213,"[""1781257944836_GeM-Bidding-9334213.pdf""]",tender-documents
GEM/BID/9452016,"[""1781350664651_GeM-Bidding-9452016.pdf""]",tender-documents
GEM/BID/9316872,"[""1781351267779_GeM-Bidding-9316872.pdf""]",tender-documents
GEM/BID/9472198,"[""1781590620289_GeM-Bidding-9472198__1_.pdf""]",tender-documents
GEM/BID/9462989,"[""1781594519947_GeM-Bidding-9462989.pdf""]",tender-documents
GEM/BID/9475442,"[""1781764294977_GeM-Bidding-9475442.pdf""]",tender-documents
GEM/BID/9451574,"[""1781768649661_GeM-Bidding-9451574__1_.pdf""]",tender-documents
GEM/BID/9465762,"[""1781847329428_GeM-Bidding-9465762__1_.pdf""]",tender-documents
GEM/BID/9391025,"[""1781851572535_GeM-Bidding-9391025.pdf""]",tender-documents
GEM/BID/9448010,"[""1781852017832_GeM-Bidding-9448010.pdf""]",tender-documents
GEM/BID/9392688,"[""1781953718438_GeM-Bidding-9392688__2_.pdf""]",tender-documents
GEM/BID/9380807,"[""1782194114928_GeM-Bidding-9380807__4_.pdf""]",tender-documents
GEM/BID/9426358,"[""1782194256108_GeM-Bidding-9426358.pdf""]",tender-documents
GEM/BID/9505385,"[""1782194510454_GeM-Bidding-9505385.pdf""]",tender-documents
GEM/BID/9456556,"[""1782194629584_GeM-Bidding-9456556.pdf""]",tender-documents
GEM/BID/9284632,"[""1782377948622_GeM-Bidding-9284632.pdf""]",tender-documents
GEM/BID/9515048,"[""1782379941022_GeM-Bidding-9515048.pdf""]",tender-documents
GEM/BID/9448991,"[""1782553624153_GeM-Bidding-9448991.pdf""]",tender-documents
GEM/BID/9525189,"[""1782556203000_GeM-Bidding-9525189__1_.pdf"", ""1782556350239_GeM-Bidding-9525189__1_.pdf""]",tender-documents
GEM/BID/9441669,"[""1782719205574_GeM-Bidding-9441669.pdf""]",tender-documents
GEM/BID/9494848,"[""1782801947306_GeM-Bidding-9494848.pdf""]",tender-documents
GEM/BID/9443789,"[""1782812958857_GeM-Bidding-9443789__4_.pdf""]",tender-documents
GEM/BID/9532863,"[""1782816117783_GeM-Bidding-9532863.pdf""]",tender-documents
GEM/BID/9486198,"[""1782894087856_GeM-Bidding-9486198__2_.pdf""]",tender-documents
GEM/BID/9443616,"[""1782994700156_GeM-Bidding-9443616__5_.pdf""]",tender-documents
GEM/BID/9525045,"[""1783142671019_GeM-Bidding-9525045.pdf""]",tender-documents
GEM/BID/9526308,"[""1783330615054_GeM-Bidding-9526308.pdf""]",tender-documents
GEM/BID/9482738,"[""1783334131606_GeM-Bidding-9482738__1_.pdf""]",tender-documents
GEM/BID/9491766,"[""1783334374718_GeM-Bidding-9491766__1_.pdf""]",tender-documents
GEM/BID/9434939,"[""1783340225672_GeM-Bidding-9434939.pdf""]",tender-documents
GEM/BID/9522094,"[""1783406390616_GeM-Bidding-9522094.pdf""]",tender-documents
GEM/BID/9548263,"[""1783408115066_GeM-Bidding-9548263.pdf""]",tender-documents
GEM/BID/9566683,"[""1783493835130_GeM-Bidding-9566683.pdf""]",tender-documents
GEM/BID/9519977,"[""1783516033054_GeM-Bidding-9519977.pdf""]",tender-documents
GEM/BID/9491744,"[""1783572450460_GeM-Bidding-9491744__1_.pdf""]",tender-documents
GEM/BID/9577388,"[""1783577893003_GeM-Bidding-9577388.pdf""]",tender-documents
GEM/BID/9584061,"[""1783665121371_GeM-Bidding-9584061.pdf""]",tender-documents
GEM/BID/9520638,"[""1783756678413_GeM-Bidding-9520638.pdf""]",tender-documents
GEM/BID/9468039,"[""1784018046528_GeM-Bidding-9468039.pdf""]",tender-documents
GEM/BID/9411795,"[""1784096030415_GeM-Bidding-9411795.pdf"", ""1784179496852_GeM-Bidding-9411795.pdf""]",tender-documents
GEM/BID/9533866,"[""1784115306711_GeM-Bidding-9533866.pdf""]",tender-documents
GEM/BID/9617112,"[""1784202778809_GeM-Bidding-9617112.pdf""]",tender-documents
GEM/BID/9612475,"[""1784264776667_GeM-Bidding-9612475.pdf""]",tender-documents
GEM/BID/9525712,"[""1784269450242_GeM-Bidding-9525712__6_.pdf""]",tender-documents
GEM/BID/9582947,"[""1784275002917_GeM-Bidding-9582947.pdf""]",tender-documents
GEM/BID/9618149,"[""1784371193068_GeM-Bidding-9618149.pdf"", ""1785413979760_GeM-Bidding-9618149__1_.pdf""]",tender-documents
GEM/BID/9498518,"[""1784373325071_GeM-Bidding-9498518.pdf""]",tender-documents
GEM/BID/9605598,"[""1784375290600_GeM-Bidding-9605598.pdf"", ""1784541616782_GeM-Bidding-9605598.pdf""]",tender-documents
GEM/BID/9391706,"[""1784622266679_GeM-Bidding-9391706__1_.pdf"", ""1784720597701_GeM-Bidding-9391706__1_.pdf""]",tender-documents
GEM/BID/9580313,"[""1784626421994_GeM-Bidding-9580313.pdf""]",tender-documents
GEM/BID/9564306,"[""1784704613432_GeM-Bidding-9564306.pdf""]",tender-documents
GEM/BID/9613085,"[""1784708013256_GeM-Bidding-9613085__1_.pdf""]",tender-documents
GEM/BID/9640669,"[""1784713474885_GeM-Bidding-9640669.pdf""]",tender-documents
GEM/BID/9623395,"[""1784713829769_GeM-Bidding-9623395.pdf""]",tender-documents
GEM/BID/9486720,"[""1784795327766_GeM-Bidding-9486720.pdf""]",tender-documents
GEM/BID/9555358,"[""1784804709385_GeM-Bidding-9555358.pdf""]",tender-documents
GEM/BID/9607423,"[""1784882244531_GeM-Bidding-9607423.pdf""]",tender-documents
GEM/BID/9530440,"[""1784889050409_GeM-Bidding-9530440__1_.pdf""]",tender-documents
GEM/BID/9578098,"[""1784890532365_GeM-Bidding-9578098.pdf""]",tender-documents
GEM/BID/9555220,"[""1784890660526_GeM-Bidding-9555220__1_.pdf""]",tender-documents
GEM/BID/9644926,"[""1784965506609_GeM-Bidding-9644926.pdf""]",tender-documents
GEM/BID/9651236,"[""1784965778874_GeM-Bidding-9651236__1_.pdf""]",tender-documents
GEM/BID/9608158,"[""1785136269195_GeM-Bidding-9608158__1_.pdf""]",tender-documents
GEM/BID/9636588,"[""1785136661537_GeM-Bidding-9636588.pdf""]",tender-documents
GEM/BID/9435546,"[""1785307057289_GeM-Bidding-9435546__4_.pdf"", ""1785308001666_GeM-Bidding-9435546__4_.pdf""]",tender-documents
GEM/BID/9620570,"[""1785308312236_GeM-Bidding-9620570.pdf""]",tender-documents
GEM/BID/9605132,"[""1785310914345_GeM-Bidding-9605132__1_.pdf""]",tender-documents
GEM/BID/9646979,"[""1785328098603_GeM-Bidding-9646979.pdf""]",tender-documents
GEM/BID/9647587,"[""1785328200495_GeM-Bidding-9647587.pdf""]",tender-documents
GEM/BID/9681019,"[""1785393136693_GeM-Bidding-9681019.pdf""]",tender-documents
GEM/BID/9681066,"[""1785393217803_GeM-Bidding-9681066.pdf""]",tender-documents
GEM/BID/9665814,"[""1785394228714_GeM-Bidding-9665814.pdf""]",tender-documents
GEM/BID/9679235,"[""1785394382758_GeM-Bidding-9679235.pdf""]",tender-documents
GEM/BID/9487565,"[""1785394758738_GeM-Bidding-9487565.pdf""]",tender-documents
GEM/BID/9587250,"[""1785395035437_GeM-Bidding-9587250.pdf""]",tender-documents
GEM/BID/9642647,"[""1785406655407_GeM-Bidding-9642647.pdf""]",tender-documents
GEM/BID/9494797,"[""1785569534942_GeM-Bidding-9494797__2_.pdf""]",tender-documents
GEM/BID/9634567,"[""1785742515610_GeM-Bidding-9634567.pdf""]",tender-documents
GEM/BID/9656247,"[""1785752300854_GeM-Bidding-9656247__6_.pdf""]",tender-documents
GEM/BID/9662322,"[""1785758821131_GeM-Bidding-9662322.pdf""]",tender-documents
GEM/BID/9469135,"[""1785828136057_GeM-Bidding-9469135.pdf""]",tender-documents
GEM/BID/9665995,"[""1785848349630_GeM-Bidding-9665995.pdf""]",tender-documents
GEM/BID/9682813,"[""1785914672761_GeM-Bidding-9682813.pdf""]",tender-documents
GEM/BID/9706578,"[""1785914937188_GeM-Bidding-9706578.pdf"", ""1785915973242_GeM-Bidding-9706578.pdf""]",tender-documents
GEM/BID/9615786,"[""1785916095575_GeM-Bidding-9615786.pdf""]",tender-documents
GEM/BID/9701606,"[""1786000313122_GeM-Bidding-9701606.pdf""]",tender-documents
GEM/BID/9713346,"[""1786000474835_GeM-Bidding-9713346.pdf""]",tender-documents
GEM/BID/9711422,"[""1786002172939_GeM-Bidding-9711422.pdf""]",tender-documents
GEM/BID/9687730,"[""1786085192301_GeM-Bidding-9687730.pdf""]",tender-documents
GEM/BID/9716758,"[""1786087640053_GeM-Bidding-9716758.pdf""]",tender-documents
GEM/BID/9718680,"[""1786087793393_GeM-Bidding-9718680.pdf""]",tender-documents
GEM/BID/9704792,"[""1786088121208_GeM-Bidding-9704792.pdf""]",tender-documents
GEM/BID/9484908,"[""1786088412439_GeM-Bidding-9484908.pdf""]",tender-documents
GEM/BID/9651703,"[""1786088518419_GeM-Bidding-9651703.pdf""]",tender-documents
GEM/BID/9719240,"[""1786100489169_GeM-Bidding-9719240.pdf""]",tender-documents
GEM/BID/9712906,"[""1786100844461_GeM-Bidding-9712906.pdf""]",tender-documents
GEM/BID/9701252,"[""1786101024097_GeM-Bidding-9701252.pdf""]",tender-documents
GEM/BID/9727438,"[""1786170452405_GeM-Bidding-9727438.pdf""]",tender-documents
GEM/BID/9703934,"[""1786171020965_GeM-Bidding-9703934.pdf""]",tender-documents
GEM/BID/9708730,"[""1786343807621_GeM-Bidding-9708730__1_.pdf""]",tender-documents
GEM/BID/9697939,"[""1786358887424_GeM-Bidding-9697939.pdf"", ""1786358993199_GeM-Bidding-9697939.pdf""]",tender-documents
GEM/BID/9555576,"[""1786423755234_GeM-Bidding-9555576.pdf""]",tender-documents
GEM/BID/9712663,"[""1786433222503_GeM-Bidding-9712663.pdf""]",tender-documents
GEM/BID/9574025,"[""1786433426403_GeM-Bidding-9574025.pdf""]",tender-documents
GEM/BID/9715710,"[""1786434310466_GeM-Bidding-9715710.pdf""]",tender-documents
GEM/BID/9642319,"[""1786441507031_GeM-Bidding-9642319.pdf""]",tender-documents
GEM/BID/9676394,"[""1786442083662_GeM-Bidding-9676394.pdf""]",tender-documents
GEM/BID/9584341,"[""1786448555345_GeM-Bidding-9584341.pdf""]",tender-documents
GEM/BID/9654223,"[""1786516833080_GeM-Bidding-9654223.pdf""]",tender-documents
GEM/BID/9733434,"[""1786517787644_GeM-Bidding-9733434__1_.pdf""]",tender-documents
GEM/BID/9736996,"[""1786518352764_GeM-Bidding-9736996__1_.pdf""]",tender-documents
GEM/BID/9733450,"[""1786522028144_GeM-Bidding-9733450__3_.pdf""]",tender-documents
GEM/BID/9713171,"[""1786523667176_GeM-Bidding-9713171.pdf""]",tender-documents
GEM/BID/9710028,"[""1786607009260_GeM-Bidding-9710028.pdf""]",tender-documents
GEM/BID/9740766,"[""1786607322763_GeM-Bidding-9740766.pdf""]",tender-documents
GEM/BID/9741455,"[""1786607657889_GeM-Bidding-9741455.pdf""]",tender-documents
GEM/BID/9671512,"[""1786608100972_GeM-Bidding-9671512__2_.pdf""]",tender-documents
GEM/BID/9744485,"[""1786609073367_GeM-Bidding-9744485.pdf""]",tender-documents
GEM/BID/9654867,"[""1786609197685_GeM-Bidding-9654867.pdf""]",tender-documents
GEM/BID/9546329,"[""1786609678985_GeM-Bidding-9546329__1_.pdf""]",tender-documents
GEM/BID/9734530,"[""1786684450908_GeM-Bidding-9734530.pdf""]",tender-documents
GEM/BID/7027546,"[""GeM-Bidding-7027546_(6).pdf_1746078274_2009287766.pdf""]",tender-documents
GEM/BID/7623813,"[""GeM-Bidding-7623813.pdf_1745300285_234706201.pdf"", ""GeM-Bidding-7623813_(2).pdf_1748928236_180226791.pdf""]",tender-documents
GEM/BID/7717342,"[""GeM-Bidding-7717342.pdf_1748695424_198905085.pdf""]",tender-documents
GEM/BID/7718231,"[""GeM-Bidding-7718231.pdf_1747030777_203204123.pdf""]",tender-documents
GEM/BID/7724454,"[""GeM-Bidding-7724454.pdf_1748685463_3605671.pdf""]",tender-documents
GEM/BID/7737721,"[""GeM-Bidding-7737721.pdf_1748690484_1069151742.pdf""]",tender-documents
GEM/BID/7799883,"[""GeM-Bidding-7799883.pdf_1746770837_1497459133.pdf""]",tender-documents
GEM/BID/7809313,"[""GeM-Bidding-7809313_(1).pdf_1749898117_1201413049.pdf""]",tender-documents
GEM/BID/7817506,"[""GeM-Bidding-7817506.pdf_1748683830_18701966.pdf""]",tender-documents
GEM/BID/7818207,"[""GeM-Bidding-7818207.pdf_1748688069_741378254.pdf""]",tender-documents
GEM/BID/7821891,"[""GeM-Bidding-7821891_(4).pdf_1752490499_156233859.pdf""]",tender-documents
GEM/BID/7836691,"[""GeM-Bidding-7836691_published_(1).pdf_1748323832_225408067.pdf""]",tender-documents
GEM/BID/7839609,"[""GeM-Bidding-7839609.pdf_1748684978_1882544265.pdf""]",tender-documents
GEM/BID/7843120,"[""GeM-Bidding-7843120.pdf_1748685767_882291331.pdf""]",tender-documents
GEM/BID/7850673,"[""GeM-Bidding-7850673.pdf_1748686420_818498642.pdf""]",tender-documents
GEM/BID/7859446,"[""GeM-Bidding-7859446.pdf_1748695743_403113937.pdf""]",tender-documents
GEM/BID/7872728,"[""GeM-Bidding-7872728.pdf_1748692859_1655876488.pdf""]",tender-documents
GEM/BID/7875902,"[""GeM-Bidding-7875902.pdf_1748693590_806845382.pdf""]",tender-documents
GEM/BID/7878517,"[""GeM-Bidding-7878517_(1).pdf_1752224154_1054017938.pdf""]",tender-documents
GEM/BID/7887501,"[""GeM-Bidding-7887501.pdf_1748324958_173739858.pdf""]",tender-documents
GEM/BID/7887735,"[""GeM-Bidding-7887735.pdf_1748498739_1472648447.pdf""]",tender-documents
GEM/BID/7916125,"[""GeM-Bidding-7916125.pdf_1751521491_1130648618.pdf""]",tender-documents
GEM/BID/7923595,"[""GeM-Bidding-7923595.pdf_1750760899_2107461265.pdf""]",tender-documents
GEM/BID/7931016,"[""GeM-Bidding-7931016_(1)-Published_(1).pdf_1750755220_405919522.pdf""]",tender-documents
GEM/BID/8045480,"[""GeM-Bidding-8045480_(1).pdf_1753164917_1667106609.pdf""]",tender-documents
GEM/BID/8062447,"[""GeM-Bidding-8062447_(1).pdf_1752058215_45082571.pdf"", ""GeM-Bidding-8062447_(1).pdf_1752058216_1372326818.pdf""]",tender-documents
GEM/BID/8115613,"[""GeM-Bidding-8115613.pdf_1753163944_429287942.pdf""]",tender-documents
GEM/BID/8128739,"[""GeM-Bidding-8128739.pdf_1753956463_1459925331.pdf"", ""GeM-Bidding-8128739_(1).pdf_1755771769_545190249.pdf"", ""GeM-Bidding-Corr-8128739-3.pdf_1755771769_571628120.pdf""]",tender-documents
GEM/BID/8134368,"[""GeM-Bidding-8134368.pdf_1756296220_133487379.pdf""]",tender-documents
GEM/BID/8169566,"[""GeM-Bidding-8169566_(2).pdf_1755686258_64228400.pdf""]",tender-documents
GEM/BID/8185192,"[""GeM-Bidding-8185192_(3).pdf_1755513215_1658478632.pdf""]",tender-documents
GEM/BID/8193306,"[""GeM-Bidding-8193306_(3).pdf_1759998214_690040844.pdf""]",tender-documents
GEM/BID/8197603,"[""GeM-Bidding-8197603.pdf_1755667907_1535113511.pdf""]",tender-documents
GEM/BID/8199865,"[""GeM-Bidding-8199865_(1).pdf_1755840194_115403203.pdf""]",tender-documents
GEM/BID/8202624,"[""GeM-Bidding-8202624.pdf_1755840582_591548597.pdf""]",tender-documents
GEM/BID/8215404,"[""GeM-Bidding-8215404.pdf_1757574487_1868254424.pdf""]",tender-documents
GEM/BID/8228997,"[""GeM-Bidding-8228997_(3).pdf_1756299388_1606154076.pdf""]",tender-documents
GEM/BID/8235139,"[""GeM-Bidding-8235139.pdf_1756298155_1906905603.pdf""]",tender-documents
GEM/BID/8241391,"[""GeM-Bidding-8241391.pdf_1755934775_167130635.pdf""]",tender-documents
GEM/BID/8241761,"[""GeM-Bidding-8241761_(1).pdf_1756530092_260243311.pdf""]",tender-documents
GEM/BID/8262078,"[""GeM-Bidding-8262078.pdf_1756879848_1538834663.pdf""]",tender-documents
GEM/BID/8271002,"[""GeM-Bidding-8271002_(1).pdf_1761905001_1554967760.pdf""]",tender-documents
GEM/BID/8272911,"[""GeM-Bidding-8272911.pdf_1757327711_1889362552.pdf""]",tender-documents
GEM/BID/8290313,"[""GeM-Bidding-8290313.pdf_1758624709_1683611352.pdf"", ""GeM-Bidding-8290313.pdf_1758624729_1519098574.pdf"", ""GeM-Bidding-8290313.pdf_1758624761_451098031.pdf"", ""GeM-Bidding-8290313.pdf_1758624966_1524803901.pdf""]",tender-documents
GEM/BID/8291521,"[""GeM-Bidding-8291521_(1).pdf_1758181409_1537564252.pdf""]",tender-documents
GEM/BID/8294062,"[""GeM-Bidding-8294062_(1).pdf_1758281639_1859497167.pdf"", ""GeM-Bidding-8294062_(2).pdf_1760167576_1726797381.pdf""]",tender-documents
GEM/BID/8294859,"[""GeM-Bidding-8294859.pdf_1758011429_565282760.pdf"", ""GeM-Bidding-8294859_(2).pdf_1760166259_1045813308.pdf""]",tender-documents
GEM/BID/8300621,"[""GeM-Bidding-8300621_(1).pdf_1757500921_1772602622.pdf"", ""GeM-Bidding-8300621_(1).pdf_1757500925_298785998.pdf"", ""GeM-Bidding-8300621_(1).pdf_1757500929_254813288.pdf"", ""GeM-Bidding-8300621_(1).pdf_1757500930_1840593873.pdf"", ""GeM-Bidding-8300621_(1).pdf_1757500930_504958625.pdf"", ""GeM-Bidding-8300621_(1).pdf_1757500931_214398654.pdf"", ""GeM-Bidding-8300621_(1).pdf_1757500934_384494212.pdf""]",tender-documents
GEM/BID/8312815,"[""GeM-Bidding-8312815_(1).pdf_1760440178_316062166.pdf""]",tender-documents
GEM/BID/8324294,"[""GeM-Bidding-8324294.pdf_1757588913_164309323.pdf""]",tender-documents
GEM/BID/8334496,"[""GeM-Bidding-8334496.pdf_1757758308_2121708400.pdf"", ""GeM-Bidding-8334496_(2).pdf_1759919190_573145274.pdf""]",tender-documents
GEM/BID/8335862,"[""GeM-Bidding-8335862.pdf_1758346346_1412329343.pdf""]",tender-documents
GEM/BID/8348939,"[""GeM-Bidding-8348939_(3).pdf_1758352762_546985515.pdf""]",tender-documents
GEM/BID/8354311,"[""GeM-Bidding-8354311.pdf_1758611707_930901539.pdf"", ""GeM-Bidding-8354311_(2).pdf_1761303462_355061775.pdf""]",tender-documents
GEM/BID/8383963,"[""GeM-Bidding-8383963.pdf_1763729331_1194662650.pdf"", ""GeM-Bidding-8383963_(1).pdf_1767434426_1954635563.pdf""]",tender-documents
GEM/BID/8386509,"[""GeM-Bidding-8386509_(1).pdf_1760595223_170913510.pdf""]",tender-documents
GEM/BID/8412728,"[""GeM-Bidding-8412728.pdf_1761631622_1881438118.pdf""]",tender-documents
GEM/BID/8423699,"[""GeM-Bidding-8423699.pdf_1759734052_644083722.pdf"", ""GeM-Bidding-8423699.pdf_1760180354_118422886.pdf""]",tender-documents
GEM/BID/8425535,"[""GeM-Bidding-8425535.pdf_1759995922_5009826.pdf""]",tender-documents
GEM/BID/8426499,"[""GeM-Bidding-8426499_(4).pdf_1761223821_513166828.pdf"", ""GeM-Bidding-8426499_(6).pdf_1762155215_1772065735.pdf""]",tender-documents
GEM/BID/8437454,"[""GeM-Bidding-8437454.pdf_1761981041_988261121.pdf""]",tender-documents
GEM/BID/8457958,"[""GeM-Bidding-8457958_(1).pdf_1763021173_1604950997.pdf""]",tender-documents
GEM/BID/8461735,"[""GeM-Bidding-8461735.pdf_1761392946_1222705438.pdf"", ""GeM-Bidding-8461735.pdf_1761393054_450143046.pdf""]",tender-documents
GEM/BID/8463888,"[""GeM-Bidding-8463888.pdf_1764246844_1780815.pdf""]",tender-documents
GEM/BID/8468885,"[""GeM-Bidding-8468885_(1).pdf_1761217176_324664051.pdf""]",tender-documents
GEM/BID/8472582,"[""GeM-Bidding-8472582_(1).pdf_1760602803_1544331910.pdf"", ""GeM-Bidding-8472582_(2).pdf_1762416624_805009704.pdf""]",tender-documents
GEM/BID/8481622,"[""GeM-Bidding-8481622_(2).pdf_1763120712_881731100.pdf""]",tender-documents
GEM/BID/8491100,"[""GeM-Bidding-8491100.pdf_1761552178_964502854.pdf"", ""GeM-Bidding-8491100_(2).pdf_1762329273_884933258.pdf""]",tender-documents
GEM/BID/8496056,"[""GeM-Bidding-8496056_(1).pdf_1762600752_1785159920.pdf""]",tender-documents
GEM/BID/8500928,"[""GeM-Bidding-8500928.pdf_1761633048_1844202969.pdf"", ""GeM-Bidding-8500928.pdf_1765799852_557081723.pdf"", ""GeM-Bidding-8500928_(2).pdf_1763377525_1688221722.pdf"", ""GeM-Bidding-8500928_(2).pdf_1763377531_560984049.pdf""]",tender-documents
GEM/BID/8512334,"[""GeM-Bidding-8512334_(1).pdf_1767337505_912573233.pdf""]",tender-documents
GEM/BID/8517121,"[""GeM-Bidding-8517121.pdf_1761907954_370389772.pdf""]",tender-documents
GEM/BID/8518118,"[""GeM-Bidding-8518118.pdf_1762328479_1076124772.pdf""]",tender-documents
GEM/BID/8536136,"[""GeM-Bidding-8536136_(1).pdf_1762336662_529538955.pdf"", ""GeM-Bidding-8536136_(3).pdf_1763539419_1913139742.pdf""]",tender-documents
GEM/BID/8540817,"[""GeM-Bidding-8540817_(1).pdf_1762336954_806857981.pdf""]",tender-documents
GEM/BID/8547711,"[""GeM-Bidding-8547711_(1).pdf_1762854498_140505328.pdf""]",tender-documents
GEM/BID/8556935,"[""GeM-Bidding-8556935.pdf_1763727575_1136731804.pdf""]",tender-documents
GEM/BID/8561634,"[""GeM-Bidding-8561634_(2).pdf_1764662098_1988237088.pdf""]",tender-documents
GEM/BID/8571266,"[""GeM-Bidding-8571266_(1).pdf_1762949649_361237777.pdf""]",tender-documents
GEM/BID/8571810,"[""GeM-Bidding-8571810_(1).pdf_1763205994_285113121.pdf"", ""GeM-Bidding-8571810_(1).pdf_1763206494_2027750694.pdf""]",tender-documents
GEM/BID/8573707,"[""GeM-Bidding-8573707_(1).pdf_1762948593_1147596997.pdf""]",tender-documents
GEM/BID/8582794,"[""GeM-Bidding-8582794_(1).pdf_1763121179_137541706.pdf"", ""GeM-Bidding-8582794_(1).pdf_1763121253_314289424.pdf""]",tender-documents
GEM/BID/8588273,"[""GeM-Bidding-8588273.pdf_1765537245_1813413627.pdf"", ""GeM-Bidding-8588273_(1).pdf_1766142622_1043590042.pdf""]",tender-documents
GEM/BID/8591114,"[""GeM-Bidding-8591114.pdf_1768043542_1670791917.pdf""]",tender-documents
GEM/BID/8594446,"[""GeM-Bidding-8594446.pdf_1765952669_341430433.pdf""]",tender-documents
GEM/BID/8602697,"[""GeM-Bidding-8602697_(2).pdf_1764145227_1544018038.pdf""]",tender-documents
GEM/BID/8608401,"[""GeM-Bidding-8608401.pdf_1766485395_543411540.pdf"", ""GeM-Bidding-8608401_(1).pdf_1767358684_453221945.pdf"", ""GeM-Bidding-8608401_(2).pdf_1767953790_501363935.pdf""]",tender-documents
GEM/BID/8608514,"[""GeM-Bidding-8608514.pdf_1767269712_553978999.pdf""]",tender-documents
GEM/BID/8616743,"[""GeM-Bidding-8616743.pdf_1767269067_1276371719.pdf""]",tender-documents
GEM/BID/8626752,"[""GeM-Bidding-8626752_(3).pdf_1767351039_577684057.pdf""]",tender-documents
GEM/BID/8630805,"[""GeM-Bidding-8630805_(4).pdf_1766212658_579904619.pdf""]",tender-documents
GEM/BID/8634207,"[""GeM-Bidding-8634207.pdf_1767348064_587700305.pdf""]",tender-documents
GEM/BID/8636710,"[""GeM-Bidding-8636710.pdf_1768932387_172355301.pdf""]",tender-documents
GEM/BID/8643743,"[""GeM-Bidding-8643743.pdf_1764671682_136089666.pdf"", ""GeM-Bidding-8643743_(2).pdf_1766563172_99050045.pdf""]",tender-documents
GEM/BID/8649339,"[""GeM-Bidding-8649339_(5).pdf_1764574586_1656692930.pdf""]",tender-documents
GEM/BID/8649854,"[""GeM-Bidding-8649854.pdf_1769669023_688434793.pdf""]",tender-documents
GEM/BID/8652409,"[""GeM-Bidding-8652409_(1).pdf_1764577088_1201004187.pdf""]",tender-documents
GEM/BID/8653172,"[""GeM-Bidding-8653172_(1).pdf_1764575786_2076510166.pdf""]",tender-documents
GEM/BID/8653498,"[""GeM-Bidding-8653498_(3).pdf_1764919874_419421479.pdf"", ""GeM-Bidding-8653498_(3).pdf_1764920638_1598506679.pdf""]",tender-documents
GEM/BID/8657860,"[""GeM-Bidding-8657860.pdf_1765963821_1205910107.pdf""]",tender-documents
GEM/BID/8676073,"[""GeM-Bidding-8676073_(1).pdf_1767079656_1160631504.pdf""]",tender-documents
GEM/BID/8678158,"[""GeM-Bidding-8678158_(2).pdf_1766045518_763672500.pdf""]",tender-documents
GEM/BID/8693748,"[""GeM-Bidding-8693748_(1).pdf_1765974443_1323299254.pdf"", ""GeM-Bidding-8693748_(2).pdf_1766571291_887927137.pdf""]",tender-documents
GEM/BID/8699687,"[""GeM-Bidding-8699687.pdf_1766473578_536768640.pdf""]",tender-documents
GEM/BID/8700336,"[""GeM-Bidding-8700336.pdf_1766751167_2112936537.pdf"", ""GeM-Bidding-8700336_(2).pdf_1768383107_1001951660.pdf""]",tender-documents
GEM/BID/8702866,"[""GeM-Bidding-8702866_(1).pdf_1767164200_1379939138.pdf""]",tender-documents
GEM/BID/8714333,"[""GeM-Bidding-8714333.pdf_1767352268_1695091777.pdf""]",tender-documents
GEM/BID/8716402,"[""GeM-Bidding-8716402.pdf_1767598338_1298872866.pdf""]",tender-documents
GEM/BID/8722515,"[""GeM-Bidding-8722515.pdf_1766140227_1629101174.pdf""]",tender-documents
GEM/BID/8728203,"[""GeM-Bidding-8728203.pdf_1767351466_1316811311.pdf""]",tender-documents
GEM/BID/8731525,"[""GeM-Bidding-8731525_(1).pdf_1766127232_1298872041.pdf""]",tender-documents
GEM/BID/8752749,"[""GeM-Bidding-8752749_(2).pdf_1766561629_119151014.pdf"", ""GeM-Bidding-8752749_(3).pdf_1766582049_108257026.pdf""]",tender-documents
GEM/BID/8759993,"[""GeM-Bidding-8759993.pdf_1767356137_477021451.pdf""]",tender-documents
GEM/BID/8760221,"[""GeM-Bidding-8760221.pdf_1767269895_820406862.pdf""]",tender-documents
GEM/BID/8763577,"[""GeM-Bidding-8763577_(1).pdf_1766818905_1771502821.pdf""]",tender-documents
GEM/BID/8764399,"[""GeM-Bidding-8764399_(2).pdf_1766819840_1809819550.pdf""]",tender-documents
GEM/BID/8764605,"[""GeM-Bidding-8764605_(2).pdf_1769453963_1209517088.pdf""]",tender-documents
GEM/BID/8765867,"[""GeM-Bidding-8765867_(1).pdf_1767164335_1757017297.pdf""]",tender-documents
GEM/BID/8773292,"[""GeM-Bidding-8773292_(1).pdf_1767337221_1330235192.pdf""]",tender-documents
GEM/BID/8793204,"[""GeM-Bidding-8793204.pdf_1769977912_520442529.pdf""]",tender-documents
GEM/BID/8795098,"[""GeM-Bidding-8795098.pdf_1767682223_1389998104.pdf""]",tender-documents
GEM/BID/8800256,"[""GeM-Bidding-8800256.pdf_1769534447_1007202656.pdf""]",tender-documents
GEM/BID/8800782,"[""GeM-Bidding-8800782_(1).pdf_1769365440_780517088.pdf""]",tender-documents
GEM/BID/8809468,"[""GeM-Bidding-8809468_(2).pdf_1767858729_598914714.pdf""]",tender-documents
GEM/BID/8823171,"[""GeM-Bidding-8823171.pdf_1769064503_1789907500.pdf"", ""GeM-Bidding-8823171.pdf_1769189020_1203504018.pdf"", ""GeM-Bidding-8823171_(2).pdf_1769974417_51069176.pdf""]",tender-documents
GEM/BID/8828414,"[""GeM-Bidding-8828414.pdf_1769973529_1580883584.pdf""]",tender-documents
GEM/BID/8831753,"[""GeM-Bidding-8831753_(1).pdf_1768462521_928757861.pdf""]",tender-documents
GEM/BID/8842424,"[""GeM-Bidding-8842424.pdf_1769065004_1269832625.pdf"", ""GeM-Bidding-8842424.pdf_1769065004_320102271.pdf""]",tender-documents
GEM/BID/8846134,"[""GeM-Bidding-8846134_(1).pdf_1769673784_631496965.pdf""]",tender-documents
GEM/BID/8850201,"[""GeM-Bidding-8850201.pdf_1770234639_1664220924.pdf""]",tender-documents
GEM/BID/8850311,"[""GeM-Bidding-8850311.pdf_1769193421_1535308619.pdf"", ""GeM-Bidding-8850311.pdf_1769193426_1043752706.pdf""]",tender-documents
GEM/BID/8854510,"[""GeM-Bidding-8854510.pdf_1768932181_419083214.pdf""]",tender-documents
GEM/BID/8861008,"[""GeM-Bidding-8861008_(1).pdf_1768977265_364934487.pdf""]",tender-documents
GEM/BID/8867202,"[""GeM-Bidding-8867202_(2).pdf_1769674126_571590022.pdf""]",tender-documents
GEM/BID/8867266,"[""GeM-Bidding-8867266.pdf_1769454138_396460995.pdf""]",tender-documents
GEM/BID/8876445,"[""GeM-Bidding-8876445_(1)_(1).pdf_1769673539_1982569324.pdf""]",tender-documents
GEM/BID/8879967,"[""GeM-Bidding-8879967.pdf_1769674959_1714473338.pdf""]",tender-documents
GEM/BID/8889938,"[""GeM-Bidding-8889938.pdf_1769683283_101980714.pdf""]",tender-documents
GEM/BID/8897436,"[""GeM-Bidding-8897436.pdf_1770147013_1143864658.pdf""]",tender-documents
GEM/BID/8908658,"[""GeM-Bidding-8908658.pdf_1770099806_2020972536.pdf""]",tender-documents
5048_ATC_569,"[""1766645745048_ATC_569a674f-4d8d-4891-9b421756120898535_CPD_CMG_C.pdf""]",tender-documents
7299_NITATC_8,"[""1770274347299_NITATC_8a3b37c5-2b90-401d-96ed1770107212367_Pravee.pdf""]",tender-documents
9259_BOQ_780887,"[""1770374579259_BOQ_780887.xls""]",tender-documents
5271_ATC_1,"[""1770875745271_ATC_1d772ab4-4e92-4f1a-820f1770624222858_buyersoni.doc""]",tender-documents
2022_POLICY_27_04,"[""1770879636241_GCC_April-2022_2022_CE-I_CT_GCC-2022_POLICY_27_04_.pdf"", ""1770882892261_GCC_April-2022_2022_CE-I_CT_GCC-2022_POLICY_27_04_.pdf""]",tender-documents
7515_BOQ_304021,"[""1770976297515_BOQ_304021.xls""]",tender-documents
4819_BATC_24031257,"[""1772692814819_BATC_24031257-a3e9-481d-82a11772174109151_buyercpc.pdf""]",tender-documents
4403_NIT_25041,"[""1774589554403_NIT_25041__2_.pdf""]",tender-documents
1985_TC_89054,"[""1774681021985_TC_89054c71-9369-4040-a3b41774410119757_SSTPBUYER1.pdf""]",tender-documents
0332_OPENATC_8,"[""1775284810332_OPENATC_8fb3f3b4-2a19-4795-97bf1774075451679_abhay.docx""]",tender-documents
2347_BOQ_951243,"[""1776336082347_BOQ_951243.xls""]",tender-documents
9819_ATCUPS_13,"[""1776841449819_ATCUPS_13f5f6c5-ed39-4bc0-b9e51776779426913_ankitt.pdf""]",tender-documents
2007_BOQ_152772,"[""1776937102007_BOQ_152772.xls""]",tender-documents
9731_ATC_8,"[""1777378929731_ATC_8d858c75-6b9d-42a9-a7031775718207212_buyer5_nf.pdf""]",tender-documents
5512_BOQ_987832,"[""1777698805512_BOQ_987832.xls""]",tender-documents
8773_BOQ_987832,"[""1777699038773_BOQ_987832.xls""]",tender-documents
4071_BOQ_953330,"[""1777719584071_BOQ_953330.xls""]",tender-documents
7279_QRS_3166,"[""1779091547279_QRS_3166e2ee-f386-411a-9f471777357155721_umeshkuma.pdf""]",tender-documents
5567_BOQ_200181,"[""1780043235567_BOQ_200181.xls""]",tender-documents
3888_BOQ_325708,"[""1780126293888_BOQ_325708.xls""]",tender-documents
9601_SCHEDULE_26008,"[""1780481069601_SCHEDULE_26008.pdf""]",tender-documents
5276_STPS_449_01,"[""1780917795276_STPS_449_01_76091_28052026_TMD.pdf""]",tender-documents
1206_BOQ_620152,"[""1781329591206_BOQ_620152.xls""]",tender-documents
7761_ATC_0,"[""1781351267761_ATC_0a7ad0ff-d87b-4324-b6b41779332809668_OICLP3WG.pdf""]",tender-documents
8496_BOQ_615713,"[""1781685888496_BOQ_615713.xls""]",tender-documents
2216_29847_1859_26052026,"[""1781786482216_29847_1859_26052026_NIT_of_Cassettee_AC_Installati.pdf""]",tender-documents
9116_1010086931_2026,"[""1781847329116_1010086931_2026-06-13-16-51-23_1314800aa9090bd8f4a.pdf""]",tender-documents
0389_BOQ_390078,"[""1781869900389_BOQ_390078.xls""]",tender-documents
8302_ATC_35,"[""1781932648302_ATC_35d13058-e4e0-4fcd-9beb1781857610376_MM-45.pdf""]",tender-documents
8458_BOQ_327367,"[""1782216108458_BOQ_327367.xls""]",tender-documents
2505_BOQ_83266_1,"[""1782281852505_BOQ_83266_1_.xls""]",tender-documents
8575_BOQ_327948,"[""1782468968575_BOQ_327948.xls""]",tender-documents
2652_BCPL_2,"[""1782726282652_BCPL_2TR_FLAME_PROOF_AC_QTY-1_LAKWA.pdf""]",tender-documents
5703_BOQ_959662,"[""1782738455703_BOQ_959662.xls""]",tender-documents
2026_06_26_2,"[""1782817347281_ACE_Scanner_2026_06_26_2_.pdf"", ""1783921342089_ACE_Scanner_2026_06_26_2_.pdf""]",tender-documents
7413_ATC_319,"[""1782894087413_ATC_319be6a9-6641-404a-8a1a1781789620215_CPD_CMG_C.pdf""]",tender-documents
8024_IP_608668,"[""1782894088024_IP_608668ed-43a6-42f0-be3d1781789502687_CPD_CMG_CA.pdf""]",tender-documents
5058_ATC_7,"[""1783408115058_ATC_7ff794b2-ba68-4489-8ded1783078991383_souvik_mo.doc""]",tender-documents
0707_13_48_45,"[""1783412976520_Image_to_PDF_20260707_13_48_45__1_.pdf""]",tender-documents
2950_89756_477,"[""1783577892950_89756_477beda2-228b-4e4b-9c001783507470301_dycmmhl.pdf""]",tender-documents
7681_BOQ_1015044,"[""1783746897681_BOQ_1015044.xls""]",tender-documents
1990_ATC_4,"[""1784098681990_ATC_4f21f356-599a-46df-8d781784003770515_CONNANDED.pdf""]",tender-documents
6708_ATC_0263,"[""1784115306708_ATC_0263fd17-818c-49d5-a0311782738465092_buyerpatn.docx""]",tender-documents
5899_BOQ_112771,"[""1784204115899_BOQ_112771.xls""]",tender-documents
7811_BOQ_962323,"[""1784547857811_BOQ_962323.xls""]",tender-documents
5517_BOQ_962323,"[""1784548455517_BOQ_962323.xls""]",tender-documents
4532_BOQ_965438,"[""1785131424532_BOQ_965438.xls""]",tender-documents
8083_1_0,"[""1785134368083_1_0_TPDDL-ENGG-ENQ-400040175-26-27__2_.pdf""]",tender-documents
8500_1_1,"[""1785134368500_1_1_GCC-Composite_w_e_f__1_12_2020.pdf""]",tender-documents
9161_1_2,"[""1785134369161_1_2_Supplier_Sustainability_Index_Questionnaire_Ju.pdf""]",tender-documents
3969_HEEP_541,"[""1785223980613_STC_d361ac6c-df43-41ba-95a01784892003969_HEEP_541_.pdf""]",tender-documents
2960_TA_00136,"[""1785355012960_TA_00136-2026-27.pdf""]",tender-documents
5747_TA_00136,"[""1785355015747_TA_00136-2026-27.pdf""]",tender-documents
2026_12_28,"[""1785357605597_New_Doc_07-28-2026_12_28.pdf"", ""1785357609546_New_Doc_07-28-2026_12_28.pdf""]",tender-documents
6662_150AHRS_38,"[""1785393136662_150AHRS_38b08139-0345-4ec7-915c1785332885060_AEEVP.pdf""]",tender-documents
6687_RITBGPCSPC_5,"[""1785395046687_RITBGPCSPC_5a5d9148-da32-448b-806c1783664273579_bu.pdf""]",tender-documents
4570_ATC_55339,"[""1785406654570_ATC_55339bd8-c2b0-4007-87531784698638192_Bhavesh_d.pdf""]",tender-documents
9832_RS_371799_71,"[""1785476859832_RS_371799_71.jpeg""]",tender-documents
6739_RS_10075,"[""1785478676739_RS_10075.jpeg""]",tender-documents
0352_RS_7080,"[""1785479230352_RS_7080.jpeg""]",tender-documents
3193_RS_7080,"[""1785479723193_RS_7080.jpeg""]",tender-documents
1780_RS_3705_2,"[""1785480371780_RS_3705_2.jpeg""]",tender-documents
7684_RS_3681_6,"[""1785481177684_RS_3681_6.jpeg""]",tender-documents
6889_RS_3681_6,"[""1785481226889_RS_3681_6.jpeg""]",tender-documents
2524_RS_2053_20,"[""1785481372524_RS_2053_20.jpeg""]",tender-documents
9734_RS_2053_20,"[""1785482499734_RS_2053_20.jpeg""]",tender-documents
4258_Q2712_31072026_00000047821,"[""1785482724258_Q2712_31072026_00000047821Q2712_31072026_000000478.pdf""]",tender-documents
7171_RS_371799_71,"[""1785489037171_RS_371799_71.jpeg""]",tender-documents
5334_RS_10075,"[""1785489175334_RS_10075.jpeg""]",tender-documents
4436_RS_7080,"[""1785489414436_RS_7080.jpeg""]",tender-documents
0577_RS_3705_2,"[""1785491160577_RS_3705_2.jpeg""]",tender-documents
9037_Q2712_31072026_00000047821,"[""1785492469037_Q2712_31072026_00000047821Q2712_31072026_000000478.pdf""]",tender-documents
5088_BOQ_333850,"[""1785741715088_BOQ_333850.xls""]",tender-documents
9535_ATCPSDBG_6,"[""1785823939535_ATCPSDBG_6f88a7d3-3f49-4bd0-a8761785471700570_apo5.docx""]",tender-documents
1875_BOQ_966623,"[""1785828511875_BOQ_966623.xls""]",tender-documents
2002_ACSPEC_8,"[""1785848372002_ACSPEC_8aec9c4b-47ef-4e3a-ba141785147823624_dylib-.pdf""]",tender-documents
6403_NIT_8,"[""1785914936403_NIT_8d11ce00-c41d-44db-aa6f1785836928465_bycon1_nt.pdf""]",tender-documents
4374_NIT_8,"[""1785916004374_NIT_8d11ce00-c41d-44db-aa6f1785836928465_bycon1_nt.pdf""]",tender-documents
5326_ATC_1626,"[""1785916095326_ATC_1626_e5606c1a-e3c7-4b03-8e741785824068705_nrtc.pdf""]",tender-documents
7107_BOQ_333343,"[""1785917187107_BOQ_333343.xls""]",tender-documents
2548_2005_449176230_00,"[""1785925042548_2005_449176230_00_000__1_.pdf""]",tender-documents
2023_53_27,"[""1785934405456_Volks_Energie_Pvt_Ltd_rcv_2023_53_27-06-2026.pdf""]",tender-documents
2023_54_27,"[""1785934511637_Volks_Energie_Pvt_Ltd_rcv_2023_54_27-06-2026.pdf""]",tender-documents
2938_QC_67,"[""1786002172938_QC_67f21025-523d-4a16-851e1785913561536_buyer_ksfe.docx""]",tender-documents
9463_NITF_60521,"[""1786100489463_NITF_60521d22-5495-4e31-8aa21786013759991_Shefali_.pdf""]",tender-documents
2329_2KVA_16477,"[""1786170452329_2KVA_16477b46-86b3-4b75-b0251786111587158_supdt_pc.pdf""]",tender-documents
4539_017T_0,"[""1786423754539_017T_0d86e357-7d94-4c22-80dd1784628430893_ncrabuye.pdf""]",tender-documents
4168_BOQ_349020,"[""1786449354168_BOQ_349020.xls""]",tender-documents
0235_BOQ_352288,"[""1786514500235_BOQ_352288.xls""]",tender-documents
9186_ANNE_609,"[""1786607009186_ANNE_609f3a7d-7d8f-4026-aad61786013278088_shivkant.pdf""]",tender-documents
7838_ATC_24,"[""1786607657838_ATC_24b4c767-d454-4d81-b60d1786527379563_atulrawat.pdf""]",tender-documents
0850_ATC_342,"[""1786608100850_ATC_342f24a5-390b-443a-ad141785223283146_buycon52_.pdf""]",tender-documents
4235_BOQ_333689,"[""1786619934235_BOQ_333689.xls""]",tender-documents
9403_TD_407,"[""84079403_TD_407_PSxc.pdf_1748327599_1273659152.pdf""]",tender-documents
6743_TD_623,"[""84146743_TD_623_UzaW.pdf_1748502026_1936433959.pdf""]",tender-documents
8509_TD_928_5,"[""85268509_TD_928_5K9Y.pdf_1751350822_566839545.pdf""]",tender-documents
8716_TD_457,"[""87798716_TD_457_Q34m.pdf_1758007402_376469496.pdf""]",tender-documents
8716_TD_764,"[""87798716_TD_764_NsQA.pdf_1758007402_1900791419.pdf""]",tender-documents
8824_TD_585,"[""88018824_TD_585_c3q7.pdf_1758526393_1765463851.pdf""]",tender-documents
TS_BATCH_MS_353311976,"[""1766559880107_zoro-pfp-wallpapers.jpg""]",tender-documents
TS_BATCH_MS_353311998,"[""1766559992275_Employee_Imprest_Vouchers___Volks_Energie2.pdf""]",tender-documents
TS_BATCH_MS_354005262,"[""1770026313672_Tender_Book_2nd_call__charger.pdf""]",tender-documents
TS_BATCH_MS_354054061,"[""1770270305751_194026212.pdf"", ""1770270305935_194026211.pdf""]",tender-documents
TS_BATCH_MS_354054087,"[""1770270439357_194026211.pdf"", ""1770270439406_194026212.pdf""]",tender-documents
TS_BATCH_MS_354054123,"[""1770270616067_194026211.pdf"", ""1770270616089_194026212.pdf""]",tender-documents
TS_BATCH_MS_354054157,"[""1770270789286_194026211.pdf"", ""1770270789338_194026212.pdf""]",tender-documents
TS_BATCH_MS_354054746,"[""1770273732180_193909013.pdf"", ""1770273732361_193909014.pdf"", ""1770273732375_193909017.pdf"", ""1770273732394_193909018.pdf"", ""1770273732419_193909020.pdf""]",tender-documents
TS_BATCH_MS_354055091,"[""1770275455367_viewNitPdf_5275495__2_.pdf""]",tender-documents
TS_BATCH_MS_354074915,"[""1770374579080_Tendernotice_1__5_.pdf""]",tender-documents
TS_BATCH_MS_354175035,"[""1770875179586_ChecklistR_a4c1d8f3-e570-454c-996a1769172595830_VS.pdf""]",tender-documents
TS_BATCH_MS_354175073,"[""1770875366446_ChecklistR_a4c1d8f3-e570-454c-996a1769172595830_VS.pdf""]",tender-documents
TS_BATCH_MS_354175746,"[""1770878733219_LPP820_b1807f11-6d79-4b31-a9d11770789890600_tanjai.pdf""]",tender-documents
TS_BATCH_MS_354175927,"[""1770879635959_ACS1TO10.pdf"", ""1770879636394_T-25-26-24FullNotice-BatteryCharger.pdf"", ""1770879636481_T-25-26-24TenderDocument-BatteryCharger.pdf"", ""1770879636574_viewNitPdf_5273411.pdf""]",tender-documents
TS_BATCH_MS_354176122,"[""1770880614376_doc8193758714318298790.pdf""]",tender-documents
TS_BATCH_MS_354176226,"[""1770881134933_viewNitPdf_5273806__1_.pdf""]",tender-documents
TS_BATCH_MS_354176295,"[""1770881478744_eProcurement_System_Government_of_Himachal_Pradesh.pdf""]",tender-documents
TS_BATCH_MS_354176499,"[""1770882497777_97184939__1_.pdf""]",tender-documents
TS_BATCH_MS_354176575,"[""1770882879078_T-25-26-24FullNotice-BatteryCharger.pdf"", ""1770882879491_T-25-26-24TenderDocument-BatteryCharger.pdf"", ""1770882879593_viewNitPdf_5273411.pdf""]",tender-documents
TS_BATCH_MS_354176935,"[""1770884679559_Specs_d341396b-ef64-4758-ad981770380402429_aiia-st.pdf""]",tender-documents
TS_BATCH_MS_354178436,"[""1770892183448_194678386.pdf""]",tender-documents
TS_BATCH_MS_354192290,"[""1770961451602_1_Covering_Sheet___index__summary_sheet.doc"", ""1770961451605_2_Technical.doc""]",tender-documents
TS_BATCH_MS_354195257,"[""1770976285420_Corrigendum-3__1_.pdf""]",tender-documents
TS_BATCH_MS_354195390,"[""1770976952810_Tendernotice_1__44_.pdf""]",tender-documents
TS_BATCH_MS_354209440,"[""1771047204362_NALCO_PACKAGE_TECH_SPEC.pdf""]",tender-documents
TS_BATCH_MS_354209896,"[""1771049482861_doc6597382557786713344.pdf""]",tender-documents
TS_BATCH_MS_354261681,"[""1771308408207_IOCL_Mumbai.pdf""]",tender-documents
TS_BATCH_MS_354280337,"[""1771401689213_NCSM_CASSATE_ac.pdf""]",tender-documents
TS_BATCH_MS_354280381,"[""1771401908699_NCSM_CASSATE_ac.pdf""]",tender-documents
TS_BATCH_MS_354385422,"[""1771927111455_TechSpec_31fe1a79-24a8-4ef2-9f551771818601596_abhi.pdf""]",tender-documents
TS_BATCH_MS_354403765,"[""1772018827097_SPECIFICATION_DAE.pdf"", ""1772018827150_X_XI_XII_1fc3ffcd-9957-49c1-b84d1771908480620_apon.pdf""]",tender-documents
TS_BATCH_MS_354403908,"[""1772019543716_TC_merged_53c5a07e-adb8-4585-aa051771933309094_ssg.pdf""]",tender-documents
TS_BATCH_MS_354455432,"[""1772277161527_viewNitPdf_5300529.pdf""]",tender-documents
TS_BATCH_MS_354455676,"[""1772278382015_Specs1_4dc62919-666c-491c-9c8e1772098310035_storek.pdf""]",tender-documents
TS_BATCH_MS_354478415,"[""1772392079182_TC_d331839b-eed8-4ae6-85161771864735955_buyer4_hpc.pdf""]",tender-documents
TS_BATCH_MS_354487122,"[""1772435612953_Tendernotice_1__46_.pdf""]",tender-documents
TS_BATCH_MS_354504026,"[""1772520132172_GATC8061_cf9fbc3e-2f5e-4c6f-aab91770265330472_buyc.pdf""]",tender-documents
TS_BATCH_MS_354537795,"[""1772688977344_196796428.pdf"", ""1772688977379_196796430.pdf"", ""1772688977445_196796433.pdf""]",tender-documents
TS_BATCH_MS_354538635,"[""1772693175623_NR_Delhi.pdf""]",tender-documents
TS_BATCH_MS_354554863,"[""1772774318262_177Tender_22ca0964-3fdd-4183-bbb81772690505617_buy.pdf"", ""1772774319165_scc_sow_technical_specs_2026-02-28-16-52-54_69b0fd.pdf"", ""1772774319286_1772690218.xlsx""]",tender-documents
TS_BATCH_MS_354558711,"[""1772793557383_1771485923098_GTP_Format.docx""]",tender-documents
TS_BATCH_MS_354560098,"[""1772800490093_Tendernotice_1.pdf""]",tender-documents
TS_BATCH_MS_354575963,"[""1772879819809_TPDDL-ENGG-ENQ-200001913-25-26__1_.pdf""]",tender-documents
TS_BATCH_MS_354625402,"[""1773127012368_197275989.pdf"", ""1773127012566_197275990.pdf"", ""1773127012581_197275991.pdf""]",tender-documents
TS_BATCH_MS_354628788,"[""1773143942326_Tendernotice_1__53_.pdf""]",tender-documents
TS_BATCH_MS_354764246,"[""1773821234765_NIT_ATC_89e7ced2-89fb-4408-918c1773726297837_aab_c.pdf""]",tender-documents
TS_BATCH_MS_354764247,"[""1773821235208_tech_specification_2026-03-17-10-38-05_7bce9a0db6b.pdf""]",tender-documents
TS_BATCH_MS_354765281,"[""1773826406239_RFP678_Final_260309_224108__6_.pdf""]",tender-documents
TS_BATCH_MS_354766049,"[""1773830247653_RFP678_Final_260309_224108__6_.pdf""]",tender-documents
TS_BATCH_MS_354884656,"[""1774423280745_1774333426.pdf""]",tender-documents
TS_BATCH_MS_354902708,"[""1774513542931_NIT122.pdf""]",tender-documents
TS_BATCH_MS_354936204,"[""1774681021554_tc_2026-03-25-08-54-09_a71d4166a3b67197ee947a5516b.pdf""]",tender-documents
TS_BATCH_MS_354936538,"[""1774682693724_annexure-1_pdf_2026-03-25-16-33-30_56684fcc298d153.pdf""]",tender-documents
TS_BATCH_MS_354938347,"[""1774691739714_Annex_F_123c7e5c-9994-4e9b-ab211770893125661_buyer.pdf""]",tender-documents
TS_BATCH_MS_354939394,"[""1774696974731_atc44_8973afe1-27c5-41ec-b5301774420812024_buyer11.pdf""]",tender-documents
TS_BATCH_MS_354987775,"[""1774938876706_ET_-6215_Tender_Notice__3_.pdf"", ""1774938876830_ET_-6215_Tender_Document.pdf""]",tender-documents
TS_BATCH_MS_355022301,"[""1775111508164_GEM_ATC__74305155-428c-4f11-b2661774438259636_mohi.pdf"", ""1775111508725_ts_and_drawing_2026-02-26-12-25-29_adc7584c17426b1.pdf""]",tender-documents
TS_BATCH_MS_355022408,"[""1775112043429_1774333426__2_.pdf"", ""1775112043504_Spec_36b37e04-3883-4a4c-9b2c1774334745385_mysdivge.pdf""]",tender-documents
TS_BATCH_MS_355091159,"[""1775455797085_NIT_RNDUPS_6c96728c-a488-48da-bd701775314233395_RN.pdf"", ""1775455797281_1775308534.pdf""]",tender-documents
TS_BATCH_MS_355093611,"[""1775468059921_technical_specification_.pdf""]",tender-documents
TS_BATCH_MS_355109332,"[""1775546661057_Tendernotice_1__53_.pdf""]",tender-documents
TS_BATCH_MS_355125576,"[""1775627882505_QRs_d96d617e-3aaa-4fbe-aaa51774858132243_dccomnraj.pdf""]",tender-documents
TS_BATCH_MS_355147108,"[""1775735541485_cellspec_2026-03-14-11-21-37_9fdb3064baa40c7e0c45c.pdf""]",tender-documents
TS_BATCH_MS_355211066,"[""1776055334207_ATC_doc_ebccbbcb-7f84-46cf-b8981775108107209_sonal.doc"", ""1776055334473_techdatasheet_2026-04-02-10-47-58_34b8ca52f8fcef96.pdf""]",tender-documents
TS_BATCH_MS_355212303,"[""1776061519123_OnlineUPS_d36e0a97-cccf-4531-8c1c1775482321710_con.pdf""]",tender-documents
TS_BATCH_MS_355229914,"[""1776149573269_tech_doc_merged_2026-04-13-09-45-31_0429c3dc210282.pdf""]",tender-documents
TS_BATCH_MS_355246340,"[""1776231700071_188022026-0091.pdf""]",tender-documents
TS_BATCH_MS_355265446,"[""1776327234590_biju_rourkela.pdf""]",tender-documents
TS_BATCH_MS_355267216,"[""1776336082350_TENDER.pdf""]",tender-documents
TS_BATCH_MS_355281228,"[""1776406141501_atc_f6e54f82-c4a1-476f-8fba1776238033106_SRINIVAS_.pdf""]",tender-documents
TS_BATCH_MS_355281818,"[""1776409094218_CheckList_75c22a3c-a5db-4ee2-bdb81776318569458_NEE.docx"", ""1776409094222_technical_2026-04-09-10-28-05_36163535d3210569e6ee.pdf"", ""1776409094563_CheckList_75c22a3c-a5db-4ee2-bdb81776318569458_NEE.docx""]",tender-documents
TS_BATCH_MS_355337646,"[""1776688232277_1776423438__3_.pdf""]",tender-documents
TS_BATCH_MS_355367298,"[""1776836490827_1776423438__3_.pdf""]",tender-documents
TS_BATCH_MS_355368290,"[""1776841451101_atcups_2026-04-21-19-10-29_361a08b7f9c8ab8d8292104.pdf""]",tender-documents
TS_BATCH_MS_355370976,"[""1776854884075_aiims_gzb.pdf""]",tender-documents
TS_BATCH_MS_355385294,"[""1776926474502_BOQ_HPCL.pdf""]",tender-documents
TS_BATCH_MS_355387420,"[""1776937101901_29TechnicalPart.pdf"", ""1776937102022_Tendernotice_1__4_.pdf""]",tender-documents
TS_BATCH_MS_355389764,"[""1776948820765_Tender_documents.pdf""]",tender-documents
TS_BATCH_MS_355454239,"[""1777271198136_BSF___.pdf"", ""1777271198157_Tendernotice_1_-_2026-04-27T115550_090.pdf""]",tender-documents
TS_BATCH_MS_355457555,"[""1777287775598_Tender_9c66af6f-45bc-4487-af951776077118891_GAIL-R.pdf""]",tender-documents
TS_BATCH_MS_355472300,"[""1777361504792_1776326897.pdf"", ""1777361504853_ATC_a084b45f-ea1d-4ae8-86be1776333353193_buyerdelh.docx""]",tender-documents
TS_BATCH_MS_355475785,"[""1777378929894_spec_2026-04-08-17-36-56_b59b7cc1d592f1a8c5704f407.pdf""]",tender-documents
TS_BATCH_MS_355506926,"[""1777534631530_ATC_bf9c8e83-a0c8-4049-a65d1777397578342_buyer23_u.pdf""]",tender-documents
TS_BATCH_MS_355526277,"[""1777631387595_1776777025.pdf"", ""1777631387740_1776777001.pdf"", ""1777631387988_1777542812.pdf""]",tender-documents
TS_BATCH_MS_355539765,"[""1777698825647_Tendernotice_1__56_.pdf""]",tender-documents
TS_BATCH_MS_355539806,"[""1777699030036_Tendernotice_1__56_.pdf""]",tender-documents
TS_BATCH_MS_355539855,"[""1777699278528_Tendernotice_1__56_.pdf""]",tender-documents
TS_BATCH_MS_355540053,"[""1777700267646_Tendernotice_2__2_.pdf""]",tender-documents
TS_BATCH_MS_355543916,"[""1777719584072_TechnicalBid.xls"", ""1777719584073_TenderDocumentET1.pdf""]",tender-documents
TS_BATCH_MS_355543918,"[""1777719591763_Tendernotice_1__7_.pdf"", ""1777719591850_Tendernotice_2.pdf""]",tender-documents
TS_BATCH_MS_355575175,"[""1777875879214_tendersDataFiles_eprocurement_mahagenco_in_3000068.pdf"", ""1777875879273_tendersDataFiles_eprocurement_mahagenco_in_3000068.pdf""]",tender-documents
TS_BATCH_MS_355610256,"[""1778051283549_1774945990__1_.pdf""]",tender-documents
TS_BATCH_MS_355717883,"[""1778589419805_binder1_2026-04-30-10-46-31_7174e78359779e3b2e41c7.pdf""]",tender-documents
TS_BATCH_MS_355747807,"[""1778739038433_MSPGCL.pdf""]",tender-documents
TS_BATCH_MS_355747923,"[""1778739617314_1775308534__1_.pdf""]",tender-documents
TS_BATCH_MS_355766139,"[""1778830695145_ATCRevised_78173cd6-4728-49cc-b9c71778496054919_gs.pdf"", ""1778830695578_technical_specification_2026-05-02-11-52-38_0c945e.pdf""]",tender-documents
TS_BATCH_MS_355784932,"[""1778924661477_NOTICE_INVITING_TENDER.pdf"", ""1778924661487_SHORT_QR.pdf""]",tender-documents
TS_BATCH_MS_355818274,"[""1779091374886_1_kva_online_ups_power_board_psdr_make_bpe__dc_vol.pdf""]",tender-documents
TS_BATCH_MS_355818368,"[""1779091843507_ET_-6215_Tender_Document.pdf"", ""1779091844131_ET_-6215_Tender_Notice.pdf"", ""1779091844166_View_NIT_1.pdf""]",tender-documents
TS_BATCH_MS_355818420,"[""1779092104086_ET_-6207_Tender_Document.pdf""]",tender-documents
TS_BATCH_MS_355818421,"[""1779092105104_ET_-6207_Tender_Notice.pdf"", ""1779092105191_View_NIT.pdf""]",tender-documents
TS_BATCH_MS_355838284,"[""1779191420277_EOI_FOR_CENTRALIZED_EMPANELMENT_OF_BACK-END_PARTNE.pdf""]",tender-documents
TS_BATCH_MS_355941291,"[""1779706459625_RFP_of_25_Air_Conditioners_with_Stablizers_and_ins.pdf""]",tender-documents
TS_BATCH_MS_355941444,"[""1779707221401_RFP_of_25_Air_Conditioners_with_Stablizers_and_ins.pdf""]",tender-documents
TS_BATCH_MS_355959805,"[""1779799026499_ATC_DOC.pdf"", ""1779799026612_inspec-_smallpdf_-2_2026-05-11-14-02-07_c03ba1e259.pdf""]",tender-documents
TS_BATCH_MS_355972104,"[""1779860520497_techspec.pdf"", ""1779860520890_tenderdoc.pdf""]",tender-documents
TS_BATCH_MS_355977274,"[""1779886373174_Tendernotice_1__66_.pdf""]",tender-documents
TS_BATCH_MS_356008646,"[""1780043234953_SOR_HVAC_MPSO.pdf""]",tender-documents
TS_BATCH_MS_356008647,"[""1780043235169_NIT__1_.pdf"", ""1780043235565_Declaration.xls"", ""1780043235569_Tender-Acceptance-Format.pdf""]",tender-documents
TS_BATCH_MS_356010569,"[""1780052845158_msetcl.pdf""]",tender-documents
TS_BATCH_MS_356010658,"[""1780053294189_GSECL.pdf""]",tender-documents
TS_BATCH_MS_356025286,"[""1780126434914_Tenderdocumentac_compressed.pdf""]",tender-documents
TS_BATCH_MS_356058885,"[""1780294426067_Book-I_GTC.pdf"", ""1780294426450_BOQ_-_Price_Schedules.xlsx"", ""1780294426456_Buyback_Rate_Schedule.xlsx"", ""1780294426462_Guidline_for_Buyback_Quote.pdf""]",tender-documents
TS_BATCH_MS_356077776,"[""1780388883444_TndrDoc14f_4c5ef757-1a32-4458-a5471779267702302_bu.pdf"", ""1780388883570_technicalspecsall_2026-05-19-16-45-57_9399789602f3.pdf"", ""1780388883837_1779191318.pdf""]",tender-documents
TS_BATCH_MS_356078763,"[""1780393815968_1778841086.pdf""]",tender-documents
TS_BATCH_MS_356078875,"[""1780394378763_100734415.pdf""]",tender-documents
TS_BATCH_MS_356078880,"[""1780394402351_5599270.pdf"", ""1780394402847_5580369.pdf""]",tender-documents
TS_BATCH_MS_356094137,"[""1780470686681_tec-gr-pi-bat-001-04-jun-11_2026-03-08-02-45-14_e5.pdf"", ""1780470687090_1779624402.pdf""]",tender-documents
TS_BATCH_MS_356094138,"[""1780470693504_1779624318.jpg""]",tender-documents
TS_BATCH_MS_356096213,"[""1780481069380_APPROVED_MAKES_ELECTRICAL.pdf"", ""1780481069407_APPROVED_MAKES_AC.pdf"", ""1780481069460_ANNEXURE_I.pdf"", ""1780481069541_GCC_AMENDMENTS.pdf""]",tender-documents
TS_BATCH_MS_356110083,"[""1780550416626_QRS_TDS_d66b5e55-5826-4a7f-8a831779517698657_comnb.pdf""]",tender-documents
TS_BATCH_MS_356113030,"[""1780565152170_310940.pdf""]",tender-documents
TS_BATCH_MS_356113874,"[""1780569373154_67211_ffb157b1-756f-461e-a1fe1780475787317_nitya_u.pdf""]",tender-documents
TS_BATCH_MS_356114911,"[""1780574558373_HPGCL_.pdf"", ""1780574558467_Tendernotice_1_-_2026-06-04T172432_277.pdf""]",tender-documents
TS_BATCH_MS_356128480,"[""1780642400781_viewNitPdf_5414838__1_.pdf""]",tender-documents
TS_BATCH_MS_356145524,"[""1780727622346_1780552776.pdf""]",tender-documents
TS_BATCH_MS_356145582,"[""1780727910416_ts_final_30_kva_2026-06-03-08-41-21_cea3e01c6481d0.pdf""]",tender-documents
TS_BATCH_MS_356146185,"[""1780730925019_sow432_31225d0e-2b7e-4963-af341780399925916_DCMM_P.pdf"", ""1780730925030_tecspc-432_2026-06-02-15-32-18_44464585203d66ae790.pdf""]",tender-documents
TS_BATCH_MS_356179815,"[""1780899075670_tender_1780735396__1_.pdf""]",tender-documents
TS_BATCH_MS_356179876,"[""1780899384432_NITdocument.pdf"", ""1780899384742_PQR.pdf"", ""1780899384751_TechnocommercialBid.pdf""]",tender-documents
TS_BATCH_MS_356197742,"[""1780988714513_312315.pdf""]",tender-documents
TS_BATCH_MS_356199701,"[""1780998507814_EMD_BG_Format__New_.pdf"", ""1780998507986_Financial_Document_Annexure_-_I.pdf"", ""1780998508241_Revised_Commercial_Terms_and_Conditions.pdf""]",tender-documents
TS_BATCH_MS_356199704,"[""1780998520801_EMD_BG_Format__New_.pdf""]",tender-documents
TS_BATCH_MS_356214472,"[""1781072363913_1777891864.jpg"", ""1781072364153_1778732848.pdf"", ""1781072364160_1778732874.pdf"", ""1781072364177_1778732926.pdf""]",tender-documents
TS_BATCH_MS_356214534,"[""1781072673099_101139121.pdf""]",tender-documents
TS_BATCH_MS_356215544,"[""1781077720839_1778732926.pdf""]",tender-documents
TS_BATCH_MS_356217848,"[""1781089240839_specification_upload_2026-05-27-10-24-41_9d959b5c6.pdf""]",tender-documents
TS_BATCH_MS_356251596,"[""1781257980804_approved_ts_2026-05-15-11-55-48_a2c52bdad80fdbf0b3.pdf"", ""1781257980840_NIT_a996749a-2588-4002-b7ea1778828391129_rajat_cha.docx""]",tender-documents
TS_BATCH_MS_356265918,"[""1781329591207_eProcurement_System_Government_of_Madhya_Pradesh_U.pdf"", ""1781329591339_ReTS-10BatterySet.pdf"", ""1781329591774_Tendernotice_1__58_.pdf""]",tender-documents
TS_BATCH_MS_356266628,"[""1781333143657_ACCEPTANCE_FORM_FOR_PARTICIPATION_IN_REVERSE_AUCTI.docx"", ""1781333143661_BID2100000852_PDF.pdf"", ""1781333143738_BOQ__3_.xlsx"", ""1781333143742_COMMERCIAL_TERMS_AND_CONDITIONS__1_.xls"", ""1781333143744_NO_DEVIATION_SHEET__1_.xls""]",tender-documents
TS_BATCH_MS_356270132,"[""1781350664330_ATC_a3d11ee3-a56e-4618-b4e41781158778951_purchase_.pdf""]",tender-documents
TS_BATCH_MS_356302298,"[""1781511493910_BID_DOCUMENT__4_.pdf""]",tender-documents
TS_BATCH_MS_356303542,"[""1781517711931_ACCEPTANCE_FORM_FOR_PARTICIPATION_IN_REVERSE_AUCTI.docx"", ""1781517711935_BID2100000853_PDF.pdf"", ""1781517711987_BOQ__4_.xlsx"", ""1781517711997_COMMERCIAL_TERMS_AND_CONDITIONS__2_.xls"", ""1781517712007_NO_DEVIATION_SHEET__3_.xls""]",tender-documents
TS_BATCH_MS_356318368,"[""1781591841766_1781536338.pdf"", ""1781591842863_UPSGKP_fc4c0531-6e46-44da-86171781536582777_buyer1.pdf"", ""1781591843699_specifications_2026-06-15-20-34-39_7c172a1294ccf19.pdf""]",tender-documents
TS_BATCH_MS_356320481,"[""1781602406686_Technical_Bid-HO_VRF_AC_Tender_11zon.pdf""]",tender-documents
TS_BATCH_MS_356320483,"[""1781602418403_Financial_Bid-HO_VRF_AC_Tender.pdf""]",tender-documents
TS_BATCH_MS_356337183,"[""1781685918041_NEWSBD_compressed.pdf""]",tender-documents
TS_BATCH_MS_356352858,"[""1781764294824_ATCfinal_9444e8c0-6c4f-4387-9b031781604533345_aeai.pdf""]",tender-documents
TS_BATCH_MS_356357292,"[""1781786462337_29599_Tender_Documents.pdf""]",tender-documents
TS_BATCH_MS_356357293,"[""1781786468619_29413_TECHNICALBIDSHEET.xls""]",tender-documents
TS_BATCH_MS_356357295,"[""1781786477362_29720_Cassett_AC.docx""]",tender-documents
TS_BATCH_MS_356357297,"[""1781786487058_40379_FINANCIALBIDSHEET.xls""]",tender-documents
TS_BATCH_MS_356369465,"[""1781847329222_ATCatatch_6d989114-8ad3-4333-8bf41781350839900_r_m.pdf""]",tender-documents
TS_BATCH_MS_356370314,"[""1781851572534_APPEN_e842af71-307d-44af-89e71780473641368_azdar_9.docx""]",tender-documents
TS_BATCH_MS_356372344,"[""1781861720434_DetailedNIT.pdf""]",tender-documents
TS_BATCH_MS_356373980,"[""1781869900392_document.pdf""]",tender-documents
TS_BATCH_MS_356386529,"[""1781932648687_101506129.pdf""]",tender-documents
TS_BATCH_MS_356390213,"[""1781951065231_NALCO_technical_specification__2026.pdf""]",tender-documents
TS_BATCH_MS_356438925,"[""1782194629279_sd_2026-06-11-17-50-41_e4ea8ec236384c41d2b003b9863.pdf""]",tender-documents
TS_BATCH_MS_356443221,"[""1782216108460_Tendernotice_1.pdf""]",tender-documents
TS_BATCH_MS_356456366,"[""1782281832850_Tendernotice_1__71_.pdf""]",tender-documents
TS_BATCH_MS_356457098,"[""1782285490778_tenderdocument-1-60.pdf""]",tender-documents
TS_BATCH_MS_356474837,"[""1782374185945_PDD_.pdf"", ""1782374186000_Tendernotice_1_-_2026-06-25T132535_732.pdf""]",tender-documents
TS_BATCH_MS_356475538,"[""1782377691606_PO_VE_SCSL_Gurgaon_PAHU_2627_PO0013.pdf""]",tender-documents
TS_BATCH_MS_356475589,"[""1782377948262_XI_PBG_9406141a-603d-4fc9-ab9f1782214710689_mprpum.pdf"", ""1782377948466_tech_spec_2026-05-04-13-25-44_ee8f293b5811f2684a3e.pdf""]",tender-documents
TS_BATCH_MS_356477561,"[""1782387806152_PO_VE_TPDDL_New_Delhi_Split_2627_PO0015.pdf""]",tender-documents
TS_BATCH_MS_356490369,"[""1782451849216_gail_jhbdpl_kbm_invoice.pdf""]",tender-documents
TS_BATCH_MS_356490454,"[""1782452272250_pgcil_wagoora_kbm.pdf""]",tender-documents
TS_BATCH_MS_356490508,"[""1782452543530_bhel_kbm.pdf""]",tender-documents
TS_BATCH_MS_356493248,"[""1782466241857_TenderDocAC.pdf""]",tender-documents
TS_BATCH_MS_356493404,"[""1782467023624_VIJAY_INVOICE.jpeg""]",tender-documents
TS_BATCH_MS_356493605,"[""1782468025864_Bill_No_30___22K.pdf""]",tender-documents
TS_BATCH_MS_356493793,"[""1782468968588_TenderDocAC.pdf""]",tender-documents
TS_BATCH_MS_356494254,"[""1782471272954_IOCL_Vadodara_baba_ji_po.pdf""]",tender-documents
TS_BATCH_MS_356494515,"[""1782472579087_WhatsApp_Image_2026-06-25_at_10_21_50_AM__1_.jpeg""]",tender-documents
TS_BATCH_MS_356494528,"[""1782472641360_WhatsApp_Image_2026-06-25_at_10_21_50_AM__1_.jpeg""]",tender-documents
TS_BATCH_MS_356494550,"[""1782472753139_WhatsApp_Image_2026-06-25_at_10_21_50_AM__1_.jpeg""]",tender-documents
TS_BATCH_MS_356495681,"[""1782478406735_WhatsApp_Image_2026-06-26_at_5_18_27_PM.jpeg""]",tender-documents
TS_BATCH_MS_356495783,"[""1782478915100_WhatsApp_Image_2026-06-26_at_5_18_57_PM.jpeg""]",tender-documents
TS_BATCH_MS_356507725,"[""1782538625371_ET_-6223_Tender_Document__4_.pdf"", ""1782538626145_ET_-6223_Revised_Tender_Document__2_.pdf""]",tender-documents
TS_BATCH_MS_356508884,"[""1782544420607_Volks_PI_0691__1_.pdf""]",tender-documents
TS_BATCH_MS_356510724,"[""1782553623859_annexure_i_and_ii_2026-06-09-11-37-35_f44515f8ccf1.pdf""]",tender-documents
TS_BATCH_MS_356511242,"[""1782556210204_tender_documents.pdf""]",tender-documents
TS_BATCH_MS_356511243,"[""1782556217620_1782467879__2_.pdf""]",tender-documents
TS_BATCH_MS_356511245,"[""1782556227668_1782467448__1_.xlsx""]",tender-documents
TS_BATCH_MS_356511271,"[""1782556359565_tender_documents.pdf""]",tender-documents
TS_BATCH_MS_356511273,"[""1782556365319_1782467879__2_.pdf""]",tender-documents
TS_BATCH_MS_356511274,"[""1782556370854_1782467448__1_.xlsx""]",tender-documents
TS_BATCH_MS_356511704,"[""1782558523223_Bill_No_30___22K.pdf""]",tender-documents
TS_BATCH_MS_356512306,"[""1782561533502_VOLKS_PI_S2610102.pdf""]",tender-documents
TS_BATCH_MS_356512658,"[""1782563291764_Volks_Energie_Private_Limited_-_PI__2_.pdf""]",tender-documents
TS_BATCH_MS_356512692,"[""1782563462094_Volks_Energie_Pvt__Ltd___2___1_.pdf""]",tender-documents
TS_BATCH_MS_356512727,"[""1782563635399_Volks_Energie_Private_Limited_-_PI__2_.pdf""]",tender-documents
TS_BATCH_MS_356512775,"[""1782563875645_PO_VE_IGGL_BBC_Ni_Cd_DIPL_SGPL_2627_PO0012_v-2026-.pdf""]",tender-documents
TS_BATCH_MS_356543789,"[""1782718945680_Tendernotice_1_-_2026-06-29T130834_207.pdf""]",tender-documents
TS_BATCH_MS_356543841,"[""1782719205181_boq_with_technical_specification_2026-06-09-12-21-.pdf""]",tender-documents
TS_BATCH_MS_356545850,"[""1782729250026_WhatsApp_Image_2026-06-29_at_3_36_45_PM.jpeg""]",tender-documents
TS_BATCH_MS_356547691,"[""1782738455667_Blankschedule.pdf"", ""1782738455712_Performa.pdf"", ""1782738455804_ScheduleA.pdf"", ""1782738455854_TECHNICAL_BID_BARC_CSD_ET_7_2026_2027.xls""]",tender-documents
TS_BATCH_MS_356559627,"[""1782798139271_Garima_Kumar-G26-2719_ok.pdf""]",tender-documents
TS_BATCH_MS_356560010,"[""1782800053139_VE_TPDDL_New_Delhi_Split_2627_WO0005_v-2026-06-30_.pdf""]",tender-documents
TS_BATCH_MS_356561384,"[""1782806923431_PI_-_Volks.pdf""]",tender-documents
TS_BATCH_MS_356561411,"[""1782807056552_PO_FOR_Nicd_I_C_Gail_Ranchi.pdf""]",tender-documents
TS_BATCH_MS_356561438,"[""1782807190958_DocScanner_Jun_24__2026_5-21_PM.pdf""]",tender-documents
TS_BATCH_MS_356561465,"[""1782807328820_DocScanner_Jun_24__2026_5-20_PM.pdf""]",tender-documents
TS_BATCH_MS_356561825,"[""1782809128754_DocScanner_Jun_24__2026_5-23_PM.pdf""]",tender-documents
TS_BATCH_MS_356564013,"[""1782820069054_lallan_saroj_bill_.jpeg""]",tender-documents
TS_BATCH_MS_356564063,"[""1782820316696_PI_VOLKS.pdf""]",tender-documents
TS_BATCH_MS_356578817,"[""1782894087411_1781767147.xlsx""]",tender-documents
TS_BATCH_MS_356578886,"[""1782894432013_PO_VE_TPDDL_New_Delhi_Split_2627_PO0029_v-2026-07-.pdf""]",tender-documents
TS_BATCH_MS_356579847,"[""1782899236883_ITC_PO_of_OIL_INDIA_DULIAJAN_.pdf""]",tender-documents
TS_BATCH_MS_356581366,"[""1782906834363_VOLX_ENERGIE.pdf""]",tender-documents
TS_BATCH_MS_356581791,"[""1782908959934_Invoice_no_-37.pdf""]",tender-documents
TS_BATCH_MS_356595405,"[""1782977026438_ts-ncn0343_2026-06-26-14-31-45_430bb3b054fd567394c.pdf"", ""1782977026872_Published_GeM-Bid-_7715064.pdf""]",tender-documents
TS_BATCH_MS_356596979,"[""1782984898613_Merged_eb25adaf-6381-4963-b71a1782727490280_buyer2.pdf""]",tender-documents
TS_BATCH_MS_356597622,"[""1782988111640_Volks_Energie_Inv_No_109.pdf""]",tender-documents
TS_BATCH_MS_356598940,"[""1782994700210_TS.pdf""]",tender-documents
TS_BATCH_MS_356599211,"[""1782996059155_WhatsApp_Image_2026-07-02_at_6_06_10_PM.jpeg""]",tender-documents
TS_BATCH_MS_356613345,"[""1783066728513_DocScanner_Jun_19__2026_3-10_PM.pdf""]",tender-documents
TS_BATCH_MS_356613490,"[""1783067450465_GT-25_Volks_Energie_Private_Limited.pdf""]",tender-documents
TS_BATCH_MS_356614170,"[""1783070850632_DocScanner_Jun_19__2026_3-10_PM.pdf""]",tender-documents
TS_BATCH_MS_356615251,"[""1783076257662_VE_HAL_Bangalore_TAC_2627_WO0007_v-2026-06-30_15-5.pdf""]",tender-documents
TS_BATCH_MS_356616525,"[""1783082626681_17830825666969174413385986513817.jpg""]",tender-documents
TS_BATCH_MS_356616652,"[""1783083261583_VE_AAI_Rajkot_Precision_2627_WO0008_v-2026-07-03_1.pdf""]",tender-documents
TS_BATCH_MS_356618270,"[""1783091354214_What-9829.jpeg""]",tender-documents
TS_BATCH_MS_356618370,"[""1783091851490_w-RS.jpeg"", ""1783091851810_W53690.jpeg""]",tender-documents
TS_BATCH_MS_356628854,"[""1783144272227_VE_AAI_Rajkot_Precision_2627_WO0008_v-2026-07-03_1.pdf""]",tender-documents
TS_BATCH_MS_356628900,"[""1783144503369_VE_AAI_Rajkot_Precision_2627_WO0008_v-2026-07-03_1.pdf""]",tender-documents
TS_BATCH_MS_356629467,"[""1783147336696_Tendernotice_1_-_2026-07-04T112337_661.pdf""]",tender-documents
TS_BATCH_MS_356632209,"[""1783161048804_TAX_INVOICE_1068.pdf""]",tender-documents
TS_BATCH_MS_356632561,"[""1783162808557_Asif_po_through_TMS.pdf""]",tender-documents
TS_BATCH_MS_356634810,"[""1783174050043_Raisudeen_bill_.jpeg""]",tender-documents
TS_BATCH_MS_356635000,"[""1783175001007_Biswanath_bill.jpeg""]",tender-documents
TS_BATCH_MS_356635053,"[""1783175269773_lallan_saroj_bill_.jpeg""]",tender-documents
TS_BATCH_MS_356663608,"[""1783318044102_VOLKAS_QN_149.pdf""]",tender-documents
TS_BATCH_MS_356664599,"[""1783322995979_WhatsApp_Image_2026-07-03_at_9_31_04_PM.jpeg""]",tender-documents
TS_BATCH_MS_356666839,"[""1783334195072_ATC_abe92b57-0ad3-4371-90771781695832968_vadivamb_.pdf""]",tender-documents
TS_BATCH_MS_356666874,"[""1783334374089_ISRO_TS_14_TON_PAC.pdf""]",tender-documents
TS_BATCH_MS_356667515,"[""1783337579049_QCR_-_EAR_Quote_-Volks__2_.xlsx""]",tender-documents
TS_BATCH_MS_356668050,"[""1783340250051_haier_po_for_service_and_installed_ac.pdf""]",tender-documents
TS_BATCH_MS_356668130,"[""1783340651603_QCR_-_EAR_Quote_-Volks__2_1.pdf""]",tender-documents
TS_BATCH_MS_356668236,"[""1783341184239_Pakhi_26-27_112_VOLKS_ENERGIE_PRIVATE_LIMITED.pdf""]",tender-documents
TS_BATCH_MS_356668266,"[""1783341334321_Volks_Pi_0706.pdf""]",tender-documents
TS_BATCH_MS_356668338,"[""1783341692766_veerco-Sale-VC-2026-27-3117-111741.pdf""]",tender-documents
TS_BATCH_MS_356668649,"[""1783343247540_ITPL-SlQt-88-135830010720261358326315.pdf""]",tender-documents
TS_BATCH_MS_356668797,"[""1783343986449_06.pdf""]",tender-documents
TS_BATCH_MS_356668896,"[""1783344480922_PHOTO-2026-07-05-11-09-48_jpg.jpeg"", ""1783344481114_volks_PI.pdf""]",tender-documents
TS_BATCH_MS_356680133,"[""1783400666095_volks_PI__1_.pdf""]",tender-documents
TS_BATCH_MS_356680167,"[""1783400835215_volks_PI__1_.pdf""]",tender-documents
TS_BATCH_MS_356680192,"[""1783400964008_volks_PI__1_.pdf""]",tender-documents
TS_BATCH_MS_356681278,"[""1783406390334_1782737710.pdf""]",tender-documents
TS_BATCH_MS_356683772,"[""1783418862297_WhatsApp_Image_2026-07-07_at_2_20_13_PM.jpeg""]",tender-documents
TS_BATCH_MS_356684972,"[""1783424861826_VE_BEL_Uttar_Pradesh_UPS_2627_WO0003_v-2026-06-29_.pdf""]",tender-documents
TS_BATCH_MS_356685122,"[""1783425612752_GAIL_JAIPUR_SAFT_PO.pdf""]",tender-documents
TS_BATCH_MS_356685195,"[""1783425978827_Revised_NELLORE_PO_FOR_SAFT.pdf""]",tender-documents
TS_BATCH_MS_356685740,"[""1783428702023_WhatsApp_Image_2026-06-06_at_16_54_55.jpeg""]",tender-documents
TS_BATCH_MS_356686127,"[""1783430635179_WhatsApp_Image_2026-06-06_at_16_54_55__1_.jpeg""]",tender-documents
TS_BATCH_MS_356686152,"[""1783430760463_1782820316696_PI_VOLKS.pdf""]",tender-documents
TS_BATCH_MS_356686175,"[""1783430876370_ADARSH-01.pdf""]",tender-documents
TS_BATCH_MS_356697800,"[""1783489002495_VE_NSPCL_New_Delhi_Ductable_2627_WO0013_v-2026-07-.pdf""]",tender-documents
TS_BATCH_MS_356698665,"[""1783493329614_Revised_NELLORE_PO_FOR_SAFT.pdf""]",tender-documents
TS_BATCH_MS_356698766,"[""1783493834896_sitc_of_40_kva_on-line_ups_with_battery_bank_and_i.pdf""]",tender-documents
TS_BATCH_MS_356698863,"[""1783494316051_ms_welding_works.pdf""]",tender-documents
TS_BATCH_MS_356700935,"[""1783504679522_WhatsApp_Image_2026-07-08_at_3_27_24_PM.jpeg""]",tender-documents
TS_BATCH_MS_356700941,"[""1783504707165_WhatsApp_Image_2026-07-08_at_3_27_24_PM.jpeg""]",tender-documents
TS_BATCH_MS_356701046,"[""1783505234482_Renewal_of_Agreement_with_Volks.pdf""]",tender-documents
TS_BATCH_MS_356701792,"[""1783508964687_1753168515_basicdetails.pdf""]",tender-documents
TS_BATCH_MS_356702501,"[""1783512507043_latest_WO.pdf""]",tender-documents
TS_BATCH_MS_356702718,"[""1783513591453_Volks_Energie_Private_Limited_-_PI.pdf""]",tender-documents
TS_BATCH_MS_356702939,"[""1783514697853_TECHNICAL_SPECIFICATION_NACLO_ANGUL.pdf""]",tender-documents
TS_BATCH_MS_356703079,"[""1783515395412_BOQ_for_HVAC_Upgradation__003_.xlsx""]",tender-documents
TS_BATCH_MS_356703370,"[""1783516850221_Volks_Energie_Pvt__Ltd__PTS_26-27_12_01-07-2026.pdf""]",tender-documents
TS_BATCH_MS_356716094,"[""1783580472231_GAIL_JAIPUR_DRAFT_BG_FOR_SOLAR__1_.docx""]",tender-documents
TS_BATCH_MS_356716585,"[""1783582927521_PO_for_6SWE_Wire.pdf""]",tender-documents
TS_BATCH_MS_356716799,"[""1783583996488_VOLKS_ENERGIE_Sales_1152_26-27_GST.pdf""]",tender-documents
TS_BATCH_MS_356717154,"[""1783585774659_PROFORMA_BANK_GUARANTEE_GAIL_New.docx""]",tender-documents
TS_BATCH_MS_356718305,"[""1783591527953_Tax_Invoice_EE_26-27_235_07_07_26_ORIGINAL.pdf""]",tender-documents
TS_BATCH_MS_356718758,"[""1783593791140_aps_nagrota.pdf""]",tender-documents
TS_BATCH_MS_356719585,"[""1783597927676_PGCIL_Bihar_BG_AZSIPBG261830002__1_.pdf""]",tender-documents
TS_BATCH_MS_356719588,"[""1783597941429_Contract_Agreement.pdf""]",tender-documents
TS_BATCH_MS_356719732,"[""1783598664671_VE_HAL_Bangalore_TAC_2627_WO0007_v-2026-06-30_15-5.pdf""]",tender-documents
TS_BATCH_MS_356720550,"[""1783602754468_PO_VE_MSSPL_Cassette_2627_PO0044.pdf""]",tender-documents
TS_BATCH_MS_356720553,"[""1783602769174_CANCEL_CHQ_6609.pdf""]",tender-documents
TS_BATCH_MS_356733023,"[""1783665119024_nit_documents_2026-07-09-16-45-36_9876f028747df1c2.pdf""]",tender-documents
TS_BATCH_MS_356733855,"[""1783669275231_72bde46a-5fc8-44b6-aa98-34f26d1f2fe5.jpg""]",tender-documents
TS_BATCH_MS_356734745,"[""1783673729094_shiva_sales_tools_bill.pdf""]",tender-documents
TS_BATCH_MS_356749378,"[""1783746893518_SBD.pdf""]",tender-documents
TS_BATCH_MS_356750103,"[""1783750516082_GEM.pdf"", ""1783750516362_TECHNICA_.pdf""]",tender-documents
TS_BATCH_MS_356751335,"[""1783756678380_1783680744__1_.pdf"", ""1783756678399_1782377801.pdf""]",tender-documents
TS_BATCH_MS_356784512,"[""1783922560095_NITCT10.pdf"", ""1783922560209_ProformaA__3_.pdf"", ""1783922560223_ProformaB__3_.pdf"", ""1783922560241_ScopeofWork.docx"", ""1783922560242_TBCT10.pdf""]",tender-documents
TS_BATCH_MS_356785279,"[""1783926396940_image__100_.png""]",tender-documents
TS_BATCH_MS_356785475,"[""1783927379115_Adobe_Scan_Jul_11__2026.pdf""]",tender-documents
TS_BATCH_MS_356803659,"[""1784018295065_invoice_-21531.jpeg""]",tender-documents
TS_BATCH_MS_356803844,"[""1784019222518_W-25000.jpeg""]",tender-documents
TS_BATCH_MS_356804469,"[""1784022348513_veerco-SlQt-PI_-1785-141829.pdf""]",tender-documents
TS_BATCH_MS_356804675,"[""1784023379566_office_tools-_4152.jpeg""]",tender-documents
TS_BATCH_MS_356805954,"[""1784029772833_TECHNICAL_SPECS_AAI_removed.pdf""]",tender-documents
TS_BATCH_MS_356806170,"[""1784030853397_lallan.jpeg""]",tender-documents
TS_BATCH_MS_356819736,"[""1784098682096_102283317.pdf""]",tender-documents
TS_BATCH_MS_356823061,"[""1784115306553_1782738136.pdf"", ""1784115306765_Scope_of_Work.pdf"", ""1784115306839_Technical_Specification.pdf""]",tender-documents
TS_BATCH_MS_356840309,"[""1784201549432_Technical_Data_Sheet_R0_02-06-2026.pdf""]",tender-documents
TS_BATCH_MS_356840559,"[""1784202799156_technical_document_2026-07-16-14-59-51_239375fd56a.pdf""]",tender-documents
TS_BATCH_MS_356840612,"[""1784203064972_gelatronics.pdf""]",tender-documents
TS_BATCH_MS_356840811,"[""1784204059808_1_Sec_I-NIT.pdf"", ""1784204059838_2_SPC.pdf"", ""1784204059941_3__Technical_Data_Sheet.pdf"", ""1784204059957_4_Volume-I-Section_I_Instructions_to_Bidders_Revis.pdf""]",tender-documents
TS_BATCH_MS_356852884,"[""1784264424256_NHPC.jpeg""]",tender-documents
TS_BATCH_MS_356853047,"[""1784265238338_Tendernotice_1__63_.pdf""]",tender-documents
TS_BATCH_MS_356853948,"[""1784269743104_ET_-6286-N_Tender_Document.pdf"", ""1784269743839_ET_-6286-N_Tender_Notice.pdf""]",tender-documents
TS_BATCH_MS_356854416,"[""1784272082630_Tender_for_Ductable_AC__corrected_.pdf""]",tender-documents
TS_BATCH_MS_356855000,"[""1784275002882_sow_97add818-f409-4683-83461783590701083_ajay_8766.pdf"", ""1784275002896_sow_2026-07-09-15-12-20_caba65f025adeb27625be91f59.pdf""]",tender-documents
TS_BATCH_MS_356871953,"[""1784359765173_ONGC_CHEENAI_TENDER_DOC.pdf""]",tender-documents
TS_BATCH_MS_356871978,"[""1784359890564_Tender_document__1_.pdf""]",tender-documents
TS_BATCH_MS_356874238,"[""1784371192884_ATC_LAKR_96293ad1-bed4-43d7-97901784201724856_buye.doc"", ""1784371192902_1-technical_specs_sqp_lakorba_2026-07-16-16-33-03_.pdf""]",tender-documents
TS_BATCH_MS_356874665,"[""1784373325039_AnxF_AnxII_6f71c5ce-231f-45c5-a6e51781952650393_CM.pdf""]",tender-documents
TS_BATCH_MS_356875058,"[""1784375290596_atcvella_f6e7b613-0866-4ad0-bbc41784024449548_buye.docx""]",tender-documents
TS_BATCH_MS_356905498,"[""1784527491738_Carrier_Midea_India_Private_Limited-C1026271001722.pdf""]",tender-documents
TS_BATCH_MS_356907454,"[""1784537270462_52133.pdf""]",tender-documents
TS_BATCH_MS_356908169,"[""1784540848875_1783586695.pdf"", ""1784540848900_1783586733.pdf"", ""1784540848964_1783586611.pdf"", ""1784540849230_1783586579.pdf""]",tender-documents
TS_BATCH_MS_356908563,"[""1784542816880_NIT__.pdf"", ""1784542816893_Tendernotice_1_-_2026-07-20T154948_983.pdf""]",tender-documents
TS_BATCH_MS_356909571,"[""1784547857751_BEC.pdf"", ""1784547857825_ConditionClauseofContract_PDF.pdf"", ""1784547857999_GTP.pdf"", ""1784547858021_NIT.pdf""]",tender-documents
TS_BATCH_MS_356909691,"[""1784548455423_BEC.pdf"", ""1784548455521_ConditionClauseofContract_PDF.pdf"", ""1784548455707_NIT.pdf"", ""1784548455799_NITSGF.pdf""]",tender-documents
TS_BATCH_MS_356910114,"[""1784550574701_ACE_Scanner_20260720.pdf""]",tender-documents
TS_BATCH_MS_356910123,"[""1784550619657_ACE_Scanner_20260720.pdf""]",tender-documents
TS_BATCH_MS_356910413,"[""1784552065550_WhatsApp_Image_2026-06-22_at_18_31_59.jpeg""]",tender-documents
TS_BATCH_MS_356910469,"[""1784552349603_ACE_Scanner_20260720.pdf""]",tender-documents
TS_BATCH_MS_356910478,"[""1784552394184_ACE_Scanner_20260720.pdf""]",tender-documents
TS_BATCH_MS_356910519,"[""1784552596825_ACE_Scanner_20260720.pdf""]",tender-documents
TS_BATCH_MS_356910617,"[""1784553089045_Tendernotice_1__8_.pdf""]",tender-documents
TS_BATCH_MS_356910668,"[""1784553344089_INV-001652.pdf""]",tender-documents
TS_BATCH_MS_356922673,"[""1784613367826_WhatsApp_Image_2026-07-21_at_11_25_07_AM.jpeg""]",tender-documents
TS_BATCH_MS_356922760,"[""1784613800942_INV-001654.pdf""]",tender-documents
TS_BATCH_MS_356923431,"[""1784617157208_WhatsApp_Image_2026-07-21_at_11_16_50_AM.jpeg""]",tender-documents
TS_BATCH_MS_356924031,"[""1784620157182_PGCIL_MUNAZIR_PO.pdf""]",tender-documents
TS_BATCH_MS_356924453,"[""1784622266506_ATC_af476c33-5206-482f-90f81783313575561_oil_bep_b.pdf"", ""1784622266638_1783390231.pdf""]",tender-documents
TS_BATCH_MS_356925784,"[""1784628922813_aim_kolkata.pdf""]",tender-documents
TS_BATCH_MS_356927112,"[""1784635560654_IMG-20260721-WA0062.jpg""]",tender-documents
TS_BATCH_MS_356928033,"[""1784640166832_TENDER_DOC.pdf""]",tender-documents
TS_BATCH_MS_356939710,"[""1784698550427_1783430876370_ADARSH-01.pdf""]",tender-documents
TS_BATCH_MS_356940311,"[""1784701558962_WhatsApp_Image_2026-07-22_at_11_54_53_AM.jpeg""]",tender-documents
TS_BATCH_MS_356940312,"[""1784701560626_26061857032-eticket__2_.pdf""]",tender-documents
TS_BATCH_MS_356940922,"[""1784704613263_ATC_c66bd86f-7530-4228-af861783418103089_buyer18_e.pdf""]",tender-documents
TS_BATCH_MS_356941285,"[""1784706425792_1783430876370_ADARSH-01.pdf""]",tender-documents
TS_BATCH_MS_356941602,"[""1784708012803_1784181285.pdf""]",tender-documents
TS_BATCH_MS_356942694,"[""1784713474798_tech_specification_lpp_45_2026-07-21-17-04-02_1d64.pdf""]",tender-documents
TS_BATCH_MS_356942765,"[""1784713829719_tech_specs_2026-07-17-14-40-43_9bf29bad41d43e967bf.pdf""]",tender-documents
TS_BATCH_MS_356943937,"[""1784719685165_WhatsApp_Image_2026-07-22_at_4_48_58_PM.jpeg""]",tender-documents
TS_BATCH_MS_356959065,"[""1784795327582_ATC_c7c8a919-8f7b-4fab-9b9c1783690172719_buyer3_nl.docx"", ""1784795327731_BOQ.pdf""]",tender-documents
TS_BATCH_MS_356959983,"[""1784799917713_Tndr_cbb8b355-5687-4b03-ab771784630268783_buycon35.docx""]",tender-documents
TS_BATCH_MS_356960941,"[""1784804709458_scope_of_work_.pdf""]",tender-documents
TS_BATCH_MS_356976083,"[""1784880416398_image_-_2026-07-24T133648_711.png""]",tender-documents
TS_BATCH_MS_356976448,"[""1784882244390_1784810211.pdf"", ""1784882244530_1784035530.xlsx""]",tender-documents
TS_BATCH_MS_356977810,"[""1784889050511_HAL_TS.pdf""]",tender-documents
TS_BATCH_MS_356978106,"[""1784890532076_Appendices_ff449191-025b-4483-974e1783510312143_bu.pdf"", ""1784890532429_technical_specifications.pdf""]",tender-documents
TS_BATCH_MS_356978332,"[""1784891662703_CHITTORGARH_BG__1_.docx""]",tender-documents
TS_BATCH_MS_356979353,"[""1784896768298_PGCIL_CHHATTISGARH_BG.docx""]",tender-documents
TS_BATCH_MS_356993101,"[""1784965506326_26186_final_tech-_specs_ups_batteries_2026-06-24-1.pdf""]",tender-documents
TS_BATCH_MS_356993155,"[""1784965778798_1784798251__1_.pdf""]",tender-documents
TS_BATCH_MS_356995742,"[""1784978710072_DRAFT_BG_FOR_PPCL.docx""]",tender-documents
TS_BATCH_MS_357026284,"[""1785131424542_NIT.pdf"", ""1785131424957_Tendernotice_1__29_.pdf""]",tender-documents
TS_BATCH_MS_357027253,"[""1785136269189_spec_cell_2026-07-15-09-20-48_d8a5f2a3f0d59147d45b.pdf""]",tender-documents
TS_BATCH_MS_357027332,"[""1785136661477_1784615729__1_.pdf""]",tender-documents
TS_BATCH_MS_357027441,"[""1785137208699_102346737.pdf""]",tender-documents
TS_BATCH_MS_357028087,"[""1785140438585_Approved_BOQ_for_PAC.pdf"", ""1785140438674_Approved_Scope_of_work.pdf"", ""1785140438819_Approved_Specification_Sheet.pdf""]",tender-documents
TS_BATCH_MS_357028427,"[""1785142139178_102346741__1_.pdf""]",tender-documents
TS_BATCH_MS_357029794,"[""1785148972728_Tax_invoice_-_Volks_Energie_Pvt_Ltd_-_01_07_2026_t.pdf""]",tender-documents
TS_BATCH_MS_357044007,"[""1785220036514_260429-Quotation-DH-VE-RC-Rev3-_Volks_Energie__Job.pdf""]",tender-documents
TS_BATCH_MS_357044119,"[""1785220595564_260429-Quotation-PTH-VE-RC-Rev3-_Volks_Energie__Jo.pdf""]",tender-documents
TS_BATCH_MS_357044796,"[""1785223980682_GEM_BID.pdf""]",tender-documents
TS_BATCH_MS_357048640,"[""1785243200932_vvvv.pdf""]",tender-documents
TS_BATCH_MS_357048750,"[""1785243750432_Khera_Labour_Law_Consultancy_Services-KLLCS26-2703.pdf""]",tender-documents
TS_BATCH_MS_357060923,"[""1785304617886_Garima_Kumar-G26-2720.pdf""]",tender-documents
TS_BATCH_MS_357060928,"[""1785304641719_Garima_Kumar-G26-2720.pdf""]",tender-documents
TS_BATCH_MS_357060999,"[""1785304996610_Garima_Kumar-G26-2720.pdf""]",tender-documents
TS_BATCH_MS_357061662,"[""1785308311990_specifications_2026-07-17-10-38-45_c5b1e1b928ece3e.pdf""]",tender-documents
TS_BATCH_MS_357064497,"[""1785322486421_GAIL_RANCH_JHARKHAND_DRAFT_BG.docx""]",tender-documents
TS_BATCH_MS_357065057,"[""1785325286894_DAV_BOKARO_FINAL_DRAFT_BG.docx""]",tender-documents
TS_BATCH_MS_357069697,"[""1785348488996_Sales-TA-0017-2026-27-PGCIL_GZB.pdf""]",tender-documents
TS_BATCH_MS_357069698,"[""1785348492780_Sales-TA-0017-2026-27-PGCIL_GZB.pdf""]",tender-documents
TS_BATCH_MS_357069837,"[""1785349186123_Sales-TA-0038-2026-27.pdf""]",tender-documents
TS_BATCH_MS_357069878,"[""1785349391114_Sales-TA-0040-2026-27.pdf"", ""1785349394725_Sales-TA-0040-2026-27.pdf""]",tender-documents
TS_BATCH_MS_357069931,"[""1785349655921_Sales-TA-0047-2026-27.pdf""]",tender-documents
TS_BATCH_MS_357069932,"[""1785349660334_Sales-TA-0047-2026-27.pdf""]",tender-documents
TS_BATCH_MS_357069967,"[""1785349835299_Sales-TA-0068-2026-27.pdf"", ""1785349839256_Sales-TA-0068-2026-27.pdf""]",tender-documents
TS_BATCH_MS_357070006,"[""1785350032882_Sales-TA-0081-2026-27.pdf""]",tender-documents
TS_BATCH_MS_357070007,"[""1785350036442_Sales-TA-0081-2026-27.pdf""]",tender-documents
TS_BATCH_MS_357070171,"[""1785350858048_Sales-TA-0048-2026-27.pdf""]",tender-documents
TS_BATCH_MS_357070172,"[""1785350861156_Sales-TA-0048-2026-27.pdf""]",tender-documents
TS_BATCH_MS_357070260,"[""1785351304154_Sales-TA-0055-2026-27.pdf""]",tender-documents
TS_BATCH_MS_357070261,"[""1785351307332_Sales-TA-0055-2026-27.pdf""]",tender-documents
TS_BATCH_MS_357070380,"[""1785351901516_Sales-TA-0070-2026-27.pdf""]",tender-documents
TS_BATCH_MS_357070381,"[""1785351905731_Sales-TA-0070-2026-27.pdf""]",tender-documents
TS_BATCH_MS_357070436,"[""1785352180138_Sales-TA-0080-2026-27.pdf"", ""1785352183574_Sales-TA-0080-2026-27.pdf""]",tender-documents
TS_BATCH_MS_357070514,"[""1785352574770_Sales-TA-0076-2026-27.pdf""]",tender-documents
TS_BATCH_MS_357070515,"[""1785352578357_Sales-TA-0076-2026-27.pdf""]",tender-documents
TS_BATCH_MS_357070565,"[""1785352829534_Sales-TA-0084-2026-27.pdf""]",tender-documents
TS_BATCH_MS_357070566,"[""1785352834277_Sales-TA-0084-2026-27.pdf""]",tender-documents
TS_BATCH_MS_357070668,"[""1785353343834_Sales-TA-0085-2026-27.pdf""]",tender-documents
TS_BATCH_MS_357070669,"[""1785353346842_Sales-TA-0085-2026-27.pdf""]",tender-documents
TS_BATCH_MS_357070732,"[""1785353664011_Sales-TA-00213-2026-27.pdf""]",tender-documents
TS_BATCH_MS_357070733,"[""1785353666867_Sales-TA-00213-2026-27.pdf""]",tender-documents
TS_BATCH_MS_357070784,"[""1785353921503_Sales-TA-00212-2026-27.pdf"", ""1785353924614_Sales-TA-00212-2026-27.pdf""]",tender-documents
TS_BATCH_MS_357070832,"[""1785354164621_SalesBill_GT_333_PDF.pdf""]",tender-documents
TS_BATCH_MS_357070833,"[""1785354168043_SalesBill_GT_333_PDF.pdf""]",tender-documents
TS_BATCH_MS_357071044,"[""1785355224981_Sales-TA-00115-2026-27.pdf""]",tender-documents
TS_BATCH_MS_357071045,"[""1785355227956_Sales-TA-00115-2026-27.pdf""]",tender-documents
TS_BATCH_MS_357071102,"[""1785355514050_Sales-TA-0094-2026-27.pdf""]",tender-documents
TS_BATCH_MS_357071103,"[""1785355517067_Sales-TA-0094-2026-27.pdf""]",tender-documents
TS_BATCH_MS_357071133,"[""1785355669722_Sales-TA-0094-2026-27.pdf""]",tender-documents
TS_BATCH_MS_357071134,"[""1785355672867_Sales-TA-0094-2026-27.pdf""]",tender-documents
TS_BATCH_MS_357078372,"[""1785391864035_Sales-TA-0081-2026-27.pdf""]",tender-documents
TS_BATCH_MS_357078472,"[""1785392362745_Sales-TA-0068-2026-27.pdf""]",tender-documents
TS_BATCH_MS_357078516,"[""1785392581255_Sales-TA-0047-2026-27.pdf""]",tender-documents
TS_BATCH_MS_357078539,"[""1785392699690_Sales-TA-0040-2026-27.pdf""]",tender-documents
TS_BATCH_MS_357078553,"[""1785392767172_Sales-TA-0038-2026-27.pdf""]",tender-documents
TS_BATCH_MS_357078845,"[""1785394228527_ATCUPS_d8f6b1b8-f24e-4680-b5f21785147166642_aeairm.pdf""]",tender-documents
TS_BATCH_MS_357078876,"[""1785394382664_cb-mc1ir-1105-online_ups-_terms_-tech_2026-07-29-1.xls"", ""1785394382666_cb-mc1ir-1105-online_ups-rfq_commercial_terms_2026.pdf""]",tender-documents
TS_BATCH_MS_357078951,"[""1785394758702_ts_of_ni-cd_2026-06-18-15-11-09_eb217e572a9bd25b23.pdf""]",tender-documents
TS_BATCH_MS_357079009,"[""1785395047729_specification_document_1_2026-07-10-11-37-15_f45fe.pdf""]",tender-documents
TS_BATCH_MS_357079265,"[""1785396328538_Sales-TA-0038-2026-27.pdf""]",tender-documents
TS_BATCH_MS_357079459,"[""1785397296429_BANK_GUARANTEE_IREL_KERALA.docx""]",tender-documents
TS_BATCH_MS_357079640,"[""1785398200728_bill_no_6.pdf""]",tender-documents
TS_BATCH_MS_357079785,"[""1785398926322_WhatsApp_Image_2026-07-30_at_12_36_30_PM.jpeg""]",tender-documents
TS_BATCH_MS_357079797,"[""1785398987346_GAIL_RAJAH-DRAFT_BG_60500.docx""]",tender-documents
TS_BATCH_MS_357082610,"[""1785413050375_Estimate_275_30-07-2026.pdf""]",tender-documents
TS_BATCH_MS_357082768,"[""1785413840049_veerco-Sale-VC-2026-27-4025-142007-1.pdf""]",tender-documents
TS_BATCH_MS_357082795,"[""1785413979676_ATC_LAKR_96293ad1-bed4-43d7-97901784201724856_buye.doc"", ""1785413979682_1-technical_specs_sqp_lakorba_2026-07-16-16-33-03_.pdf""]",tender-documents
TS_BATCH_MS_357083180,"[""1785415902636_veerco-Sale-VC-2026-27-4025-142007-1.pdf""]",tender-documents
TS_BATCH_MS_357095956,"[""1785479782284_TenderDocument.pdf""]",tender-documents
TS_BATCH_MS_357096018,"[""1785480091227_Sales_4162.pdf""]",tender-documents
TS_BATCH_MS_357096145,"[""1785480726662_Sales_4162.pdf""]",tender-documents
TS_BATCH_MS_357096411,"[""1785482055523_BHEL_Specs_OPZs-compressed.pdf""]",tender-documents
TS_BATCH_MS_357096804,"[""1785484020332_GEMC-511687733737008-31072026.pdf""]",tender-documents
TS_BATCH_MS_357097281,"[""1785486406708_NIT.pdf""]",tender-documents
TS_BATCH_MS_357099624,"[""1785498120548_Sales-TA-0080-2026-27.pdf""]",tender-documents
TS_BATCH_MS_357099644,"[""1785498220956_Sales-TA-0070-2026-27.pdf""]",tender-documents
TS_BATCH_MS_357099957,"[""1785499786426_VOLK-238.pdf""]",tender-documents
TS_BATCH_MS_357100508,"[""1785502543746_ENQUIRY_MAIL.png""]",tender-documents
TS_BATCH_MS_357100545,"[""1785502728193_VOLK-238.pdf""]",tender-documents
TS_BATCH_MS_357112188,"[""1785560944199_Tendernotice_2.pdf"", ""1785560944689_Tendernotice_1__11_.pdf""]",tender-documents
TS_BATCH_MS_357113214,"[""1785566072795_Volks-TPCODL-Repeat_Order-PI-31_07_2026.pdf""]",tender-documents
TS_BATCH_MS_357115756,"[""1785578780605_26399_VOLKS_ENERGIE_NTPC_R01.pdf""]",tender-documents
TS_BATCH_MS_357116286,"[""1785581432879_PR_Consulting_Invoice___Garima_Kumar____Volks_July.pdf""]",tender-documents
TS_BATCH_MS_357116385,"[""1785581927653_PR_Consulting_Invoice___Garima_Kumar____Volks_July.pdf""]",tender-documents
TS_BATCH_MS_357116388,"[""1785581943780_PR_Consulting_Invoice___Garima_Kumar____Volks_July.pdf""]",tender-documents
TS_BATCH_MS_357147471,"[""1785737356829_viewNitPdf_5469403.pdf""]",tender-documents
TS_BATCH_MS_357148343,"[""1785741715090_Tendernotice_1__75_.pdf""]",tender-documents
TS_BATCH_MS_357149266,"[""1785746332242_52487.pdf""]",tender-documents
TS_BATCH_MS_357150792,"[""1785753964302_52487.pdf""]",tender-documents
TS_BATCH_MS_357151037,"[""1785755189989_Draft_Tender_Empanelment_of_Vendors__1_.pdf""]",tender-documents
TS_BATCH_MS_357151764,"[""1785758821293_ITBPAC_c9da1472-171d-468a-bba31784976166976_AGM_OP.pdf""]",tender-documents
TS_BATCH_MS_357152169,"[""1785760847081_NIT01AEEACR2627__1_.pdf""]",tender-documents
TS_BATCH_MS_357164480,"[""1785822400430_VOLKS_PCB_INVOICE.pdf""]",tender-documents
TS_BATCH_MS_357164639,"[""1785823198611_VOLKS_PCB_INVOICE.pdf""]",tender-documents
TS_BATCH_MS_357164920,"[""1785824600568_Sales-TA-0017-2026-27-PGCIL_GZB.pdf""]",tender-documents
TS_BATCH_MS_357165335,"[""1785826678714_Sales-TA-0017-2026-27-PGCIL_GZB.pdf""]",tender-documents
TS_BATCH_MS_357165380,"[""1785826904971_Tax_Invoice_EE_26-27_235_07_07_26_ORIGINAL.pdf""]",tender-documents
TS_BATCH_MS_357165477,"[""1785827388396_Sales-TA-0048-2026-27.pdf""]",tender-documents
TS_BATCH_MS_357165490,"[""1785827453402_Tax_Invoice_EE_26-27_235_07_07_26_ORIGINAL.pdf""]",tender-documents
TS_BATCH_MS_357165604,"[""1785828021973_Sales-TA-0048-2026-27.pdf""]",tender-documents
TS_BATCH_MS_357165627,"[""1785828135968_ATC4703.pdf"", ""1785828136116_technical_specifications_acs_.pdf""]",tender-documents
TS_BATCH_MS_357165657,"[""1785828286226_Sales-TA-0017-2026-27-PGCIL_GZB.pdf""]",tender-documents
TS_BATCH_MS_357165702,"[""1785828511877_NITAC.pdf""]",tender-documents
TS_BATCH_MS_357165704,"[""1785828521492_Sales-TA-0070-2026-27.pdf""]",tender-documents
TS_BATCH_MS_357165767,"[""1785828836818_Sales-TA-0070-2026-27.pdf""]",tender-documents
TS_BATCH_MS_357165808,"[""1785829044320_Sales-TA-0076-2026-27.pdf""]",tender-documents
TS_BATCH_MS_357165852,"[""1785829262831_Chennai_Aircon_Quotation_New_2026_VOLKS_ENERGIE_PR.pdf""]",tender-documents
TS_BATCH_MS_357166314,"[""1785831572571_Chennai_Aircon_Quotation_New_2026_VOLKS_ENERGIE_PR.pdf""]",tender-documents
TS_BATCH_MS_357167614,"[""1785838074170_Koldam_N2_O2_Bill.jpeg"", ""1785838074399_Koldam_O2_Security.jpeg""]",tender-documents
TS_BATCH_MS_357168141,"[""1785840708908_DocScanner_4_Aug_2026_9-15___am.pdf""]",tender-documents
TS_BATCH_MS_357168146,"[""1785840733615_DocScanner_4_Aug_2026_9-15___am.pdf""]",tender-documents
TS_BATCH_MS_357169669,"[""1785848349369_1785139285.pdf""]",tender-documents
TS_BATCH_MS_357182495,"[""1785912476519_WhatsApp_Image_2026-08-05_at_12_16_59_PM__1_.jpeg"", ""1785912476685_WhatsApp_Image_2026-08-05_at_12_16_59_PM.jpeg"", ""1785912476823_WhatsApp_Image_2026-08-05_at_12_17_00_PM__1_.jpeg"", ""1785912476994_WhatsApp_Image_2026-08-05_at_12_17_00_PM.jpeg""]",tender-documents
TS_BATCH_MS_357182509,"[""1785912548000_WhatsApp_Image_2026-08-05_at_12_16_59_PM__1_.jpeg"", ""1785912548270_WhatsApp_Image_2026-08-05_at_12_16_59_PM.jpeg"", ""1785912548515_WhatsApp_Image_2026-08-05_at_12_17_00_PM__1_.jpeg"", ""1785912548769_WhatsApp_Image_2026-08-05_at_12_17_00_PM.jpeg""]",tender-documents
TS_BATCH_MS_357182926,"[""1785914633058_media_gst_bill.pdf""]",tender-documents
TS_BATCH_MS_357183117,"[""1785915586028_VOLKS_ENERGIE_PRIVATE_LTD__PE_26-27_936_05-08-2026.pdf""]",tender-documents
TS_BATCH_MS_357183145,"[""1785915725386_Price_Schedule.pdf"", ""1785915725425_Tender_Document.pdf""]",tender-documents
TS_BATCH_MS_357183380,"[""1785916903912_Tendernotice_1_-_2026-08-04T163827_113.pdf""]",tender-documents
TS_BATCH_MS_357183570,"[""1785917853082_TenderDocuments.pdf""]",tender-documents
TS_BATCH_MS_357183655,"[""1785918277631_VOLKS_ENERGIE_PRIVATE_LTD__bvg_eoc.pdf""]",tender-documents
TS_BATCH_MS_357183831,"[""1785919155649_VOLKS_ENERGIE_PRIVATE_LTD__bvg_eoc.pdf""]",tender-documents
TS_BATCH_MS_357184681,"[""1785923405151_MANOJ_BILL.jpeg""]",tender-documents
TS_BATCH_MS_357185030,"[""1785925151747_InvoiceNo_1007261884939.pdf""]",tender-documents
TS_BATCH_MS_357185043,"[""1785925216460_InvoiceNo_1007261884939.pdf""]",tender-documents
TS_BATCH_MS_357186292,"[""1785931463839_Volks_Energie_Pvt_Ltd_13_27-05-2026.pdf""]",tender-documents
TS_BATCH_MS_357186333,"[""1785931666523_Chennai_Aircon_Quotation__1_04_08_2026_VOLKS_ENERG.pdf""]",tender-documents
TS_BATCH_MS_357186398,"[""1785931992144_Chennai_Aircon_Quotation__2_04_08_2026_VOLKS_ENERG.pdf""]",tender-documents
TS_BATCH_MS_357186494,"[""1785932470525_Chennai_Aircon_Quotation__1_04_08_2026_VOLKS_ENERG.pdf""]",tender-documents
TS_BATCH_MS_357186510,"[""1785932551369_Chennai_Aircon_Quotation__1_04_08_2026_VOLKS_ENERG.pdf""]",tender-documents
TS_BATCH_MS_357186563,"[""1785932817401_Chennai_Aircon_Quotation__2_04_08_2026_VOLKS_ENERG.pdf""]",tender-documents
TS_BATCH_MS_357186580,"[""1785932900646_IIT_GOA_SF_INVOICE.pdf""]",tender-documents
TS_BATCH_MS_357186758,"[""1785933791449_IIT_GOA_SF_INVOICE.pdf""]",tender-documents
TS_BATCH_MS_357186867,"[""1785934336639_BILL_NO_09.pdf""]",tender-documents
TS_BATCH_MS_357186868,"[""1785934344736_BHAGWATI_INVOICE_.jpeg""]",tender-documents
TS_BATCH_MS_357187019,"[""1785935098949_BILL_NO_09.pdf""]",tender-documents
TS_BATCH_MS_357187020,"[""1785935100866_BILL_NO_09.pdf""]",tender-documents
TS_BATCH_MS_357200062,"[""1786000313039_revised_technical_specifications_2026-08-03-15-58-.pdf""]",tender-documents
TS_BATCH_MS_357200094,"[""1786000474833_ATC_UPS_dc2c17fa-1506-4af6-af061785938787223_nirma.docx""]",tender-documents
TS_BATCH_MS_357200167,"[""1786000835906_2c2b5318277015a7.pdf""]",tender-documents
TS_BATCH_MS_357203500,"[""1786017502356_Tax_Invoice_ACS2026270136_VV.pdf""]",tender-documents
TS_BATCH_MS_357203995,"[""1786019978263_Tax_Invoice_ACS2026270136_VV.pdf""]",tender-documents
TS_BATCH_MS_357204188,"[""1786020942599_Adiba_Aircon_Invoice_Bill_No__009__2_.pdf""]",tender-documents
TS_BATCH_MS_357204442,"[""1786022213378_95_Volks_Energie_Private_Limited_41095-1__Sale_PDF.pdf""]",tender-documents
TS_BATCH_MS_357216916,"[""1786084584122_WhatsApp_Image_2026-08-07_at_12_05_26_PM.jpeg""]",tender-documents
TS_BATCH_MS_357217003,"[""1786085019569_viewNitPdf_5503107__1_.pdf""]",tender-documents
TS_BATCH_MS_357217038,"[""1786085192369_lpp253specification_2026-07-31-08-15-17_a7cadd83e0.pdf""]",tender-documents
TS_BATCH_MS_357217528,"[""1786087640050_ATC_c1757085-d087-439a-b6bb1786017352926_nirmal_ha.docx""]",tender-documents
TS_BATCH_MS_357217558,"[""1786087793239_tac_2026-08-06-14-55-28_1bf3e12b721ba7a3e3bc564672.pdf""]",tender-documents
TS_BATCH_MS_357217624,"[""1786088121202_1786004091.pdf""]",tender-documents
TS_BATCH_MS_357217682,"[""1786088412364_ATC_b21c8a30-4f1f-4ddc-92f01785994713460_ic56444w.pdf""]",tender-documents
TS_BATCH_MS_357219260,"[""1786096300767_Sale_EE_26-27_235_07-07-2026_Original.pdf""]",tender-documents
TS_BATCH_MS_357219288,"[""1786096444073_VOLKS_BILL_PAVGADA_248.pdf""]",tender-documents
TS_BATCH_MS_357219513,"[""1786097567721_VOLKS_BILL_KANCHEEPURAM_249.pdf""]",tender-documents
TS_BATCH_MS_357219551,"[""1786097759736_VOLKS_BILL_KANCHEEPURAM_249.pdf""]",tender-documents
TS_BATCH_MS_357219834,"[""1786099170639_Tax_Invoice_EE_26-27_210_29_06_26_original.pdf""]",tender-documents
TS_BATCH_MS_357220168,"[""1786100844498_TDfinal_7767701b-247a-4aa3-af6d1785935043433_MM01_.pdf""]",tender-documents
TS_BATCH_MS_357221462,"[""1786107313681_bharat_rubber_co_invoice.pdf""]",tender-documents
TS_BATCH_MS_357234114,"[""1786170572667_VOLKS_ENERGIE.pdf""]",tender-documents
TS_BATCH_MS_357234170,"[""1786170854983_Tendernotice_1_-_2026-08-08T120359_816.pdf""]",tender-documents
TS_BATCH_MS_357234242,"[""1786171214185_WhatsApp_Image_2026-08-08_at_12_09_47_PM.jpeg""]",tender-documents
TS_BATCH_MS_357235623,"[""1786178115178_Volks_1027.pdf""]",tender-documents
TS_BATCH_MS_357272124,"[""1786360623049_Sales-TA-0084-2026-27.pdf""]",tender-documents
TS_BATCH_MS_357272227,"[""1786361137462_Screenshot__128_.png""]",tender-documents
TS_BATCH_MS_357272234,"[""1786361173794_Screenshot__128_.png""]",tender-documents
TS_BATCH_MS_357272256,"[""1786361284463_Screenshot__128_.png""]",tender-documents
TS_BATCH_MS_357273193,"[""1786365965149_Invoice_Copy.pdf""]",tender-documents
TS_BATCH_MS_357273236,"[""1786366184383_Invoice_Copy__2_.pdf""]",tender-documents
TS_BATCH_MS_357273275,"[""1786366379456_Invoice_Copy__4_.pdf""]",tender-documents
TS_BATCH_MS_357273297,"[""1786366489653_Invoice_Copy__3_.pdf""]",tender-documents
TS_BATCH_MS_357274816,"[""1786374083973_Acc.pdf""]",tender-documents
TS_BATCH_MS_357274858,"[""1786374291315_Acc.pdf""]",tender-documents
TS_BATCH_MS_357284750,"[""1786423754464_017s_2026-07-03-14-54-32_66f4f309cf6547aecca35366c.pdf""]",tender-documents
TS_BATCH_MS_357286862,"[""1786434310454_CBCS_ATC_315e4f0f-1f1c-4e9e-bb961786347848888_buye.pdf""]",tender-documents
TS_BATCH_MS_357286941,"[""1786434707462_VOLKS_ENERGIE_PRIVATE_LIMITED_PROFORMA_INVOICE_11_.pdf""]",tender-documents
TS_BATCH_MS_357287106,"[""1786435534475_VOLKS_ENERGIE_PRIVATE_LIMITED_PROFORMA_INVOICE_11_.pdf""]",tender-documents
TS_BATCH_MS_357287303,"[""1786436517115_Tendernotice_1.pdf""]",tender-documents
TS_BATCH_MS_357288301,"[""1786441506976_tech_specs_tag_26-27_2026-07-22-09-47-34_121803036.pdf""]",tender-documents
TS_BATCH_MS_357288416,"[""1786442083652_QRsTDs_e8738b11-4a6f-45bc-b0d41785312030683_buycon.pdf""]",tender-documents
TS_BATCH_MS_357289870,"[""1786449354173_GeneralInstructionsandTechnicalSpecifications.pdf"", ""1786449354219_MainpageandImportantInstructionsandConditions.pdf"", ""1786449354242_MandatoryAnnexurestobeUploadedbyTendererA.pdf"", ""1786449354269_qschedule70no.pdf""]",tender-documents
TS_BATCH_MS_357290844,"[""1786454223232_LG_NSPCL_BCP_DLI__1_.pdf""]",tender-documents
TS_BATCH_MS_357290879,"[""1786454398419_Volks_Energie_Private_Limited_2850__DS_.pdf""]",tender-documents
TS_BATCH_MS_357302092,"[""1786510460830_e-Tender-Ansal_Plaza_AC_Works.pdf""]",tender-documents
TS_BATCH_MS_357302899,"[""1786514495907_BatteryBankDNIT.pdf""]",tender-documents
TS_BATCH_MS_357303366,"[""1786516833122_instruct_2026-07-24-09-08-26_739c97202f06e451851bf.pdf"", ""1786516834047_technicalbid_2026-07-24-09-08-26_e217102271354d427.pdf""]",tender-documents
TS_BATCH_MS_357303557,"[""1786517787558_annexure_iii_scope_of_work_2026-08-10-12-52-40_547.pdf""]",tender-documents
TS_BATCH_MS_357303670,"[""1786518352736_nit_10000074731_2026-08-10-16-15-06_c4178b3aa84a6e.pdf""]",tender-documents
TS_BATCH_MS_357306716,"[""1786533580172_Invoice-INV-251-Volksenergies.pdf""]",tender-documents
TS_BATCH_MS_357308116,"[""1786540582387_WhatsApp_Image_2026-08-12_at_18_28_59.jpeg""]",tender-documents
TS_BATCH_MS_357308117,"[""1786540585632_WhatsApp_Image_2026-08-12_at_18_28_59.jpeg""]",tender-documents
TS_BATCH_MS_357308169,"[""1786540845052_WhatsApp_Image_2026-08-12_at_6_28_59_PM.jpeg""]",tender-documents
TS_BATCH_MS_357320720,"[""1786603602662_edited_invoice.pdf""]",tender-documents
TS_BATCH_MS_357320845,"[""1786604229336_Ishan_tubes_-_1208.pdf""]",tender-documents
TS_BATCH_MS_357321201,"[""1786606007761_bhagwati_invoice_-2.jpeg"", ""1786606008007_bhagwati_invoice_-1.jpeg""]",tender-documents
TS_BATCH_MS_357321307,"[""1786606539556_NWR_UPS-20_kVA.pdf""]",tender-documents
TS_BATCH_MS_357321358,"[""1786606793908_edited_invoice_7339_60.pdf""]",tender-documents
TS_BATCH_MS_357321464,"[""1786607322645_schedule_2-100274650_2026-08-11-15-49-54_1df98d448.pdf"", ""1786607322660_technical_specifications_and_sqp_2026-08-11-15-47-.pdf""]",tender-documents
TS_BATCH_MS_357321465,"[""1786607325201_Amit_Treding_Co_.jpeg""]",tender-documents
TS_BATCH_MS_357321574,"[""1786607872148_viewNitPdf_5510230__1_.pdf""]",tender-documents
TS_BATCH_MS_357323326,"[""1786616634638_Invoice__1_.pdf""]",tender-documents
TS_BATCH_MS_357323349,"[""1786616745025_Invoice__1_.pdf""]",tender-documents
TS_BATCH_MS_357323416,"[""1786617084015_Invoice__1_.pdf""]",tender-documents
TS_BATCH_MS_357323986,"[""1786619934244_NIT-merged.pdf"", ""1786619934551_Tendernotice_1__15_.pdf""]",tender-documents
TS_BATCH_MS_357324071,"[""1786620356040_TAX_INVOICE_Guru_447_13_08_26.pdf""]",tender-documents
TS_BATCH_MS_357324108,"[""1786620542764_WhatsApp_Image_2026-08-11_at_11_23_20_AM.jpeg""]",tender-documents
TS_BATCH_MS_357326321,"[""1786631608376_6244__Volks_Energies__P__Ltd_.pdf"", ""1786631608487_BusyComp0002_EWB_GST_VC-2026-27-6244.pdf""]",tender-documents
TS_BATCH_MS_357326773,"[""1786633868787_6244__Volks_Energies__P__Ltd_.pdf"", ""1786633868964_BusyComp0002_EWB_GST_VC-2026-27-6244.pdf""]",tender-documents
TS_BATCH_MS_357326849,"[""1786634246092_WhatsApp_Image_2026-08-12_at_10_05_02_AM.jpeg""]",tender-documents
TS_BATCH_MS_357336890,"[""1786684450906_SA_EHS_MII_311db204-180f-4405-a8d41786354867992_ra.docx""]",tender-documents
TS_BATCH_MS_357337981,"[""1786689908069_Invoice__3___1__PDF.pdf""]",tender-documents
TS_BATCH_MS_357337982,"[""1786689910192_5069051505__1_.pdf""]",tender-documents
TS_BATCH_MS_357338130,"[""1786690652648_Invoice__3___1__PDF.pdf"", ""1786690654720_5069051505__1_.pdf""]",tender-documents
TS_BATCH_SEC_1748863554,"[""(1)_Experince.pdf_1748863554_1176032700.pdf"", ""(2)_Bidder_Turnover.pdf_1748863554_562591842.pdf"", ""(3)_ATCFILEGSTPANETCDOC.pdf_1748863554_367640701.pdf"", ""(5)_MSE_DOC.pdf_1748863554_1472806913.pdf"", ""(6)_EMDMSME.pdf_1748863554_2031340258.pdf"", ""(7)_MLC_OEM.pdf_1748863554_985467008.pdf""]",tender-documents
TS_BATCH_SEC_1748863668,"[""(4)_PGCIL_BOQ_SPEC_merged_compressed_11zon.pdf_1748863668_336884002.pdf""]",tender-documents
TS_BATCH_SEC_1769149938,"[""02.pdf_1769149938_1163020931.pdf"", ""BOQ_2046309.xls_1769149938_794352919.xls"", ""Tendernotice_1.pdf_1769149938_825004215.pdf""]",tender-documents
TS_BATCH_SEC_1765263863,"[""1.pdf_1765263863_1697414424.pdf"", ""Tendernotice_1_-_2025-12-09T123241.724.pdf_1765263863_1166730967.pdf"", ""VRLA1.pdf_1765263863_1424322254.pdf"", ""vrla.pdf_1765263863_107342059.pdf""]",tender-documents
TS_BATCH_SEC_1747213031,"[""12052025_180930068643.pdf_1747213031_1081215994.pdf""]",tender-documents
TS_BATCH_SEC_1761301928,"[""15102505160068ef89783a744document.pdf_1761301928_1249609205.pdf"", ""15102505160068ef89783b08fdocument.pdf_1761301928_1241604355.pdf"", ""15102505160068ef89783b9ecdocument.xls_1761301928_97496181.xls""]",tender-documents
TS_BATCH_SEC_1746532453,"[""168504252.pdf_1746532453_1120186103.pdf""]",tender-documents
TS_BATCH_SEC_1753956463,"[""1753267749.pdf_1753956463_1991974143.pdf"", ""GAIL.pdf_1753956463_1363389537.pdf"", ""ITB_7e9ba6a2-8424-4c23-b9ee1753698146432_buycon12.gail.jaipur.pdf_1753956463_1104448937.pdf""]",tender-documents
TS_BATCH_SEC_1755771769,"[""1753267749.pdf_1755771769_1831039115.pdf"", ""ITB_7e9ba6a2-8424-4c23-b9ee1753698146432_buycon12.gail.jaipur_(1).pdf_1755771769_1632347163.pdf"", ""spec_2025-07-23-16-10-19_7c32b438d4b0f4c476163572941678db.pdf_1755771769_1741586252.pdf""]",tender-documents
TS_BATCH_SEC_1756879848,"[""1756357758.pdf_1756879848_2073849555.pdf"", ""1756464736.xlsx_1756879848_1848407752.xlsx"", ""1756465951.pdf_1756879848_453251473.pdf""]",tender-documents
TS_BATCH_SEC_1758624709,"[""1756644119.xlsx_1758624709_672952433.xlsx"", ""OM_energy_ElecAppl_(2).pdf_1758624709_524859993.pdf"", ""green_room_air_conditioner_specifications_-draft-_d_2024-05-01-11-50-44_6dc927f8627fd0e694ecf3e91a001743_(12).pdf_1758624709_23455884.pdf"", ""requirements_for_oem_status_against_the_category_-__2024-05-01-12-38-10_42eb1899ef2d07820095ebe48910a901_(8).pdf_1758624709_1196569312.pdf"", ""stc_-version_2-_split_air_conditioner_including_gre_2024-06-26-16-57-37_efdc88d6a009d5c093d94097cf97cbc4_(12).pdf_1758624709_1234378190.pdf""]",tender-documents
TS_BATCH_SEC_1758624729,"[""1756644119.xlsx_1758624729_1679090689.xlsx"", ""OM_energy_ElecAppl_(2).pdf_1758624729_1376161373.pdf"", ""green_room_air_conditioner_specifications_-draft-_d_2024-05-01-11-50-44_6dc927f8627fd0e694ecf3e91a001743_(12).pdf_1758624729_1947886947.pdf"", ""requirements_for_oem_status_against_the_category_-__2024-05-01-12-38-10_42eb1899ef2d07820095ebe48910a901_(8).pdf_1758624729_677625562.pdf"", ""stc_-version_2-_split_air_conditioner_including_gre_2024-06-26-16-57-37_efdc88d6a009d5c093d94097cf97cbc4_(12).pdf_1758624729_1483401614.pdf""]",tender-documents
TS_BATCH_SEC_1758624761,"[""1756644119.xlsx_1758624761_2143906377.xlsx"", ""OM_energy_ElecAppl_(2).pdf_1758624761_1564446835.pdf"", ""green_room_air_conditioner_specifications_-draft-_d_2024-05-01-11-50-44_6dc927f8627fd0e694ecf3e91a001743_(12).pdf_1758624761_570752939.pdf"", ""requirements_for_oem_status_against_the_category_-__2024-05-01-12-38-10_42eb1899ef2d07820095ebe48910a901_(8).pdf_1758624761_2059242437.pdf"", ""stc_-version_2-_split_air_conditioner_including_gre_2024-06-26-16-57-37_efdc88d6a009d5c093d94097cf97cbc4_(12).pdf_1758624761_1431595618.pdf""]",tender-documents
TS_BATCH_SEC_1758624966,"[""1756644119.xlsx_1758624966_1752248190.xlsx"", ""OM_energy_ElecAppl_(2).pdf_1758624966_24430881.pdf"", ""green_room_air_conditioner_specifications_-draft-_d_2024-05-01-11-50-44_6dc927f8627fd0e694ecf3e91a001743_(12).pdf_1758624966_199931640.pdf"", ""requirements_for_oem_status_against_the_category_-__2024-05-01-12-38-10_42eb1899ef2d07820095ebe48910a901_(8).pdf_1758624966_721841642.pdf"", ""stc_-version_2-_split_air_conditioner_including_gre_2024-06-26-16-57-37_efdc88d6a009d5c093d94097cf97cbc4_(12).pdf_1758624966_297030118.pdf""]",tender-documents
TS_BATCH_SEC_1760440178,"[""1757065689.pdf_1760440178_483080248.pdf"", ""TENDER_8be1317c-cf03-4f8d-91231760092532141_buycon12.gail.jaipur.pdf_1760440178_541666446.pdf"", ""specification_2025-09-05-15-10-11_b5e4ec733249a892f0a4d678dc5a87a9.pdf_1760440178_86595398.pdf""]",tender-documents
TS_BATCH_SEC_1757758308,"[""1757516439.xlsx_1757758308_1434448203.xlsx"", ""1757516764.pdf_1757758308_341079610.pdf"", ""rfq_27-compressed_compressed_2025-09-10-20-14-12_21a6e8ea0a3b21ce2a585022ea0e8004.pdf_1757758308_1873210057.pdf""]",tender-documents
TS_BATCH_SEC_1759919190,"[""1757516764_(1).pdf_1759919190_1209258399.pdf"", ""rfq_27-compressed_compressed_2025-09-10-20-14-12_21a6e8ea0a3b21ce2a585022ea0e8004_(1).pdf_1759919190_1330574028.pdf""]",tender-documents
TS_BATCH_SEC_1758346346,"[""1757569053.pdf_1758346346_2080088441.pdf"", ""1757569257.pdf_1758346346_1962745078.pdf"", ""BidderATC_c051281e-fd94-41b8-92801757569741785_kvsingh@224abod.docx_1758346346_2065629096.docx""]",tender-documents
TS_BATCH_SEC_1758611707,"[""1758104911.pdf_1758611707_123577004.pdf""]",tender-documents
TS_BATCH_SEC_1761303462,"[""1758104911_(1).pdf_1761303462_946020507.pdf""]",tender-documents
TS_BATCH_SEC_1761392946,"[""1760174058.xlsx_1761392946_832154713.xlsx"", ""DNIT1_cc692286-72bc-4d05-a2331760174899188_goa@electrical.pdf_1761392946_1918845989.pdf"", ""dnit_2025-10-11-14-28-48_c102fc2c99078066b29f1c20ab0c4e50.pdf_1761392946_570509219.pdf""]",tender-documents
TS_BATCH_SEC_1761393054,"[""1760174058.xlsx_1761393054_474812443.xlsx"", ""DNIT1_cc692286-72bc-4d05-a2331760174899188_goa@electrical.pdf_1761393054_1949470144.pdf"", ""dnit_2025-10-11-14-28-48_c102fc2c99078066b29f1c20ab0c4e50.pdf_1761393054_1242806581.pdf""]",tender-documents
TS_BATCH_SEC_1763121179,"[""1763013775.pdf_1763121179_336352505.pdf"", ""1763013784.pdf_1763121179_641845604.pdf"", ""1763013841.pdf_1763121179_695546738.pdf"", ""1763013847.pdf_1763121179_1569914481.pdf""]",tender-documents
TS_BATCH_SEC_1763121253,"[""1763013775.pdf_1763121253_641819820.pdf"", ""1763013784.pdf_1763121253_1461228086.pdf"", ""1763013841.pdf_1763121253_1891617309.pdf"", ""1763013847.pdf_1763121253_1842295834.pdf""]",tender-documents
TS_BATCH_SEC_1764145227,"[""1763975197.pdf_1764145227_1020394834.pdf""]",tender-documents
TS_BATCH_SEC_1766212658,"[""1764135720.xlsx_1766212658_838442835.xlsx"", ""Spec_61bbc64e-d3ac-4d88-b6891764136254693_krishnafact_(1).pdf_1766212658_394606292.pdf"", ""rfq_2025-11-24-15-44-40_32baffb5182500734a719f2602424b02_(1).pdf_1766212658_1365695988.pdf""]",tender-documents
TS_BATCH_SEC_1764671682,"[""1764236932.xlsx_1764671682_348159307.xlsx"", ""ac_plant_chennai_air_specification_2025-11-27-15-06-47_4034d09654b075ce3cf03ef84dbafac3.pdf_1764671682_526045151.pdf""]",tender-documents
TS_BATCH_SEC_1766563172,"[""1764236932_(1).xlsx_1766563172_539804294.xlsx"", ""ATC_Rev_984dde35-6ff7-4d0a-bf191764239080972_DDE_Purchase1.docx_1766563172_1152052110.docx"", ""ac_plant_chennai_air_specification_2025-11-27-15-06-47_4034d09654b075ce3cf03ef84dbafac3_(1).pdf_1766563172_1795833848.pdf""]",tender-documents
TS_BATCH_SEC_1764574586,"[""1764325582.pdf_1764574586_1342790210.pdf"", ""1764326118.pdf_1764574586_306051208.pdf"", ""atc_24ea7317-5316-4160-bdd61764400716740_drishtidhingra.pdf_1764574586_26610392.pdf""]",tender-documents
TS_BATCH_SEC_1764577088,"[""1764401197.pdf_1764577088_519487235.pdf"", ""1764401228.pdf_1764577088_16875465.pdf"", ""GEMLESS1CR_320e7aac-6f08-40b0-94831764401533114_drishtidhingra.pdf_1764577088_2020794169.pdf""]",tender-documents
TS_BATCH_SEC_1764919874,"[""1764415488.pdf_1764919874_1679548739.pdf"", ""ATC_3552268f-7a77-4066-9b941764420667876_parthasaha@nhpc.pdf_1764919874_849273593.pdf"", ""IPsigned_927c29fe-1c9c-4377-a4d21764420557489_parthasaha@nhpc.pdf_1764919874_1224956106.pdf"", ""technical_specifications_2025-11-29-16-41-36_fdec305ecb0f2e709b20d67321ad2c85.pdf_1764919874_267621024.pdf""]",tender-documents
TS_BATCH_SEC_1764920638,"[""1764415488.pdf_1764920638_1946433858.pdf"", ""ATC_3552268f-7a77-4066-9b941764420667876_parthasaha@nhpc.pdf_1764920638_959114515.pdf"", ""IPsigned_927c29fe-1c9c-4377-a4d21764420557489_parthasaha@nhpc.pdf_1764920638_2141965009.pdf"", ""technical_specifications_2025-11-29-16-41-36_fdec305ecb0f2e709b20d67321ad2c85.pdf_1764920638_544278183.pdf""]",tender-documents
TS_BATCH_SEC_1766045518,"[""1764925576.pdf_1766045518_942581186.pdf"", ""specs_scope_2025-12-05-12-54-08_b18f95ca2a4455eb17c1782d42fab37a.pdf_1766045518_1382904832.pdf""]",tender-documents
TS_BATCH_SEC_1765974443,"[""1765350480.xlsx_1765974443_1258207284.xlsx"", ""Tenderdoc_d46424e6-eae3-4380-900f1765351610837_goa@electrical.pdf_1765974443_378847714.pdf"", ""tender_document_2025-12-10-12-24-36_6ecd3034ff177cebad0b9d4c38778030.pdf_1765974443_416687453.pdf""]",tender-documents
TS_BATCH_SEC_1766473578,"[""1765444220.pdf_1766473578_436537793.pdf"", ""1765444247.pdf_1766473578_1124183310.pdf"", ""1765444263.pdf_1766473578_1625844404.pdf"", ""document-for-cms_2022-07-05-17-50-30_c3b90df06e58a7_2023-05-03-10-56-37_49a2c1176c5b2458563a0644b1fa7293_(2).pdf_1766473578_119554807.pdf""]",tender-documents
TS_BATCH_SEC_1767598338,"[""1766838657.xlsx_1767598338_1349689135.xlsx"", ""ATCAHU_3a0f4417-5857-49b1-a0011765969900147_deepak1@nic.in.pdf_1767598338_1308800230.pdf"", ""ahuspc1_2025-12-15-14-16-39_549c3414c268fbcbbcbc30d5a6861e9c.pdf_1767598338_2108696727.pdf""]",tender-documents
TS_BATCH_SEC_1767858729,"[""1767783432.xlsx_1767858729_892727006.xlsx""]",tender-documents
TS_BATCH_SEC_1754981715,"[""177971382.pdf_1754981715_1340674365.pdf""]",tender-documents
TS_BATCH_SEC_1754978687,"[""177972018_(1).pdf_1754978687_1825209024.pdf""]",tender-documents
TS_BATCH_SEC_1758105944,"[""181103296.pdf_1758105944_878181603.pdf"", ""216433.pdf_1758105944_2079524377.pdf"", ""GSECL.pdf_1758105944_1467053387.pdf""]",tender-documents
TS_BATCH_SEC_1758348834,"[""181440582.pdf_1758348834_1762526175.pdf""]",tender-documents
TS_BATCH_SEC_1758526393,"[""19092025_150805930344_(3).pdf_1758526393_359081839.pdf""]",tender-documents
TS_BATCH_SEC_1750136964,"[""192520.pdf_1750136964_551726938.pdf""]",tender-documents
TS_BATCH_SEC_1750137179,"[""194997.pdf_1750137179_906759809.pdf""]",tender-documents
TS_BATCH_SEC_1758348257,"[""194997.pdf_1758348257_1490204038.pdf"", ""Commercial_Terms_and_Conditions.pdf_1758348257_122388567.pdf"", ""Labour_Laws.pdf_1758348257_2030394424.pdf"", ""Safety_Rules.pdf_1758348257_1623976663.pdf""]",tender-documents
TS_BATCH_SEC_1748243465,"[""2.pdf_1748243465_504278590.pdf""]",tender-documents
TS_BATCH_SEC_1764054369,"[""21013-03-General_Confrimation_From_Bidder.pdf_1764054369_172283901.pdf"", ""HVAC_Tender_of_Academic_Block_F1.pdf_1764054369_1040316909.pdf"", ""PQ-_HVAC_F1.pdf_1764054369_1198145326.pdf""]",tender-documents
TS_BATCH_SEC_1765181481,"[""234055_(2)_(1).pdf_1765181481_287153978.pdf""]",tender-documents
TS_BATCH_SEC_1765181357,"[""241750_(1)_(2).pdf_1765181357_1129859746.pdf""]",tender-documents
TS_BATCH_SEC_1767334597,"[""25-26-ET-744[DSITC-_VRF_or_VRV_AC_-MOB_BBSR]-180056-COR-1337480-signedcorrigendumprebidminutes.pdf_1767334597_1828977303.pdf"", ""25-26-ET-744[DSITC-_VRF_or_VRV_AC_-MOB_BBSR]-180056-NIT-1337302-SignedBilingualNITVRF.pdf_1767334597_203974995.pdf"", ""25-26-ET-744[DSITC-_VRF_or_VRV_AC_-MOB_BBSR]-180056-TED-1337303-SignedTenderVRFAuditorium.pdf_1767334597_901449345.pdf""]",tender-documents
TS_BATCH_SEC_1748244606,"[""3.pdf_1748244606_518392415.pdf""]",tender-documents
TS_BATCH_SEC_1767348064,"[""4TRAC_d89d9d20-f792-4035-be4c1764069716254_lpafstt.01.pdf_1767348064_1484545224.pdf"", ""sow-casette_4_ton_ac_2025-11-25-14-27-17_4c6d97a5d70ce567016304ff1194f412.pdf_1767348064_1267645953.pdf""]",tender-documents
TS_BATCH_SEC_1763205994,"[""4_tech_spec_with_annexures_2025-11-11-11-04-56_8acfcced1462280a224a6957551c7c40.pdf_1763205994_1526202515.pdf"", ""ATC_e78c66a4-9b0f-4dc0-94851762927883618_6078672.pdf_1763205994_400371380.pdf""]",tender-documents
TS_BATCH_SEC_1763206494,"[""4_tech_spec_with_annexures_2025-11-11-11-04-56_8acfcced1462280a224a6957551c7c40.pdf_1763206494_1025248154.pdf"", ""ATC_e78c66a4-9b0f-4dc0-94851762927883618_6078672.pdf_1763206494_1320081489.pdf""]",tender-documents
TS_BATCH_SEC_1766753006,"[""71cac41ea318459a9707db538c6ad7ea.pdf_1766753006_2018693750.pdf""]",tender-documents
TS_BATCH_SEC_1765952669,"[""843specs_2025-11-14-14-10-22_2ebe623e81cf9a37069a118b88942439.pdf_1765952669_175487760.pdf"", ""843specs_b881cfd6-811b-4e9a-8c551763195909770_LP414.pdf_1765952669_2037806072.pdf""]",tender-documents
TS_BATCH_SEC_1761208292,"[""93441814.pdf_1761208292_1351651878.pdf""]",tender-documents
TS_BATCH_SEC_1761993270,"[""93502170.pdf_1761993270_2010192011.pdf"", ""93502170.xls_1761993270_1873793210.xls""]",tender-documents
TS_BATCH_SEC_1761299578,"[""93572877.pdf_1761299578_152392881.pdf""]",tender-documents
TS_BATCH_SEC_1762339700,"[""93679245_(1).pdf_1762339700_393394810.pdf"", ""93679245_(2).pdf_1762339700_594126616.pdf"", ""93679245_(3).pdf_1762339700_435563669.pdf"", ""viewNitPdf_5096720.pdf_1762339700_289739651.pdf""]",tender-documents
TS_BATCH_SEC_1763461967,"[""94122540_(4).pdf_1763461967_398627921.pdf""]",tender-documents
TS_BATCH_SEC_1763462038,"[""94122540_(4).pdf_1763462038_1659411320.pdf""]",tender-documents
TS_BATCH_SEC_1763361979,"[""94148953_(3).pdf_1763361979_2126834218.pdf""]",tender-documents
TS_BATCH_SEC_1763022478,"[""94172727_(2).xls_1763022478_434937335.xls"", ""Tendernotice_1_(19).pdf_1763022478_1538479460.pdf""]",tender-documents
TS_BATCH_SEC_1764160760,"[""94505545.pdf_1764160760_824941840.pdf"", ""94505545.xls_1764160760_822677987.xls""]",tender-documents
TS_BATCH_SEC_1763381399,"[""94556948_(4).pdf_1763381399_1859149621.pdf"", ""94556948_(5).pdf_1763381399_170219583.pdf""]",tender-documents
TS_BATCH_SEC_1763381961,"[""94556948_(4).pdf_1763381961_34617276.pdf"", ""94556948_(5).pdf_1763381961_30309048.pdf""]",tender-documents
TS_BATCH_SEC_1764586547,"[""94762149.pdf_1764586547_1681408215.pdf"", ""94762149.xls_1764586547_64120537.xls""]",tender-documents
TS_BATCH_SEC_1764419272,"[""94996960.pdf_1764419272_1912904987.pdf"", ""94996960.xls_1764419272_134290708.xls""]",tender-documents
TS_BATCH_SEC_1764587736,"[""95080937.pdf_1764587736_695698175.pdf"", ""95080937.xls_1764587736_1754049827.xls""]",tender-documents
TS_BATCH_SEC_1765190942,"[""95280653_(1).pdf_1765190942_504755154.pdf""]",tender-documents
TS_BATCH_SEC_1767358414,"[""95529826_(1).xls_1767358414_1854213083.xls"", ""95529826_(3).pdf_1767358414_115558501.pdf"", ""95529826_(4).pdf_1767358414_1674882675.pdf"", ""95529826_(5).pdf_1767358414_1538422243.pdf""]",tender-documents
TS_BATCH_SEC_1765976381,"[""95546437.pdf_1765976381_809121158.pdf"", ""95546437.pdf_1765976381_974232031.pdf""]",tender-documents
TS_BATCH_SEC_1767353121,"[""95552464.pdf_1767353121_1872624119.pdf""]",tender-documents
TS_BATCH_SEC_1766144833,"[""95729292.pdf_1766144833_1848025967.pdf"", ""95729292.xls_1766144833_974887348.xls"", ""95729292.zip_1766144833_170029894.zip""]",tender-documents
TS_BATCH_SEC_1766744287,"[""95744113.pdf_1766744287_334162814.pdf"", ""95744113_(1).pdf_1766744287_1458719922.pdf"", ""95744113_(2).pdf_1766744287_906663588.pdf""]",tender-documents
TS_BATCH_SEC_1766750742,"[""95826307.pdf_1766750742_719002472.pdf"", ""95826307_(1).pdf_1766750742_1023866640.pdf"", ""95826307_(10).pdf_1766750742_791983943.pdf"", ""95826307_(11).pdf_1766750742_1885915376.pdf"", ""95826307_(12).pdf_1766750742_2079379636.pdf"", ""95826307_(13).pdf_1766750742_603624977.pdf"", ""95826307_(14).pdf_1766750742_550631547.pdf"", ""95826307_(15).pdf_1766750742_1633972786.pdf"", ""95826307_(2).pdf_1766750742_1044099118.pdf"", ""95826307_(3).pdf_1766750742_1084158957.pdf"", ""95826307_(4).pdf_1766750742_378814463.pdf"", ""95826307_(5).pdf_1766750742_2086411588.pdf"", ""95826307_(6).pdf_1766750742_1455562499.pdf"", ""95826307_(7).pdf_1766750742_1184597004.pdf"", ""95826307_(8).pdf_1766750742_1653302074.pdf"", ""95826307_(9).pdf_1766750742_1962859517.pdf""]",tender-documents
TS_BATCH_SEC_1766569493,"[""95830273_(1).pdf_1766569493_1642076802.pdf""]",tender-documents
TS_BATCH_SEC_1768639937,"[""95835123.htm.pdf_1768639937_446758992.pdf""]",tender-documents
TS_BATCH_SEC_1767426587,"[""95839828_(1).pdf_1767426587_962428545.pdf""]",tender-documents
TS_BATCH_SEC_1767557190,"[""95913342.pdf_1767557190_1632884324.pdf""]",tender-documents
TS_BATCH_SEC_1767268637,"[""95940782.htm.pdf_1767268637_1087679401.pdf""]",tender-documents
TS_BATCH_SEC_1767333634,"[""95992294.pdf_1767333634_1860503097.pdf""]",tender-documents
TS_BATCH_SEC_1767435002,"[""96015611.pdf_1767435002_1114634260.pdf""]",tender-documents
TS_BATCH_SEC_1767438869,"[""96031748.pdf_1767438869_703640483.pdf"", ""96031748.xls_1767438869_1616158061.xls""]",tender-documents
TS_BATCH_SEC_1767079734,"[""96080134.pdf_1767079734_1157500998.pdf"", ""96080134.xls_1767079734_848236494.xls""]",tender-documents
TS_BATCH_SEC_1768414574,"[""96133748_(2).pdf_1768414574_618588404.pdf"", ""96429548.pdf_1768414574_1812427270.pdf"", ""96429548.xls_1768414574_1693400446.xls""]",tender-documents
TS_BATCH_SEC_1768466576,"[""96233738_(10).pdf_1768466576_876075397.pdf"", ""96233738_(11).pdf_1768466576_438093953.pdf"", ""96233738_(12).pdf_1768466576_453940333.pdf"", ""96233738_(13).pdf_1768466576_1461312335.pdf"", ""96233738_(14).pdf_1768466576_673240397.pdf"", ""96233738_(15).pdf_1768466576_1002849539.pdf"", ""96233738_(16).pdf_1768466576_2029678349.pdf"", ""96233738_(2).pdf_1768466576_1017275779.pdf"", ""96233738_(3).pdf_1768466576_569332052.pdf"", ""96233738_(4).pdf_1768466576_301552818.pdf"", ""96233738_(5).pdf_1768466576_1443341070.pdf"", ""96233738_(6).pdf_1768466576_722507091.pdf"", ""96233738_(7).pdf_1768466576_1396262255.pdf"", ""96233738_(8).pdf_1768466576_1855537851.pdf"", ""96233738_(9).pdf_1768466576_1395803271.pdf""]",tender-documents
TS_BATCH_SEC_1769065663,"[""96301206.pdf_1769065663_1729606538.pdf""]",tender-documents
TS_BATCH_SEC_1769457243,"[""96330625.pdf_1769457243_497625401.pdf"", ""96330625.xls_1769457243_1255929259.xls""]",tender-documents
TS_BATCH_SEC_1768383791,"[""96341922.pdf_1768383791_907557361.pdf"", ""96341922.xls_1768383791_250024298.xls""]",tender-documents
TS_BATCH_SEC_1769453074,"[""96379345.pdf_1769453074_210372738.pdf"", ""96379345.xls_1769453074_1498286984.xls""]",tender-documents
TS_BATCH_SEC_1769182970,"[""96429548_(1).pdf_1769182970_1102900903.pdf"", ""96429548_(1).xls_1769182970_993365857.xls"", ""BOQ_939015.xls_1769182970_1247009134.xls"", ""NITDocumentIndustrialAC.pdf_1769182970_1914644970.pdf""]",tender-documents
TS_BATCH_SEC_1769454393,"[""96435707.pdf_1769454393_1637373658.pdf"", ""96435707.xls_1769454393_1307778034.xls""]",tender-documents
TS_BATCH_SEC_1768415652,"[""96436783.pdf_1768415652_702201100.pdf"", ""tt_316_2026-01-02-16-30-11_56a7b8c1a8d7df3a8f1bf674735cc2ec.pdf_1768415652_1093801252.pdf""]",tender-documents
TS_BATCH_SEC_1769974183,"[""96500042.pdf_1769974183_2065895341.pdf"", ""96500042.xls_1769974183_1725838839.xls""]",tender-documents
TS_BATCH_SEC_1769457467,"[""96678920.pdf_1769457467_1847674221.pdf""]",tender-documents
TS_BATCH_SEC_1735893092,"[""AAI.html_1735893092_592927176.html""]",tender-documents
TS_BATCH_SEC_1732356590,"[""AEGCL.html_1732356590_1885623674.html""]",tender-documents
TS_BATCH_SEC_1735211467,"[""AFT.pdf_1735211467_1996571767.pdf""]",tender-documents
TS_BATCH_SEC_1733834417,"[""APPGCL.pdf_1733834417_593566035.pdf""]",tender-documents
TS_BATCH_SEC_1757589218,"[""ATC.pdf_1757589218_1427441067.pdf"", ""RTCIL.pdf_1757589218_2138277125.pdf""]",tender-documents
TS_BATCH_SEC_1762336662,"[""ATCFINAL_8422fac7-34bc-4884-89c81762169252489_buyer261@bhel.pdf_1762336662_1797625952.pdf"", ""pqrspec_2025-10-31-18-04-57_5726a80447f9dd00b376da24a3460b4f.pdf_1762336662_1364484473.pdf""]",tender-documents
TS_BATCH_SEC_1762336954,"[""ATCFINAL_8422fac7-34bc-4884-89c81762169252489_buyer261@bhel.pdf_1762336954_515769644.pdf"", ""pqrspec_2025-10-31-18-04-57_5726a80447f9dd00b376da24a3460b4f.pdf_1762336954_513470397.pdf""]",tender-documents
TS_BATCH_SEC_1763539419,"[""ATCFINAL_8422fac7-34bc-4884-89c81762169252489_buyer261@bhel_(1).pdf_1763539419_406955272.pdf"", ""pqrspec_2025-10-31-18-04-57_5726a80447f9dd00b376da24a3460b4f_(1).pdf_1763539419_1920111552.pdf""]",tender-documents
TS_BATCH_SEC_1756707791,"[""ATC_0abd9325-d789-4edf-b1e71756446495484_gschuphal@vijayveer.docx_1756707791_1142442864.docx"", ""IA.pdf_1756707791_377268954.pdf"", ""itema_upload_on_gem_05_2025-08-29-11-11-39_5f86e7ce72e4aca1b0968c3fda1ea697.pdf_1756707791_155171545.pdf""]",tender-documents
TS_BATCH_SEC_1765537245,"[""ATC_26ef6a40-c667-4d29-95db1763442573476_namrata@nitgoa.ac.in.pdf_1765537245_1011314298.pdf"", ""document-for-cms_2022-07-05-17-50-30_c3b90df06e58a7_2023-05-03-10-56-37_49a2c1176c5b2458563a0644b1fa7293_(1).pdf_1765537245_974391114.pdf""]",tender-documents
TS_BATCH_SEC_1766142622,"[""ATC_26ef6a40-c667-4d29-95db1763442573476_namrata@nitgoa.ac.in_(1).pdf_1766142622_1322026724.pdf""]",tender-documents
TS_BATCH_SEC_1767682223,"[""ATC_589eb322-6fcc-44d5-b6d21767598800229_ae_elect.pdf_1767682223_1167348806.pdf"", ""ATC_fc073cac-209d-4184-afbc1767598786946_ae_elect.pdf_1767682223_1143082979.pdf""]",tender-documents
TS_BATCH_SEC_1764312921,"[""ATC_727766f4-156c-48ae-843a1761971124635_Krishna@smelterpur.docx_1764312921_239045596.docx"", ""B_6846041.pdf_1764312921_1057782034.pdf"", ""custom_catalogue_2025-11-01-09-47-20_78797b7384fc6c30ab53c73ce155cfa4.pdf_1764312921_1541893925.pdf""]",tender-documents
TS_BATCH_SEC_1764313238,"[""ATC_727766f4-156c-48ae-843a1761971124635_Krishna@smelterpur.docx_1764313238_1791794521.docx"", ""B_6846041.pdf_1764313238_515746053.pdf"", ""custom_catalogue_2025-11-01-09-47-20_78797b7384fc6c30ab53c73ce155cfa4.pdf_1764313238_1402650100.pdf""]",tender-documents
TS_BATCH_SEC_1766751167,"[""ATC_7f29beb2-a069-4236-a1211765437730913_hari.midhani.pdf_1766751167_1779267997.pdf"", ""ts_2025-12-11-12-44-44_b26fd2c68bcbcb106cc763b66b81cd65.pdf_1766751167_280371036.pdf""]",tender-documents
TS_BATCH_SEC_1766561629,"[""ATC_854cc9d5-f956-4821-a2931766483550156_ddnprasad@AAI.AERO.pdf_1766561629_1873657531.pdf""]",tender-documents
TS_BATCH_SEC_1766582049,"[""ATC_854cc9d5-f956-4821-a2931766483550156_ddnprasad@AAI.AERO_(1).pdf_1766582049_1629556003.pdf""]",tender-documents
TS_BATCH_SEC_1762155215,"[""ATC_a9b4704e-d4b8-4296-97f51760435870124_gem2-nicsi.pdf_1762155215_726889087.pdf""]",tender-documents
TS_BATCH_SEC_1766127232,"[""ATC_d300d606-f569-4aa4-835d1766038473633_CPOKR12.pdf_1766127232_132770393.pdf"", ""technical_specifications_2025-12-18-10-42-29_fc99a6f5fd246527dc6ab2e5c1a2ae91.pdf_1766127232_1035654872.pdf""]",tender-documents
TS_BATCH_SEC_1767164200,"[""ATC_eaa040e0-edca-495d-83f01765453808560_ayub_admc.pdf_1767164200_1129263546.pdf""]",tender-documents
TS_BATCH_SEC_1747219426,"[""AVVNL.pdf_1747219426_1426234562.pdf""]",tender-documents
TS_BATCH_SEC_1751005065,"[""AVVNL.pdf_1751005065_486458017.pdf""]",tender-documents
TS_BATCH_SEC_1769186569,"[""Annexure-I_to_ITB_(1).pdf_1769186569_559333648.pdf"", ""Annexure_III_to_ITB.pdf_1769186569_1471202392.pdf"", ""Apendix-II_to_ITB_(1).pdf_1769186569_1929491266.pdf"", ""BOQ_301985.xls_1769186569_207988894.xls"", ""DebarrementPolicy.pdf_1769186569_1110905959.pdf"", ""Forms_and_Formats.docx_1769186569_914206033.docx"", ""ITB_OM_AND_GFR.doc_1769186569_47297336.doc"", ""NIT.doc_1769186569_1938457014.doc"", ""SOW_revised__DM_chiller.docx_1769186569_783324450.docx""]",tender-documents
TS_BATCH_SEC_1758349736,"[""Annexure-V-SOW_AND_OTHER_CONDITIONS_FOR_SCR_BATTERY_CHARGER_(1).pdf_1758349736_1499479129.pdf""]",tender-documents
TS_BATCH_SEC_1758349741,"[""Annexure-V-SOW_AND_OTHER_CONDITIONS_FOR_SCR_BATTERY_CHARGER_(1).pdf_1758349741_1996630169.pdf""]",tender-documents
TS_BATCH_SEC_1758349748,"[""Annexure-V-SOW_AND_OTHER_CONDITIONS_FOR_SCR_BATTERY_CHARGER_(1).pdf_1758349748_1644419570.pdf""]",tender-documents
TS_BATCH_SEC_1770190993,"[""Annexure_1_Price_BID_(1).pdf_1770190993_545915770.pdf"", ""ENG-EHV-1014_01.pdf_1770190993_1891783880.pdf"", ""ENG-EHV-1050_01.pdf_1770190993_188123669.pdf"", ""GCC-Composite.pdf_1770190993_859757671.pdf"", ""SSI_Questionnaire_-_FY_26.pdf_1770190993_772217781.pdf"", ""TPDDL-ENGG-ENQ-200001897-25-26.pdf_1770190993_786019568.pdf""]",tender-documents
TS_BATCH_SEC_1753686690,"[""Annexure_III_SPC.pdf_1753686690_126571208.pdf"", ""Annexure_II_BQC.pdf_1753686690_1723898680.pdf"", ""Annexure_IV_Tech.pdf_1753686690_2082612746.pdf"", ""Annexure_I_ITB.pdf_1753686690_331638304.pdf"", ""Annexure_VIII_Format_of_Forms.pdf_1753686690_2097234717.pdf"", ""Annexure_VII_Policy.pdf_1753686690_1517603467.pdf"", ""Annexure_VI_Integrity_Pact.pdf_1753686690_1845955905.pdf"", ""Annexure_V_GPC_Updated_080125.pdf_1753686690_1775063589.pdf"", ""BUDGETDOC_21690.xlsx_1753686690_909627248.xlsx"", ""GPC_Updated_171224.pdf_1753686690_637860393.pdf"", ""HSSE_POLICY.pdf_1753686690_218446756.pdf"", ""IP_PAC.pdf_1753686690_905171534.pdf"", ""NIT_PAC.pdf_1753686690_978691293.pdf""]",tender-documents
TS_BATCH_SEC_1752224154,"[""BATC_f60fcf8a-9008-4db4-99e81747978239408_buyerlucknow7.docx_1752224154_878656236.docx"", ""OM_energy_ElecAppl.pdf_1752224154_1910011370.pdf"", ""requirements_for_oem_status_against_the_category_-__2024-05-01-12-38-10_42eb1899ef2d07820095ebe48910a901.pdf_1752224154_173780108.pdf"", ""specification.pdf_1752224154_626473290.pdf"", ""stc_-version_2-_split_air_conditioner_including_gre_2024-06-26-16-57-37_efdc88d6a009d5c093d94097cf97cbc4.pdf_1752224154_793048614.pdf""]",tender-documents
TS_BATCH_SEC_1767164335,"[""BATTERYATC_62f87b6d-e5f9-4451-81541767078201113_leopard.bull@gov.in.pdf_1767164335_353028645.pdf""]",tender-documents
TS_BATCH_SEC_1762948593,"[""BATTERY_388d8260-ac3c-4481-b0581762852710147_MINIGEM@NMDC.pdf_1762948593_1540746229.pdf"", ""battery_2025-11-11-12-46-31_024dfc3c00e658aff96af042057142b2.pdf_1762948593_1167144491.pdf""]",tender-documents
TS_BATCH_SEC_1735892861,"[""BHEL.html_1735892861_208540351.html""]",tender-documents
TS_BATCH_SEC_1761823494,"[""BHEL.pdf_1761823494_926299667.pdf"", ""Tendernotice_1_(54).pdf_1761823494_1093918454.pdf""]",tender-documents
TS_BATCH_SEC_1761823495,"[""BHEL.pdf_1761823495_2115629706.pdf"", ""Tendernotice_1_(54).pdf_1761823495_864208664.pdf""]",tender-documents
TS_BATCH_SEC_1732962506,"[""BHEL_DA2.pdf_1732962506_847727673.pdf""]",tender-documents
TS_BATCH_SEC_1759998214,"[""BIDDOC_N_d3bfb69b-0427-4039-9d4d1754543897583_rkverma05.pdf_1759998214_2006778007.pdf"", ""annexure-i_2025-08-06-17-23-33_708ddfccd388ad27e1cd72391ae0fe6c_(1).pdf_1759998214_1775182313.pdf"", ""annexure-ii_2025-08-06-17-23-33_35a135bf4dc90010c8ea0b65f1cd781f_(1).pdf_1759998214_399535410.pdf"", ""item_1_2025-08-06-17-23-33_807d7f9b66cc6568c0d17a98e86c34fe_(1).pdf_1759998214_1697585665.pdf""]",tender-documents
TS_BATCH_SEC_1767347816,"[""BOQ_146360.xls_1767347816_1293411423.xls"", ""F2.pdf_1767347816_1151039080.pdf"", ""Tendernotice_1_(18).pdf_1767347816_67152853.pdf""]",tender-documents
TS_BATCH_SEC_1770018896,"[""BOQ_304639.xls_1770018896_69835101.xls"", ""Tenderdocument.pdf_1770018896_978523226.pdf""]",tender-documents
TS_BATCH_SEC_1768032437,"[""BOQ_60710.xls_1768032437_1260824962.xls"", ""Tendernotice_1_(32).pdf_1768032437_798638738.pdf""]",tender-documents
TS_BATCH_SEC_1768032537,"[""BOQ_60710.xls_1768032537_688640121.xls"", ""Tendernotice_1_(32).pdf_1768032537_1643540739.pdf""]",tender-documents
TS_BATCH_SEC_1757157626,"[""BOQ_919561.xls_1757157626_1243570650.xls"", ""Tendernotice_1_(5).pdf_1757157626_1841573726.pdf""]",tender-documents
TS_BATCH_SEC_1769533895,"[""BOQ_940007.xls_1769533895_410656224.xls"", ""Tender305.pdf_1769533895_1184507911.pdf""]",tender-documents
TS_BATCH_SEC_1758626949,"[""BPCL_(2).pdf_1758626949_1673988874.pdf""]",tender-documents
TS_BATCH_SEC_1732356856,"[""BPCL_KERALA3.pdf_1732356856_2134885782.pdf""]",tender-documents
TS_BATCH_SEC_1735889129,"[""BRBCL.html_1735889129_1541471163.html""]",tender-documents
TS_BATCH_SEC_1768546564,"[""BSPCL.pdf_1768546564_342517228.pdf""]",tender-documents
TS_BATCH_SEC_1769668702,"[""Bid_Document_RRVUNL.pdf_1769668702_1505875826.pdf"", ""NIB-Document_1768302725.pdf_1769668702_1735684308.pdf""]",tender-documents
TS_BATCH_SEC_1752041208,"[""Bid_final.pdf_1752041208_632417172.pdf""]",tender-documents
TS_BATCH_SEC_1758530432,"[""BidderATC_c051281e-fd94-41b8-92801757569741785_kvsingh@224abod_(1).docx_1758530432_91443011.docx"", ""IA_(2).pdf_1758530432_57237000.pdf""]",tender-documents
TS_BATCH_SEC_1732879107,"[""CDAC.pdf_1732879107_503767321.pdf""]",tender-documents
TS_BATCH_SEC_1737455532,"[""CR.pdf_1737455532_1196587114.pdf""]",tender-documents
TS_BATCH_SEC_1758281639,"[""Checklist_04517656-a42d-44db-8d091757148567364_VSC_GEM.docx_1758281639_453181669.docx"", ""green_room_air_conditioner_specifications_-draft-_d_2024-05-01-11-50-44_6dc927f8627fd0e694ecf3e91a001743_(11).pdf_1758281639_230728195.pdf""]",tender-documents
TS_BATCH_SEC_1760167576,"[""Checklist_04517656-a42d-44db-8d091757148567364_VSC_GEM_(1).docx_1760167576_1527985639.docx"", ""OM_energy_ElecAppl_(2).pdf_1760167576_212391565.pdf"", ""green_room_air_conditioner_specifications_-draft-_d_2024-05-01-11-50-44_6dc927f8627fd0e694ecf3e91a001743_(16).pdf_1760167576_1890822555.pdf"", ""requirements_for_oem_status_against_the_category_-__2024-05-01-12-38-10_42eb1899ef2d07820095ebe48910a901_(8).pdf_1760167576_1528642139.pdf"", ""stc_-version_2-_split_air_conditioner_including_gre_2024-06-26-16-57-37_efdc88d6a009d5c093d94097cf97cbc4_(9).pdf_1760167576_424446241.pdf""]",tender-documents
TS_BATCH_SEC_1760166259,"[""Checklist_b5d36153-9cbc-4eb5-aec71757149320521_VSC_GEM.docx_1760166259_186515929.docx"", ""green_room_air_conditioner_specifications_-draft-_d_2024-05-01-11-50-44_6dc927f8627fd0e694ecf3e91a001743_(15).pdf_1760166259_1012702975.pdf"", ""requirements_for_oem_status_against_the_category_-__2024-05-01-12-38-10_42eb1899ef2d07820095ebe48910a901_(7).pdf_1760166259_1391173956.pdf"", ""stc_-version_2-_split_air_conditioner_including_gre_2024-06-26-16-57-37_efdc88d6a009d5c093d94097cf97cbc4_(8).pdf_1760166259_1376257558.pdf""]",tender-documents
TS_BATCH_SEC_1768031397,"[""DGBPS_2_112A_S_73040_EMD.pdf_1768031397_291626810.pdf"", ""New_Supply_General_Commercial_Terms_and_Conditions_1_to_72_pages__(1).pdf_1768031397_1336554071.pdf""]",tender-documents
TS_BATCH_SEC_1735205210,"[""DGLL.pdf_1735205210_1921253833.pdf""]",tender-documents
TS_BATCH_SEC_1733828026,"[""DMRC.html_1733828026_279299336.html""]",tender-documents
TS_BATCH_SEC_1734441572,"[""DMRC.html_1734441572_881424900.html""]",tender-documents
TS_BATCH_SEC_1735194570,"[""DMRC.html_1735194570_761050912.html""]",tender-documents
TS_BATCH_SEC_1759220422,"[""DMRC_(1).pdf_1759220422_1090105513.pdf""]",tender-documents
TS_BATCH_SEC_1750754571,"[""DOC.pdf_1750754571_1388666907.pdf""]",tender-documents
TS_BATCH_SEC_1736856063,"[""DRDO.pdf_1736856063_667016275.pdf""]",tender-documents
TS_BATCH_SEC_1737964896,"[""DVVNL.pdf_1737964896_361124040.pdf""]",tender-documents
TS_BATCH_SEC_1737370830,"[""DWR.pdf_1737370830_1014474552.pdf""]",tender-documents
TS_BATCH_SEC_1770047001,"[""Detailed_NIT19.pdf_1770047001_1485636019.pdf""]",tender-documents
TS_BATCH_SEC_1767356137,"[""DirectAC_c_cb676c78-ec0f-48f2-948d1766579013456_store.dt_(1).pdf_1767356137_1408032034.pdf""]",tender-documents
TS_BATCH_SEC_1736700082,"[""ECL.pdf_1736700082_709837247.pdf""]",tender-documents
TS_BATCH_SEC_1755583906,"[""EDoc4TRateContractBatteries.pdf_1755583906_1117439620.pdf""]",tender-documents
TS_BATCH_SEC_1755689263,"[""EDoc4TRateContractBatteries_(1).pdf_1755689263_738358696.pdf""]",tender-documents
TS_BATCH_SEC_1748930947,"[""FINALTENDERDOCUMENT1.pdf_1748930947_242171410.pdf""]",tender-documents
TS_BATCH_SEC_1735199380,"[""GAIL.pdf_1735199380_1368678839.pdf""]",tender-documents
TS_BATCH_SEC_1736230748,"[""GAIL.pdf_1736230748_2009637529.pdf""]",tender-documents
TS_BATCH_SEC_1738144519,"[""GAIL.pdf_1738144519_1727982241.pdf""]",tender-documents
TS_BATCH_SEC_1740466158,"[""GAIL.pdf_1740466158_706733827.pdf""]",tender-documents
TS_BATCH_SEC_1731994902,"[""GAIL_DIBIYAPUR4.pdf_1731994902_1852923943.pdf"", ""GB4.pdf_1731994902_881821072.pdf""]",tender-documents
TS_BATCH_SEC_1735209059,"[""GETCO.html_1735209059_1139968179.html""]",tender-documents
TS_BATCH_SEC_1735209661,"[""GSECL.html_1735209661_635143904.html""]",tender-documents
TS_BATCH_SEC_1735891884,"[""GSECL.html_1735891884_1409696200.html""]",tender-documents
TS_BATCH_SEC_1736708704,"[""GSECL.pdf_1736708704_1780110034.pdf""]",tender-documents
TS_BATCH_SEC_1736710634,"[""GSECL.pdf_1736710634_1538076566.pdf""]",tender-documents
TS_BATCH_SEC_1736770836,"[""GSECL.pdf_1736770836_361384560.pdf""]",tender-documents
TS_BATCH_SEC_1759559745,"[""GSECL_(1).pdf_1759559745_1057842953.pdf"", ""KLTPS_12_ME-165_TB.pdf_1759559745_326650000.pdf"", ""KLTPS_Comm__Terms_Cond_E-PROCUREMENT.pdf_1759559745_25568017.pdf""]",tender-documents
TS_BATCH_SEC_1736855671,"[""GSL.pdf_1736855671_564844470.pdf""]",tender-documents
TS_BATCH_SEC_1762328479,"[""GSPEC_47582e0d-3c9d-4c40-94191761622735869_SRATNAKAR.pdf_1762328479_1417340476.pdf""]",tender-documents
TS_BATCH_SEC_1736230495,"[""G__gailtenders_writereaddata_Tender_gembid_20241217_185827.pdf_1736230495_1991860012.pdf""]",tender-documents
TS_BATCH_SEC_1736230501,"[""G__gailtenders_writereaddata_Tender_gembid_20241217_185827.pdf_1736230501_641625456.pdf""]",tender-documents
TS_BATCH_SEC_1736230503,"[""G__gailtenders_writereaddata_Tender_gembid_20241217_185827.pdf_1736230503_169017037.pdf""]",tender-documents
TS_BATCH_SEC_1736230504,"[""G__gailtenders_writereaddata_Tender_gembid_20241217_185827.pdf_1736230504_1409007084.pdf"", ""G__gailtenders_writereaddata_Tender_gembid_20241217_185827.pdf_1736230504_788757033.pdf""]",tender-documents
TS_BATCH_SEC_1736230510,"[""G__gailtenders_writereaddata_Tender_gembid_20241217_185827.pdf_1736230510_944010750.pdf""]",tender-documents
TS_BATCH_SEC_1736230511,"[""G__gailtenders_writereaddata_Tender_gembid_20241217_185827.pdf_1736230511_120892198.pdf"", ""G__gailtenders_writereaddata_Tender_gembid_20241217_185827.pdf_1736230511_1500907408.pdf"", ""G__gailtenders_writereaddata_Tender_gembid_20241217_185827.pdf_1736230511_687490387.pdf"", ""G__gailtenders_writereaddata_Tender_gembid_20241217_185827.pdf_1736230511_765888490.pdf""]",tender-documents
TS_BATCH_SEC_1736230512,"[""G__gailtenders_writereaddata_Tender_gembid_20241217_185827.pdf_1736230512_523683500.pdf"", ""G__gailtenders_writereaddata_Tender_gembid_20241217_185827.pdf_1736230512_802620604.pdf""]",tender-documents
TS_BATCH_SEC_1736230519,"[""G__gailtenders_writereaddata_Tender_gembid_20241217_185827.pdf_1736230519_1183806794.pdf"", ""G__gailtenders_writereaddata_Tender_gembid_20241217_185827.pdf_1736230519_1220590708.pdf"", ""G__gailtenders_writereaddata_Tender_gembid_20241217_185827.pdf_1736230519_904517030.pdf""]",tender-documents
TS_BATCH_SEC_1736230520,"[""G__gailtenders_writereaddata_Tender_gembid_20241217_185827.pdf_1736230520_22513860.pdf""]",tender-documents
TS_BATCH_SEC_1748676163,"[""Government_eProcurement_System2.pdf_1748676163_1013029508.pdf""]",tender-documents
TS_BATCH_SEC_1735894086,"[""HAL.pdf_1735894086_533782048.pdf""]",tender-documents
TS_BATCH_SEC_1736711720,"[""HESCOM.pdf_1736711720_82490230.pdf""]",tender-documents
TS_BATCH_SEC_1734442664,"[""HPCL.pdf_1734442664_1256671109.pdf""]",tender-documents
TS_BATCH_SEC_1735278320,"[""HPCL.pdf_1735278320_481527034.pdf""]",tender-documents
TS_BATCH_SEC_1736835179,"[""HPCL.pdf_1736835179_916947646.pdf""]",tender-documents
TS_BATCH_SEC_1738044574,"[""HPCL.pdf_1738044574_1899945948.pdf""]",tender-documents
TS_BATCH_SEC_1735297075,"[""HPGCL.pdf_1735297075_912078615.pdf""]",tender-documents
TS_BATCH_SEC_1736771286,"[""HPSEBL.pdf_1736771286_1206068318.pdf""]",tender-documents
TS_BATCH_SEC_1759227885,"[""HRY.pdf_1759227885_1797079007.pdf"", ""HRY2.pdf_1759227885_1097106293.pdf""]",tender-documents
TS_BATCH_SEC_1735212341,"[""IA.pdf_1735212341_1907517949.pdf""]",tender-documents
TS_BATCH_SEC_1736699387,"[""IA.pdf_1736699387_124834662.pdf""]",tender-documents
TS_BATCH_SEC_1736710964,"[""IA.pdf_1736710964_890719074.pdf""]",tender-documents
TS_BATCH_SEC_1736770508,"[""IA.pdf_1736770508_304104133.pdf""]",tender-documents
TS_BATCH_SEC_1736835427,"[""IA.pdf_1736835427_1189717768.pdf""]",tender-documents
TS_BATCH_SEC_1737627011,"[""IAF.pdf_1737627011_59305090.pdf""]",tender-documents
TS_BATCH_SEC_1732859333,"[""IAF_DELHI.pdf_1732859333_1178811451.pdf""]",tender-documents
TS_BATCH_SEC_1736152043,"[""IIT.pdf_1736152043_980593604.pdf""]",tender-documents
TS_BATCH_SEC_1735883418,"[""IN.pdf_1735883418_1318294187.pdf""]",tender-documents
TS_BATCH_SEC_1736145337,"[""IN2.pdf_1736145337_1863520658.pdf""]",tender-documents
TS_BATCH_SEC_1734097409,"[""IOCL.pdf_1734097409_1912538733.pdf""]",tender-documents
TS_BATCH_SEC_1734110179,"[""IOCL.pdf_1734110179_1356131144.pdf""]",tender-documents
TS_BATCH_SEC_1734931743,"[""IOCL.pdf_1734931743_32155645.pdf""]",tender-documents
TS_BATCH_SEC_1735208238,"[""IOCL.pdf_1735208238_168033014.pdf""]",tender-documents
TS_BATCH_SEC_1735210666,"[""IOCL.pdf_1735210666_298253383.pdf""]",tender-documents
TS_BATCH_SEC_1735216410,"[""IOCL.pdf_1735216410_1759229774.pdf""]",tender-documents
TS_BATCH_SEC_1736697567,"[""IOCL.pdf_1736697567_504983054.pdf""]",tender-documents
TS_BATCH_SEC_1736753125,"[""IOCL.pdf_1736753125_321329564.pdf""]",tender-documents
TS_BATCH_SEC_1736770332,"[""IOCL.pdf_1736770332_574628774.pdf""]",tender-documents
TS_BATCH_SEC_1736835870,"[""IOCL.pdf_1736835870_1160753013.pdf""]",tender-documents
TS_BATCH_SEC_1736836036,"[""IOCL.pdf_1736836036_1244751760.pdf""]",tender-documents
TS_BATCH_SEC_1736836197,"[""IOCL.pdf_1736836197_1819370754.pdf""]",tender-documents
TS_BATCH_SEC_1737965947,"[""IOCL.pdf_1737965947_764625055.pdf""]",tender-documents
TS_BATCH_SEC_1732355755,"[""IOCL_VADODARA.pdf_1732355755_1639086116.pdf""]",tender-documents
TS_BATCH_SEC_1763203898,"[""IREL.pdf_1763203898_1218440595.pdf"", ""Tendernotice_1_(71).pdf_1763203898_1904727044.pdf""]",tender-documents
TS_BATCH_SEC_1768379458,"[""IR_Annexure-II.pdf_1768379458_1867460080.pdf"", ""South_Western_Railway_Documents.pdf_1768379458_1733825014.pdf""]",tender-documents
TS_BATCH_SEC_1751006330,"[""ITB_GCC_original.pdf_1751006330_746738559.pdf""]",tender-documents
TS_BATCH_SEC_1751006333,"[""ITB_GCC_original.pdf_1751006333_1421323865.pdf""]",tender-documents
TS_BATCH_SEC_1751006347,"[""ITB_GCC_original.pdf_1751006347_320055141.pdf""]",tender-documents
TS_BATCH_SEC_1751006356,"[""ITB_GCC_original.pdf_1751006356_838199189.pdf""]",tender-documents
TS_BATCH_SEC_1753075506,"[""ITB_GCC_original_(2).pdf_1753075506_702643419.pdf""]",tender-documents
TS_BATCH_SEC_1754979968,"[""JMRC.pdf_1754979968_253815085.pdf""]",tender-documents
TS_BATCH_SEC_1734440659,"[""JVVNL.html_1734440659_1026836701.html""]",tender-documents
TS_BATCH_SEC_1754980830,"[""JVVNL.pdf_1754980830_507327501.pdf""]",tender-documents
TS_BATCH_SEC_1732357759,"[""JVVNL2.html_1732357759_642436819.html""]",tender-documents
TS_BATCH_SEC_1731998954,"[""KMRL.pdf_1731998954_1907601016.pdf""]",tender-documents
TS_BATCH_SEC_1734097658,"[""KMRL.pdf_1734097658_2038735743.pdf""]",tender-documents
TS_BATCH_SEC_1731998955,"[""KMRL2.pdf_1731998955_837262733.pdf""]",tender-documents
TS_BATCH_SEC_1737964090,"[""KSEB.pdf_1737964090_508957788.pdf""]",tender-documents
TS_BATCH_SEC_1738139962,"[""KSEB.pdf_1738139962_1197249949.pdf""]",tender-documents
TS_BATCH_SEC_1737966979,"[""LRAS.pdf_1737966979_1925716569.pdf""]",tender-documents
TS_BATCH_SEC_1746856901,"[""M.pdf_1746856901_508702572.pdf""]",tender-documents
TS_BATCH_SEC_1736771509,"[""MAHATRANSCO.pdf_1736771509_452533652.pdf""]",tender-documents
TS_BATCH_SEC_1736771941,"[""MAHATRANSCO.pdf_1736771941_59468744.pdf""]",tender-documents
TS_BATCH_SEC_1737531019,"[""MAHATRANSCO.pdf_1737531019_1306250958.pdf""]",tender-documents
TS_BATCH_SEC_1735215374,"[""MDSL.pdf_1735215374_1469129959.pdf""]",tender-documents
TS_BATCH_SEC_1738142295,"[""MSETCL.jpg_1738142295_1299913201.jpg""]",tender-documents
TS_BATCH_SEC_1736700312,"[""MSETCL.pdf_1736700312_1640714357.pdf""]",tender-documents
TS_BATCH_SEC_1736712210,"[""MSETCL.pdf_1736712210_353486297.pdf""]",tender-documents
TS_BATCH_SEC_1737964710,"[""MSETCL.pdf_1737964710_1849949568.pdf""]",tender-documents
TS_BATCH_SEC_1756299034,"[""MSETCL_VRLA_(1).pdf_1756299034_2141964159.pdf""]",tender-documents
TS_BATCH_SEC_1766213292,"[""N.pdf_1766213292_1529248486.pdf"", ""NT.pdf_1766213292_1233968813.pdf"", ""ntpc.pdf_1766213292_1626302630.pdf""]",tender-documents
TS_BATCH_SEC_1758625821,"[""NIAB.pdf_1758625821_1943648944.pdf"", ""NIAB2.pdf_1758625821_1864769611.pdf""]",tender-documents
TS_BATCH_SEC_1759998843,"[""NIT.pdf_1759998843_1879225679.pdf""]",tender-documents
TS_BATCH_SEC_1760602803,"[""NITATC_645300c0-a077-43f0-990e1760439116477_Praveen_2021.pdf_1760602803_2071070943.pdf"", ""technical_specification_2025-10-14-15-58-10_f030b4f5504d1951d9f64ea64087749e.pdf_1760602803_1769024385.pdf""]",tender-documents
TS_BATCH_SEC_1762416624,"[""NITATC_645300c0-a077-43f0-990e1760439116477_Praveen_2021_(1).pdf_1762416624_1754718268.pdf"", ""technical_specification_2025-10-14-15-58-10_f030b4f5504d1951d9f64ea64087749e_(1).pdf_1762416624_352477982.pdf""]",tender-documents
TS_BATCH_SEC_1765355330,"[""NIT_11_510077201764648943_(2).pdf_1765355330_1974706283.pdf""]",tender-documents
TS_BATCH_SEC_1765974222,"[""NIT_11_510077201764648943_(3).pdf_1765974222_844293844.pdf""]",tender-documents
TS_BATCH_SEC_1764668174,"[""NIT_2497_AC.pdf_1764668174_14553754.pdf""]",tender-documents
TS_BATCH_SEC_1766148403,"[""NIT_NO_32_25_26.pdf_1766148403_1918146420.pdf""]",tender-documents
TS_BATCH_SEC_1768474451,"[""NIT_TD8713_(1).pdf_1768474451_493226690.pdf""]",tender-documents
TS_BATCH_SEC_1758008624,"[""NITdocuments-43-5thRecall.pdf_1758008624_666293467.pdf"", ""TenderConsolidationView_126453.pdf_1758008624_1261193168.pdf""]",tender-documents
TS_BATCH_SEC_1735296317,"[""NMDC.pdf_1735296317_2066789173.pdf""]",tender-documents
TS_BATCH_SEC_1736707334,"[""NMDC.pdf_1736707334_1957041927.pdf""]",tender-documents
TS_BATCH_SEC_1736834485,"[""NMDC.pdf_1736834485_1477945968.pdf""]",tender-documents
TS_BATCH_SEC_1766817760,"[""NMRCL.pdf_1766817760_46089531.pdf""]",tender-documents
TS_BATCH_SEC_1732361857,"[""NPCIL_BOISAR.pdf_1732361857_1159544898.pdf""]",tender-documents
TS_BATCH_SEC_1762949649,"[""NRPMM25033_9237ac02-3efd-48dc-a78b1762836812531_NRPL_Material_User1.pdf_1762949649_491817012.pdf"", ""techspec_2025-11-11-09-57-16_831880547363d68ec4c5dac21322bfa8.pdf_1762949649_1978798159.pdf""]",tender-documents
TS_BATCH_SEC_1735881211,"[""NTPC.pdf_1735881211_515405675.pdf""]",tender-documents
TS_BATCH_SEC_1735892450,"[""NTPC.pdf_1735892450_13853741.pdf""]",tender-documents
TS_BATCH_SEC_1736708399,"[""NTPC.pdf_1736708399_1617211513.pdf""]",tender-documents
TS_BATCH_SEC_1736712787,"[""NTPC.pdf_1736712787_1160162937.pdf""]",tender-documents
TS_BATCH_SEC_1737627484,"[""NTPC.pdf_1737627484_884956126.pdf""]",tender-documents
TS_BATCH_SEC_1735298990,"[""NTPCL.pdf_1735298990_78683942.pdf""]",tender-documents
TS_BATCH_SEC_1736709730,"[""NTPCL.pdf_1736709730_2144006641.pdf""]",tender-documents
TS_BATCH_SEC_1737010559,"[""NTPCL.pdf_1737010559_948418583.pdf""]",tender-documents
TS_BATCH_SEC_1737096913,"[""NTPCL.pdf_1737096913_958395982.pdf""]",tender-documents
TS_BATCH_SEC_1734108790,"[""NTPCL2.pdf_1734108790_1637656516.pdf""]",tender-documents
TS_BATCH_SEC_1735890573,"[""NWR.html_1735890573_803235169.html""]",tender-documents
TS_BATCH_SEC_1735194770,"[""OIDB.html_1735194770_1533661530.html""]",tender-documents
TS_BATCH_SEC_1761905001,"[""PAC_9c394968-709d-4a2f-ad161756534377012_OGPGEMAOPP_(2).pdf_1761905001_34890583.pdf""]",tender-documents
TS_BATCH_SEC_1732962180,"[""PGCIL_ND.pdf_1732962180_2001725484.pdf""]",tender-documents
TS_BATCH_SEC_1735277542,"[""PHHL.pdf_1735277542_1079290057.pdf""]",tender-documents
TS_BATCH_SEC_1735299645,"[""PSPCL.html_1735299645_2038406048.html""]",tender-documents
TS_BATCH_SEC_1735894296,"[""PSTCL.html_1735894296_1579455148.html""]",tender-documents
TS_BATCH_SEC_1752223517,"[""Price_7039e044-2676-42d3-9fb11749016374943_Imtiazkhan@spmcil.com.docx_1752223517_838402635.docx""]",tender-documents
TS_BATCH_SEC_1758004637,"[""R1.pdf_1758004637_1543162380.pdf"", ""R2.pdf_1758004637_1650986186.pdf"", ""R3.pdf_1758004637_1058561706.pdf"", ""R4.pdf_1758004637_1003665355.pdf""]",tender-documents
TS_BATCH_SEC_1764314210,"[""RCF_(1).pdf_1764314210_658597393.pdf""]",tender-documents
TS_BATCH_SEC_1734110527,"[""RCIL.pdf_1734110527_66405769.pdf""]",tender-documents
TS_BATCH_SEC_1735897637,"[""RCIL.pdf_1735897637_195643581.pdf""]",tender-documents
TS_BATCH_SEC_1735886911,"[""RINL.pdf_1735886911_2075385838.pdf""]",tender-documents
TS_BATCH_SEC_1737356817,"[""RINL.pdf_1737356817_1100094555.pdf""]",tender-documents
TS_BATCH_SEC_1734440430,"[""RRVPNL.html_1734440430_830506697.html""]",tender-documents
TS_BATCH_SEC_1742278656,"[""RRVPNL.pdf_1742278656_2140805797.pdf""]",tender-documents
TS_BATCH_SEC_1731994601,"[""RRVUN.html_1731994601_896151918.html""]",tender-documents
TS_BATCH_SEC_1735212679,"[""RRVUNL.html_1735212679_1519316779.html""]",tender-documents
TS_BATCH_SEC_1734099459,"[""RRVUNL.pdf_1734099459_433800032.pdf""]",tender-documents
TS_BATCH_SEC_1736150048,"[""RRVUNL.pdf_1736150048_112865763.pdf""]",tender-documents
TS_BATCH_SEC_1737371194,"[""RRVUNL.pdf_1737371194_1259452821.pdf""]",tender-documents
TS_BATCH_SEC_1747219933,"[""RRVUNL.pdf_1747219933_1195086467.pdf""]",tender-documents
TS_BATCH_SEC_1737374135,"[""SAIL.pdf_1737374135_190923105.pdf""]",tender-documents
TS_BATCH_SEC_1749902693,"[""SBDNIT02.pdf_1749902693_1188963869.pdf""]",tender-documents
TS_BATCH_SEC_1749902695,"[""SBDNIT02.pdf_1749902695_1335440441.pdf""]",tender-documents
TS_BATCH_SEC_1749902698,"[""SBDNIT02.pdf_1749902698_1387596363.pdf"", ""SBDNIT02.pdf_1749902698_1651844772.pdf""]",tender-documents
TS_BATCH_SEC_1749902700,"[""SBDNIT02.pdf_1749902700_1582267547.pdf""]",tender-documents
TS_BATCH_SEC_1749902722,"[""SBDNIT02.pdf_1749902722_1507389263.pdf""]",tender-documents
TS_BATCH_SEC_1750654834,"[""SBD_merged.pdf_1750654834_1994585380.pdf""]",tender-documents
TS_BATCH_SEC_1750655206,"[""SBD_merged_(1).pdf_1750655206_1052456785.pdf""]",tender-documents
TS_BATCH_SEC_1766138582,"[""SDSC.pdf_1766138582_1866154576.pdf"", ""SVAB_UPS_1___2_Battery_Repalcement_specs_(1).pdf_1766138582_567926893.pdf""]",tender-documents
TS_BATCH_SEC_1738146946,"[""SER.pdf_1738146946_708940094.pdf""]",tender-documents
TS_BATCH_SEC_1763021173,"[""SOTR_1498b07e-0b6b-4836-b4b11760092616481_buyer16_cnp_(1).pdf_1763021173_1263170004.pdf"", ""documents_2025-10-10-15-33-48_69318cd1d641d5a63bba7a70887f3df5_(1).pdf_1763021173_1778834253.pdf""]",tender-documents
TS_BATCH_SEC_1736151819,"[""SPDCTL.pdf_1736151819_485557320.pdf""]",tender-documents
TS_BATCH_SEC_1736942485,"[""SPDCTL.pdf_1736942485_2012568779.pdf""]",tender-documents
TS_BATCH_SEC_1754897641,"[""SPPP_08082025_025338328842_(1).pdf_1754897641_858015138.pdf""]",tender-documents
TS_BATCH_SEC_1735195583,"[""TCIL.html_1735195583_2090550790.html""]",tender-documents
TS_BATCH_SEC_1735539576,"[""TCIL.html_1735539576_1828121165.html""]",tender-documents
TS_BATCH_SEC_1764575786,"[""TCOF60KVA_2a31bc74-dd2c-48de-9b2d1764414381613_buycon41.hpus.hp.pdf_1764575786_836718842.pdf""]",tender-documents
TS_BATCH_SEC_1750930712,"[""TD.pdf_1750930712_242236569.pdf""]",tender-documents
TS_BATCH_SEC_1751264045,"[""TENDERDOCT145.pdf_1751264045_373425831.pdf"", ""UPRVUNL.pdf_1751264045_815837651.pdf""]",tender-documents
TS_BATCH_SEC_1749900275,"[""TENDERDOCT16.pdf_1749900275_182875506.pdf""]",tender-documents
TS_BATCH_SEC_1765967887,"[""TENDER_DOCUMENT_NIT30_(2).pdf_1765967887_1707746147.pdf""]",tender-documents
TS_BATCH_SEC_1748323082,"[""TMC.pdf_1748323082_709972801.pdf""]",tender-documents
TS_BATCH_SEC_1767162988,"[""TNEB.pdf_1767162988_1624769099.pdf"", ""Tendernotice_1_-_2025-12-31T120533.835.pdf_1767162988_422580242.pdf""]",tender-documents
TS_BATCH_SEC_1736150981,"[""TPGCL.pdf_1736150981_1988589036.pdf""]",tender-documents
TS_BATCH_SEC_1748697733,"[""Technical_specifications.pdf_1748697733_1272454257.pdf""]",tender-documents
TS_BATCH_SEC_1764673217,"[""TenderSpecification_SSD391_(1).pdf_1764673217_458018889.pdf"", ""Tendernotice_1_-_2025-12-02T162704.613.pdf_1764673217_190709983.pdf""]",tender-documents
TS_BATCH_SEC_1766571291,"[""Tenderdoc_d46424e6-eae3-4380-900f1765351610837_goa@electrical_(1).pdf_1766571291_1119321388.pdf"", ""tender_document_2025-12-10-12-24-36_6ecd3034ff177cebad0b9d4c38778030_(1).pdf_1766571291_1408457444.pdf""]",tender-documents
TS_BATCH_SEC_1766819840,"[""Tenderdocs_3c17a3ba-c9a4-4066-ba531766743581099_CPOKR14_(1).pdf_1766819840_1913937665.pdf"", ""rfq_2025-12-26-13-13-44_6126b593116ccb8f7a53389bfcfa2844.pdf_1766819840_981115346.pdf""]",tender-documents
TS_BATCH_SEC_1769064685,"[""Tendernotice_1.pdf_1769064685_1372034594.pdf""]",tender-documents
TS_BATCH_SEC_1748687424,"[""Tendernotice_1_(1).pdf_1748687424_420664251.pdf""]",tender-documents
TS_BATCH_SEC_1749618034,"[""Tendernotice_1_(10).pdf_1749618034_1504002772.pdf""]",tender-documents
TS_BATCH_SEC_1750229135,"[""Tendernotice_1_(12).pdf_1750229135_1908447000.pdf""]",tender-documents
TS_BATCH_SEC_1766751551,"[""Tendernotice_1_(12).pdf_1766751551_9052191.pdf""]",tender-documents
TS_BATCH_SEC_1766833684,"[""Tendernotice_1_(13).pdf_1766833684_1572772789.pdf""]",tender-documents
TS_BATCH_SEC_1766834460,"[""Tendernotice_1_(15).pdf_1766834460_1106178131.pdf""]",tender-documents
TS_BATCH_SEC_1767002646,"[""Tendernotice_1_(16).pdf_1767002646_2049765463.pdf""]",tender-documents
TS_BATCH_SEC_1763020027,"[""Tendernotice_1_(18).pdf_1763020027_1544793970.pdf""]",tender-documents
TS_BATCH_SEC_1767439190,"[""Tendernotice_1_(19).pdf_1767439190_694131524.pdf""]",tender-documents
TS_BATCH_SEC_1748689746,"[""Tendernotice_1_(2).pdf_1748689746_1813832424.pdf""]",tender-documents
TS_BATCH_SEC_1769454658,"[""Tendernotice_1_(2).pdf_1769454658_1036968490.pdf""]",tender-documents
TS_BATCH_SEC_1758787564,"[""Tendernotice_1_(20).pdf_1758787564_1249855389.pdf""]",tender-documents
TS_BATCH_SEC_1767596978,"[""Tendernotice_1_(20).pdf_1767596978_2121699929.pdf"", ""Tendernotice_2_(3).pdf_1767596978_1896037449.pdf""]",tender-documents
TS_BATCH_SEC_1767607955,"[""Tendernotice_1_(21).pdf_1767607955_1239944117.pdf""]",tender-documents
TS_BATCH_SEC_1751691293,"[""Tendernotice_1_(24).pdf_1751691293_1195502252.pdf""]",tender-documents
TS_BATCH_SEC_1767952988,"[""Tendernotice_1_(24).pdf_1767952988_957180006.pdf""]",tender-documents
TS_BATCH_SEC_1767959555,"[""Tendernotice_1_(25).pdf_1767959555_608407970.pdf""]",tender-documents
TS_BATCH_SEC_1768030893,"[""Tendernotice_1_(28).pdf_1768030893_37888103.pdf"", ""eProcurement_System_Government_of_Punjab.pdf_1768030893_277382461.pdf""]",tender-documents
TS_BATCH_SEC_1759127119,"[""Tendernotice_1_(3).pdf_1759127119_655793949.pdf""]",tender-documents
TS_BATCH_SEC_1769975465,"[""Tendernotice_1_(3).pdf_1769975465_2089148355.pdf""]",tender-documents
TS_BATCH_SEC_1753351930,"[""Tendernotice_1_(30).pdf_1753351930_547230234.pdf""]",tender-documents
TS_BATCH_SEC_1753352461,"[""Tendernotice_1_(31).pdf_1753352461_1531209545.pdf"", ""tenderdocument.pdf_1753352461_1141606508.pdf""]",tender-documents
TS_BATCH_SEC_1768482009,"[""Tendernotice_1_(34).pdf_1768482009_680411798.pdf""]",tender-documents
TS_BATCH_SEC_1768482915,"[""Tendernotice_1_(35).pdf_1768482915_1580925189.pdf""]",tender-documents
TS_BATCH_SEC_1768807505,"[""Tendernotice_1_(36).pdf_1768807505_152394023.pdf"", ""eProcurement_System_for_Organisations_under_MoD.pdf_1768807505_2015811585.pdf""]",tender-documents
TS_BATCH_SEC_1759733316,"[""Tendernotice_1_(38).pdf_1759733316_304134350.pdf"", ""Tendernotice_2_(1).pdf_1759733316_834102840.pdf""]",tender-documents
TS_BATCH_SEC_1763465929,"[""Tendernotice_1_(39).pdf_1763465929_373973257.pdf""]",tender-documents
TS_BATCH_SEC_1770046509,"[""Tendernotice_1_(39).pdf_1770046509_1236539328.pdf""]",tender-documents
TS_BATCH_SEC_1770100103,"[""Tendernotice_1_(40).pdf_1770100103_291302091.pdf""]",tender-documents
TS_BATCH_SEC_1770100443,"[""Tendernotice_1_(41).pdf_1770100443_790388970.pdf""]",tender-documents
TS_BATCH_SEC_1761292562,"[""Tendernotice_1_(42).pdf_1761292562_1338235994.pdf"", ""mdu.pdf_1761292562_81121603.pdf""]",tender-documents
TS_BATCH_SEC_1770100621,"[""Tendernotice_1_(42).pdf_1770100621_162493306.pdf""]",tender-documents
TS_BATCH_SEC_1768217141,"[""Tendernotice_1_(46).pdf_1768217141_1194711229.pdf""]",tender-documents
TS_BATCH_SEC_1768217212,"[""Tendernotice_1_(46).pdf_1768217212_4804599.pdf""]",tender-documents
TS_BATCH_SEC_1768217248,"[""Tendernotice_1_(46).pdf_1768217248_149239119.pdf""]",tender-documents
TS_BATCH_SEC_1768217307,"[""Tendernotice_1_(46).pdf_1768217307_939135738.pdf""]",tender-documents
TS_BATCH_SEC_1768217989,"[""Tendernotice_1_(46).pdf_1768217989_255541162.pdf""]",tender-documents
TS_BATCH_SEC_1749104081,"[""Tendernotice_1_(5).pdf_1749104081_1802168271.pdf""]",tender-documents
TS_BATCH_SEC_1749532934,"[""Tendernotice_1_(6).pdf_1749532934_1044804623.pdf""]",tender-documents
TS_BATCH_SEC_1761305245,"[""Tendernotice_1_(9).pdf_1761305245_1584388020.pdf""]",tender-documents
TS_BATCH_SEC_1734081792,"[""Tendernotice_1_(91).pdf_1734081792_1947185416.pdf""]",tender-documents
TS_BATCH_SEC_1734081797,"[""Tendernotice_1_(91).pdf_1734081797_1748492190.pdf"", ""Tendernotice_1_(91).pdf_1734081797_846630856.pdf""]",tender-documents
TS_BATCH_SEC_1734081806,"[""Tendernotice_1_(91).pdf_1734081806_1852685215.pdf""]",tender-documents
TS_BATCH_SEC_1764919126,"[""Tendernotice_1_-_2025-12-05T124812.974.pdf_1764919126_974788922.pdf"", ""Tendernotice_2_(9).pdf_1764919126_1598217386.pdf""]",tender-documents
TS_BATCH_SEC_1764919459,"[""Tendernotice_1_-_2025-12-05T124812.974.pdf_1764919459_2032990400.pdf"", ""Tendernotice_2_(9).pdf_1764919459_1474057802.pdf""]",tender-documents
TS_BATCH_SEC_1765008533,"[""Tendernotice_1_-_2025-12-06T133505.354.pdf_1765008533_1444183529.pdf"", ""UPS.pdf_1765008533_2008884739.pdf""]",tender-documents
TS_BATCH_SEC_1733829829,"[""UAD.html_1733829829_1194409938.html""]",tender-documents
TS_BATCH_SEC_1735299888,"[""UJJNL.html_1735299888_646880051.html""]",tender-documents
TS_BATCH_SEC_1734109298,"[""UJJVNL.html_1734109298_536443810.html""]",tender-documents
TS_BATCH_SEC_1746600011,"[""UP.pdf_1746600011_1640078480.pdf""]",tender-documents
TS_BATCH_SEC_1741067314,"[""UPMRCL.pdf_1741067314_990584315.pdf""]",tender-documents
TS_BATCH_SEC_1735288871,"[""UPPTCL.html_1735288871_674300259.html""]",tender-documents
TS_BATCH_SEC_1767337221,"[""UPS10KVA_6a076ce6-fc29-4755-a4d71767264928115_dyspcstore.pdf_1767337221_1428700921.pdf""]",tender-documents
TS_BATCH_SEC_1766818905,"[""UPSTECHS_818d1a12-7ec2-47d8-ac2d1766734540871_ITOTUN.pdf_1766818905_1637557666.pdf""]",tender-documents
TS_BATCH_SEC_1769670357,"[""UREDA_Docs.pdf_1769670357_1009474479.pdf""]",tender-documents
TS_BATCH_SEC_1761736331,"[""VOCPA.pdf_1761736331_1080578348.pdf"", ""VOCPA2.pdf_1761736331_1860147673.pdf""]",tender-documents
TS_BATCH_SEC_1737720267,"[""VP.pdf_1737720267_364116388.pdf""]",tender-documents
TS_BATCH_SEC_1749889595,"[""View_NIT_(1).pdf_1749889595_1701261334.pdf""]",tender-documents
TS_BATCH_SEC_1761633048,"[""Voltas_79b5cf63-2adf-4d77-a3031761207137726_Buyer5@purmr.pdf_1761633048_739908155.pdf"", ""voltas-2-1-_-1_2025-10-22-17-01-32_c546de45b57cec95645e41d966c565a6.pdf_1761633048_548319079.pdf""]",tender-documents
TS_BATCH_SEC_1763377525,"[""Voltas_79b5cf63-2adf-4d77-a3031761207137726_Buyer5@purmr_(1).pdf_1763377525_1683087750.pdf""]",tender-documents
TS_BATCH_SEC_1763377531,"[""Voltas_79b5cf63-2adf-4d77-a3031761207137726_Buyer5@purmr_(1).pdf_1763377531_1198337911.pdf""]",tender-documents
TS_BATCH_SEC_1748687952,"[""Volume_II_Section-Project-BESS_Chandwa_(1).pdf_1748687952_840859009.pdf""]",tender-documents
TS_BATCH_SEC_1769455370,"[""WBSPTCL.pdf_1769455370_2134720205.pdf""]",tender-documents
TS_BATCH_SEC_1735895554,"[""WR.jpeg_1735895554_1390067399.jpeg""]",tender-documents
TS_BATCH_SEC_1764853245,"[""WhatsApp_Image_2025-12-04_at_6.30.19_PM.jpeg_1764853245_903048677.jpeg""]",tender-documents
TS_BATCH_SEC_1767352268,"[""acspecs_2025-11-26-14-14-24_66b1cd13de310169399c3ea1a0197b33.pdf_1767352268_871280317.pdf""]",tender-documents
TS_BATCH_SEC_1768932181,"[""annexbinstructiontandc_compressed_2026-01-19-10-55-26_fa0c85e5d4444f4250acabe577dc45e1.pdf_1768932181_917770484.pdf"", ""rfq_2026-01-19-10-55-26_3ec87d9391a7db1a7844ad811a230215.xls_1768932181_1965929125.xls"", ""tendernotice_gem_2026-01-19-10-55-26_df0d0fd582c780214b64b09d3d18e9aa.pdf_1768932181_849830956.pdf""]",tender-documents
TS_BATCH_SEC_1759734052,"[""atc_3bc1608a-a115-41bf-838a1759317369789_crsandeep.docx_1759734052_1012577282.docx"", ""spec-_140_tr_2025-09-29-17-16-45_ffb396bf4245cee8e6b8278539f9514b.pdf_1759734052_209352396.pdf""]",tender-documents
TS_BATCH_SEC_1760180354,"[""atc_3bc1608a-a115-41bf-838a1759317369789_crsandeep.docx_1760180354_604760506.docx"", ""spec-_140_tr_2025-09-29-17-16-45_ffb396bf4245cee8e6b8278539f9514b.pdf_1760180354_273514755.pdf""]",tender-documents
TS_BATCH_SEC_1764662098,"[""atc_93f1eba4-741f-4270-88b81762521448178_Acctoffr2021.pdf_1764662098_1139614143.pdf""]",tender-documents
TS_BATCH_SEC_1762854498,"[""atc_fbb7e281-fd4c-4a49-ad681762248788143_DDE_PURCHASE.pdf_1762854498_1864210483.pdf"", ""specification_40_kva_ups_2025-11-04-11-47-08_766be5972998fca010eac1b22b2db50b.pdf_1762854498_1049365822.pdf""]",tender-documents
TS_BATCH_SEC_1756295768,"[""avvnl.pdf_1756295768_1634394875.pdf""]",tender-documents
TS_BATCH_SEC_1768803600,"[""batteryspec.pdf_1768803600_529652031.pdf"", ""viewNitPdf_5252795.pdf_1768803600_1437842436.pdf""]",tender-documents
TS_BATCH_SEC_1762329273,"[""boq_-_ac_work_at_motiram_adda_branch_2025-10-18-10-41-36_1318b6508cb42fc0d410131d8b7770aa.pdf_1762329273_88950408.pdf""]",tender-documents
TS_BATCH_SEC_1734098548,"[""bpcl.pdf_1734098548_2090542304.pdf""]",tender-documents
TS_BATCH_SEC_1731994267,"[""bpcl_pcs.pdf_1731994267_29542346.pdf""]",tender-documents
TS_BATCH_SEC_1731994268,"[""bpcl_pcs2.pdf_1731994268_1687434436.pdf""]",tender-documents
TS_BATCH_SEC_1736753386,"[""brbcl.pdf_1736753386_147210317.pdf""]",tender-documents
TS_BATCH_SEC_1735984385,"[""bsf.pdf_1735984385_559994698.pdf""]",tender-documents
TS_BATCH_SEC_1736698728,"[""bsnl.pdf_1736698728_598688569.pdf""]",tender-documents
TS_BATCH_SEC_1767600392,"[""bsptcl.pdf_1767600392_977302228.pdf""]",tender-documents
TS_BATCH_SEC_1736855181,"[""ced.pdf_1736855181_672020179.pdf""]",tender-documents
TS_BATCH_SEC_1736855333,"[""ced.pdf_1736855333_1134050294.pdf""]",tender-documents
TS_BATCH_SEC_1737097658,"[""cspdcl.pdf_1737097658_89654187.pdf""]",tender-documents
TS_BATCH_SEC_1734932202,"[""dmrc.pdf_1734932202_2033411031.pdf""]",tender-documents
TS_BATCH_SEC_1737530100,"[""dmrc.pdf_1737530100_1020095335.pdf""]",tender-documents
TS_BATCH_SEC_1737963471,"[""dmrc.pdf_1737963471_721891158.pdf""]",tender-documents
TS_BATCH_SEC_1741178051,"[""dmrc.pdf_1741178051_2108556150.pdf""]",tender-documents
TS_BATCH_SEC_1746856207,"[""dmrc.pdf_1746856207_1853012874.pdf""]",tender-documents
TS_BATCH_SEC_1766053908,"[""doc6263608063479465486.pdf_1766053908_368961933.pdf""]",tender-documents
TS_BATCH_SEC_1758007402,"[""doc7847019941348047317.pdf_1758007402_757782531.pdf""]",tender-documents
TS_BATCH_SEC_1757327711,"[""document-for-cms_2022-07-05-17-50-30_c3b90df06e58a7_2023-05-03-10-56-37_49a2c1176c5b2458563a0644b1fa7293_(2).pdf_1757327711_2032396568.pdf""]",tender-documents
TS_BATCH_SEC_1748674919,"[""eProcurement_System_Government_of_India.pdf_1748674919_47565646.pdf""]",tender-documents
TS_BATCH_SEC_1754113141,"[""eProcurement_System_Government_of_India.pdf_1754113141_1943296653.pdf""]",tender-documents
TS_BATCH_SEC_1755585758,"[""eProcurement_System_Government_of_India.pdf_1755585758_1967342576.pdf""]",tender-documents
TS_BATCH_SEC_1755585763,"[""eProcurement_System_Government_of_India.pdf_1755585763_1596540062.pdf""]",tender-documents
TS_BATCH_SEC_1748245474,"[""fcbc.pdf_1748245474_1132426661.pdf""]",tender-documents
TS_BATCH_SEC_1767269895,"[""gemtender_2025-12-24-18-00-33_6a776aca77c171803c9f3316c9309c22.pdf_1767269895_713271794.pdf""]",tender-documents
TS_BATCH_SEC_1767269067,"[""green_room_air_conditioner_specifications_-draft-_d_2024-05-01-11-50-44_6dc927f8627fd0e694ecf3e91a001743_(18).pdf_1767269067_2011414841.pdf"", ""requirements_for_oem_status_against_the_category_-__2024-05-01-12-38-10_42eb1899ef2d07820095ebe48910a901_(18).pdf_1767269067_1472083691.pdf"", ""stc_-version_2-_split_air_conditioner_including_gre_2024-06-26-16-57-37_efdc88d6a009d5c093d94097cf97cbc4_(18).pdf_1767269067_1763684597.pdf""]",tender-documents
TS_BATCH_SEC_1767269712,"[""green_room_air_conditioner_specifications_-draft-_d_2024-05-01-11-50-44_6dc927f8627fd0e694ecf3e91a001743_(19).pdf_1767269712_1186675767.pdf"", ""requirements_for_oem_status_against_the_category_-__2024-05-01-12-38-10_42eb1899ef2d07820095ebe48910a901_(19).pdf_1767269712_89797708.pdf"", ""stc_-version_2-_split_air_conditioner_including_gre_2024-06-26-16-57-37_efdc88d6a009d5c093d94097cf97cbc4_(19).pdf_1767269712_82486693.pdf""]",tender-documents
TS_BATCH_SEC_1770145398,"[""gsecl.pdf_1770145398_1824065567.pdf""]",tender-documents
TS_BATCH_SEC_1732361494,"[""gsecl8.pdf_1732361494_1468813493.pdf""]",tender-documents
TS_BATCH_SEC_1735216764,"[""gspl.html_1735216764_1783873218.html""]",tender-documents
TS_BATCH_SEC_1735894669,"[""gspl.html_1735894669_862117933.html""]",tender-documents
TS_BATCH_SEC_1736942071,"[""hwd.pdf_1736942071_86254432.pdf""]",tender-documents
TS_BATCH_SEC_1733827443,"[""iocl_begusarai.pdf_1733827443_2036458869.pdf""]",tender-documents
TS_BATCH_SEC_1769365440,"[""items_2026-01-06-11-51-46_fa6f041f3c4cb0d1bdf0c8738d1fbebf_(1).pdf_1769365440_1335826221.pdf""]",tender-documents
TS_BATCH_SEC_1758181409,"[""list-of-categories-where-trials-are-allowed_1712126171.pdf_1758181409_1005808261.pdf""]",tender-documents
TS_BATCH_SEC_1763120712,"[""merged_file_for_catalog_2025-10-16-12-12-24_c7b8c5f50b49da204287135195778947.pdf_1763120712_499249665.pdf""]",tender-documents
TS_BATCH_SEC_1746856001,"[""mp.pdf_1746856001_1465370606.pdf""]",tender-documents
TS_BATCH_SEC_1737106761,"[""mpmkvvcl.pdf_1737106761_123023550.pdf""]",tender-documents
TS_BATCH_SEC_1736941535,"[""mpmkvvnl.pdf_1736941535_285485823.pdf""]",tender-documents
TS_BATCH_SEC_1738045574,"[""mppgcl.pdf_1738045574_415342774.pdf""]",tender-documents
TS_BATCH_SEC_1739953991,"[""mppkvvcl.pdf_1739953991_1953284770.pdf""]",tender-documents
TS_BATCH_SEC_1759305319,"[""msetcl.pdf_1759305319_1212665828.pdf""]",tender-documents
TS_BATCH_SEC_1760689269,"[""msetcl_(3).pdf_1760689269_2109695406.pdf""]",tender-documents
TS_BATCH_SEC_1736148671,"[""nwr.pdf_1736148671_395505959.pdf""]",tender-documents
TS_BATCH_SEC_1736149714,"[""pawan_hans.pdf_1736149714_1752351812.pdf""]",tender-documents
TS_BATCH_SEC_1736707538,"[""pb.pdf_1736707538_615298341.pdf""]",tender-documents
TS_BATCH_SEC_1738231684,"[""pb.pdf_1738231684_490426850.pdf""]",tender-documents
TS_BATCH_SEC_1734442978,"[""pgcil.pdf_1734442978_371231218.pdf""]",tender-documents
TS_BATCH_SEC_1734930990,"[""pgcil.pdf_1734930990_113471921.pdf""]",tender-documents
TS_BATCH_SEC_1737720996,"[""pgcil.pdf_1737720996_896276587.pdf""]",tender-documents
TS_BATCH_SEC_1751369608,"[""pgcil.pdf_1751369608_677600802.pdf""]",tender-documents
TS_BATCH_SEC_1762326979,"[""pkpadmin,+840-4082-1-CE.pdf_1762326979_1238686060.pdf""]",tender-documents
TS_BATCH_SEC_1759995922,"[""pqr_drawing_specification_and_bidder_declaration_2025-10-01-16-56-09_1551e1f8f7f90860d1141e4cb703faaa.pdf_1759995922_1323333374.pdf""]",tender-documents
TS_BATCH_SEC_1767355776,"[""rbi_nit.pdf_1767355776_1351918414.pdf""]",tender-documents
TS_BATCH_SEC_1760595223,"[""revised-nit-for-100_kva_sep_2025-09-22-17-34-04_b52fd71c997d8daa6f00a58cd479c6c9.pdf_1760595223_1471293887.pdf""]",tender-documents
TS_BATCH_SEC_1731754833,"[""rinl5.pdf_1731754833_389737828.pdf""]",tender-documents
TS_BATCH_SEC_1731753299,"[""rr.html_1731753299_1969650956.html""]",tender-documents
TS_BATCH_SEC_1766817908,"[""smf_(3).pdf_1766817908_953945264.pdf""]",tender-documents
TS_BATCH_SEC_1737636684,"[""spdcl.pdf_1737636684_2108153597.pdf""]",tender-documents
TS_BATCH_SEC_1766485395,"[""spects_vrf_2025-11-19-12-22-55_64d5065ea9fd390ac73e5628e27f950b.pdf_1766485395_1979947628.pdf""]",tender-documents
TS_BATCH_SEC_1767953790,"[""spects_vrf_2025-11-19-12-22-55_64d5065ea9fd390ac73e5628e27f950b_(1).pdf_1767953790_311566824.pdf""]",tender-documents
TS_BATCH_SEC_1757588913,"[""tech_spec_1_2025-09-09-10-19-31_20e6ac3ac3ce802131fea59a196d399a.pdf_1757588913_946682975.pdf""]",tender-documents
TS_BATCH_SEC_1756530092,"[""technical_document_2025-08-20-09-51-45_3daab4f05ba68277d4e8b5ae5c9246c1.pdf_1756530092_378233289.pdf""]",tender-documents
TS_BATCH_SEC_1763729331,"[""tenderdoc_2025-09-19-15-51-44_1b60fc65d31f7f012fcf46be4959f102.pdf_1763729331_2053519483.pdf""]",tender-documents
TS_BATCH_SEC_1767434426,"[""tenderdoc_2025-09-19-15-51-44_1b60fc65d31f7f012fcf46be4959f102.pdf_1767434426_1851149721.pdf""]",tender-documents
TS_BATCH_SEC_1759228514,"[""test.jpeg_1759228514_1922250959.jpeg"", ""test.pdf_1759228514_319291909.pdf""]",tender-documents
TS_BATCH_SEC_1760072828,"[""test.jpeg_1760072828_1765317735.jpeg"", ""test.pdf_1760072828_1423330920.pdf""]",tender-documents
TS_BATCH_SEC_1760181835,"[""test.jpeg_1760181835_21348418.jpeg""]",tender-documents
TS_BATCH_SEC_1760184366,"[""test.jpeg_1760184366_1306363734.jpeg"", ""test.pdf_1760184366_1872592532.pdf""]",tender-documents
TS_BATCH_SEC_1762272405,"[""test.jpeg_1762272405_528369682.jpeg"", ""test.pdf_1762272405_1270855091.pdf""]",tender-documents
TS_BATCH_SEC_1762272485,"[""test.jpeg_1762272485_510861667.jpeg"", ""test.pdf_1762272485_1209330045.pdf""]",tender-documents
TS_BATCH_SEC_1760181836,"[""test.pdf_1760181836_694513218.pdf""]",tender-documents
TS_BATCH_SEC_1757574487,"[""tr_formate_for_prno_20040782_2025-08-09-11-14-22_83ed3059ad0c9d8d71aa730323ce391a_(1).pdf_1757574487_1041489217.pdf""]",tender-documents
TS_BATCH_SEC_1757500921,"[""ts_2025-09-02-15-38-47_bc85cef94f5a5dfb303e4c8a1e5a77a6.pdf_1757500921_1685355189.pdf""]",tender-documents
TS_BATCH_SEC_1757500925,"[""ts_2025-09-02-15-38-47_bc85cef94f5a5dfb303e4c8a1e5a77a6.pdf_1757500925_1191674898.pdf""]",tender-documents
TS_BATCH_SEC_1757500929,"[""ts_2025-09-02-15-38-47_bc85cef94f5a5dfb303e4c8a1e5a77a6.pdf_1757500929_20555755.pdf""]",tender-documents
TS_BATCH_SEC_1757500930,"[""ts_2025-09-02-15-38-47_bc85cef94f5a5dfb303e4c8a1e5a77a6.pdf_1757500930_295710888.pdf"", ""ts_2025-09-02-15-38-47_bc85cef94f5a5dfb303e4c8a1e5a77a6.pdf_1757500930_32880923.pdf""]",tender-documents
TS_BATCH_SEC_1757500931,"[""ts_2025-09-02-15-38-47_bc85cef94f5a5dfb303e4c8a1e5a77a6.pdf_1757500931_326994652.pdf""]",tender-documents
TS_BATCH_SEC_1757500934,"[""ts_2025-09-02-15-38-47_bc85cef94f5a5dfb303e4c8a1e5a77a6.pdf_1757500934_1128815682.pdf""]",tender-documents
TS_BATCH_SEC_1767351039,"[""ts_2025-11-24-11-20-27_e52bad0ec24e23a3c1e1263f00f3dc60_(1).pdf_1767351039_751813557.pdf""]",tender-documents
TS_BATCH_SEC_1768383107,"[""ts_2025-12-11-12-44-44_b26fd2c68bcbcb106cc763b66b81cd65_(1).pdf_1768383107_1393077356.pdf""]",tender-documents
TS_BATCH_SEC_1767423497,"[""viewNitPdf_5043093.pdf_1767423497_1634242393.pdf""]",tender-documents
TS_BATCH_SEC_1757406105,"[""viewNitPdf_5099080_(1).pdf_1757406105_1695694041.pdf""]",tender-documents
TS_BATCH_SEC_1765284869,"[""viewNitPdf_5161882.pdf_1765284869_1596918404.pdf""]",tender-documents
TS_BATCH_SEC_1767353430,"[""viewNitPdf_5191775.pdf_1767353430_342198479.pdf""]",tender-documents
TS_BATCH_SEC_1767686762,"[""viewNitPdf_5191775_(1).pdf_1767686762_2101811961.pdf""]",tender-documents
TS_BATCH_SEC_1769580904,"[""viewNitPdf_5246594.pdf_1769580904_1980306967.pdf""]",tender-documents
TS_BATCH_SEC_1768030077,"[""viewNitPdf_5246594_(1).pdf_1768030077_879867797.pdf""]",tender-documents
TS_BATCH_SEC_1768978118,"[""viewNitPdf_5258206_(1).pdf_1768978118_25773112.pdf""]",tender-documents
TS_BATCH_SEC_1769064629,"[""viewNitPdf_5258232.pdf_1769064629_1508967000.pdf""]",tender-documents
TS_BATCH_SEC_1768977879,"[""viewNitPdf_5259074_(2).pdf_1768977879_1092482968.pdf""]",tender-documents
TS_BATCH_SEC_1770183107,"[""viewNitPdf_5274573.pdf_1770183107_861678360.pdf""]",tender-documents
TS_BATCH_SEC_1767337505,"[""voltas-2nd_bid_2025-10-25-16-25-39_efd377499c5f4379a3c10b8a7bf10b43_(1).pdf_1767337505_1610489453.pdf""]",tender-documents
TS_BATCH_SEC_1737102629,"[""wr.pdf_1737102629_1727275070.pdf""]",tender-documents
TS_BATCH_SEC_1737534083,"[""wr.pdf_1737534083_448011660.pdf""]",tender-documents
TS_BATCH_SEC_1737720410,"[""wr.pdf_1737720410_1714608968.pdf""]",tender-documents
TS_BATCH_SEC_1737964487,"[""wr.pdf_1737964487_1179350050.pdf""]",tender-documents
TS_BATCH_SEC_1738044720,"[""wr.pdf_1738044720_11626596.pdf""]",tender-documents
TS_DOC_1725018445,"[""1725018445.pdf""]",tender-documents
TS_DOC_1725085579,"[""1725085579.pdf""]",tender-documents
TS_DOC_1725256083,"[""1725256083.pdf""]",tender-documents
TS_DOC_1725276762,"[""1725276762.zip""]",tender-documents
TS_DOC_1725343102,"[""1725343102.pdf""]",tender-documents
TS_DOC_1725349234,"[""1725349234.zip""]",tender-documents
TS_DOC_1725362648,"[""1725362648.pdf""]",tender-documents
TS_DOC_1725363090,"[""1725363090.pdf""]",tender-documents
TS_DOC_1725363508,"[""1725363508.pdf""]",tender-documents
TS_DOC_1725364034,"[""1725364034.pdf""]",tender-documents
TS_DOC_1725515420,"[""1725515420.pdf""]",tender-documents
TS_DOC_1725762017,"[""1725762017.pdf""]",tender-documents
TS_DOC_1725862100,"[""1725862100.zip""]",tender-documents
TS_DOC_1725862895,"[""1725862895.pdf""]",tender-documents
TS_DOC_1726464515,"[""1726464515.zip""]",tender-documents
TS_DOC_1726464897,"[""1726464897.pdf""]",tender-documents
TS_DOC_1726468396,"[""1726468396.zip""]",tender-documents
TS_DOC_1726469116,"[""1726469116.zip""]",tender-documents
TS_DOC_1726470345,"[""1726470345.pdf""]",tender-documents
TS_DOC_1726472405,"[""1726472405.pdf""]",tender-documents
TS_DOC_1726733518,"[""1726733518.zip""]",tender-documents
TS_DOC_1726735112,"[""1726735112.pdf""]",tender-documents
TS_DOC_1726740576,"[""1726740576.pdf""]",tender-documents
TS_DOC_1726811407,"[""1726811407.pdf""]",tender-documents
TS_DOC_1727503931,"[""1727503931.pdf""]",tender-documents
TS_DOC_1727504364,"[""1727504364.pdf""]",tender-documents
TS_DOC_1727504733,"[""1727504733.pdf""]",tender-documents
TS_DOC_1727518704,"[""1727518704.pdf""]",tender-documents
TS_DOC_1728376140,"[""1728376140.pdf""]",tender-documents
TS_DOC_1728376801,"[""1728376801.pdf""]",tender-documents
TS_DOC_1728644826,"[""1728644826.pdf""]",tender-documents
TS_DOC_1728648574,"[""1728648574.pdf""]",tender-documents
TS_DOC_1728649122,"[""1728649122.jpeg""]",tender-documents
TS_DOC_1728649393,"[""1728649393.pdf""]",tender-documents
TS_DOC_1729167998,"[""1729167998.pdf""]",tender-documents
TS_DOC_1729496226,"[""1729496226.pdf""]",tender-documents
TS_DOC_1729496873,"[""1729496873.pdf""]",tender-documents
TS_DOC_1730093953,"[""1730093953.pdf""]",tender-documents
TS_DOC_1730097931,"[""1730097931.pdf""]",tender-documents
TS_DOC_1730098348,"[""1730098348.pdf""]",tender-documents
TS_DOC_1730357304,"[""1730357304.pdf""]",tender-documents
TS_DOC_1730357858,"[""1730357858.pdf""]",tender-documents
TS_DOC_1730363581,"[""1730363581.pdf""]",tender-documents
TS_DOC_1730702448,"[""1730702448.pdf""]",tender-documents
TS_DOC_1730702956,"[""1730702956.html""]",tender-documents
TS_DOC_1730704257,"[""1730704257.pdf""]",tender-documents
TS_DOC_1730705720,"[""1730705720.pdf""]",tender-documents
TS_DOC_1730715019,"[""1730715019.pdf""]",tender-documents
TS_DOC_1730718011,"[""1730718011.pdf""]",tender-documents
TS_DOC_1730724473,"[""1730724473.html""]",tender-documents
TS_DOC_1730724594,"[""1730724594.pdf""]",tender-documents
TS_DOC_1731492746,"[""1731492746.pdf""]",tender-documents
TS_DOC_1731493285,"[""1731493285.pdf""]",tender-documents
TS_DOC_1731585075,"[""1731585075.zip""]",tender-documents
