tender_no,tender_id,outcome,is_won,label_source,tender_name,nit_number,organization,department,client,publish_date,bid_submission_end_date,bid_validity_days,tender_value,estimated_cost,emd_amount,emd_required,avg_annual_turnover_value,pbg_percentage,pbg_duration,pbg_required,sd_percentage,sd_required,max_ld_percentage,ld_required,technical_eligibility_age,delivery_time_supply,maf_required,reverse_auction_applicable,mse_purchase_preference,mii_purchase_preference,extraction_timestamp,compliance_status,reference_date,org_clean,clean_tender_value,tender_value_imputed,tender_value_imputed_num,log_tender_value,bid_validity_days_bounded,emd_amount_bounded,log_emd_amount,emd_ratio,turnover_req_applicable,turnover_ratio,pbg_duration_months,max_ld_cap_percent,delivery_time_supply_days,maf_required_flag,reverse_auction_flag,mse_preference_flag,msme_match,is_incumbent_psu,authority_win_rate,incumbent_buyer_status
GEM/2024/B/5264968,240,Lost,0,outcome_labels_review_xlsx,,,,,,2024-01-01 00:00:00,2024-01-01 00:00:00,,1.0,,,No,,0.0,,No,,No,,No,,,No,,,,2026-08-31 08:27:16.990351,QUALIFIED,2024-01-01 00:00:00.000000,UNKNOWN,4226894.0,True,1,15.256978238928124,120.0,0.0,0.0,0.0,0,0.0,0.0,0.0,0.0,0,0,0,0,0,0.0,0
GEM/2024/B/5305488,241,Lost,0,outcome_labels_review_xlsx,,,,,,2024-01-01 00:00:00,2024-01-01 00:00:00,,1.0,,,No,,0.0,,No,,No,,No,,,No,,,,2026-08-31 08:27:13.330628,QUALIFIED,2024-01-01 00:00:00.000000,UNKNOWN,4226894.0,True,1,15.256978238928124,120.0,0.0,0.0,0.0,0,0.0,0.0,0.0,0.0,0,0,0,0,0,0.0,0
GEM/2024/B/5324537,242,Lost,0,outcome_labels_review_xlsx,,,,,,2024-01-01 00:00:00,2024-01-01 00:00:00,,1.0,,,No,,0.0,,No,,No,,No,,,No,,,,2026-08-31 08:27:19.334069,QUALIFIED,2024-01-01 00:00:00.000000,UNKNOWN,4226894.0,True,1,15.256978238928124,120.0,0.0,0.0,0.0,0,0.0,0.0,0.0,0.0,0,0,0,0,0,0.0,0
GEM/2024/B/5328157,243,Lost,0,outcome_labels_review_xlsx,,,,,,2024-01-01 00:00:00,2024-01-01 00:00:00,,1.0,,,No,,0.0,,No,,No,,No,,,No,,,,2026-08-31 08:27:18.672463,QUALIFIED,2024-01-01 00:00:00.000000,UNKNOWN,4226894.0,True,1,15.256978238928124,120.0,0.0,0.0,0.0,0,0.0,0.0,0.0,0.0,0,0,0,0,0,0.0,0
GEM/2024/B/5336206,244,Lost,0,outcome_labels_review_xlsx,,,,,,2024-01-01 00:00:00,2024-01-01 00:00:00,,1.0,,,No,,0.0,,No,,No,,No,,,No,,,,2026-08-31 08:27:14.994908,QUALIFIED,2024-01-01 00:00:00.000000,UNKNOWN,4226894.0,True,1,15.256978238928124,120.0,0.0,0.0,0.0,0,0.0,0.0,0.0,0.0,0,0,0,0,0,0.0,0
GEM/2024/B/5584427,30,Won,1,outcome_labels_review_xlsx,,,,,,2024-01-01 00:00:00,2024-01-01 00:00:00,,1.0,,,No,,0.0,,No,,No,,No,,,No,,,,2026-08-31 08:22:27.774953,QUALIFIED,2024-01-01 00:00:00.000000,UNKNOWN,4226894.0,True,1,15.256978238928124,120.0,0.0,0.0,0.0,0,0.0,0.0,0.0,0.0,0,0,0,0,0,0.0,0
GEM/2024/B/4523113,22,Won,1,outcome_labels_review_xlsx,,,DIRECTORATE OF PURCHASE A,Department Of Atomic Energy,,2024-02-15 14:00:00,2024-02-15 14:00:00,100.0,,,73731.0,Yes,,0.0,21.0,No,,No,,No,,,No,Yes,,,2026-08-31 08:22:25.884465,QUALIFIED,2024-02-15 14:00:00.000000,DIRECTORATE OF PURCHASE A,4411760.0,True,1,15.299784487444017,100.0,73731.0,11.208192176616064,0.0003529724347251611,0,0.0,21.0,0.0,0.0,0,1,0,0,0,0.0,0
GEM/2024/B/5176335,23,Won,1,outcome_labels_review_xlsx,,,POWERGRID,Power Grid Corporation Of India Limited,,2024-08-16 15:00:00,2024-08-16 15:00:00,180.0,,,49500.0,Yes,37.13,0.0,42.0,No,,No,,No,,,Yes,,,,2026-08-31 08:22:32.105114,QUALIFIED,2024-08-16 15:00:00.000000,POWERGRID,4411760.0,True,1,15.299784487444017,180.0,49500.0,10.809748150372926,0.00023697136236990512,1,1.7775245827867832e-07,42.0,0.0,0.0,1,0,0,0,0,0.0,0
GEM/2024/B/5217904,238,Lost,0,outcome_labels_review_xlsx,,,BPCL,Bharat Petroleum Corporation Ltd,,2024-09-04 11:00:00,2024-09-04 11:00:00,30.0,,,,No,,0.0,12.0,No,,No,,No,,,No,,,,2026-08-31 08:27:12.792659,QUALIFIED,2024-09-04 11:00:00.000000,BPCL,4411760.0,True,1,15.299784487444017,30.0,0.0,0.0,0.0,0,0.0,12.0,0.0,0.0,0,0,0,0,1,0.0,0
GEM/2024/B/5205901,237,Lost,0,outcome_labels_review_xlsx,,,POWERGRID,Power Grid Corporation Of India Limited,,2024-09-04 15:00:00,2024-09-04 15:00:00,180.0,,,248000.0,Yes,,0.0,21.0,No,,No,,No,,,Yes,,,,2026-08-31 08:27:15.190262,QUALIFIED,2024-09-04 15:00:00.000000,POWERGRID,4411760.0,True,1,15.299784487444017,180.0,248000.0,12.421188057397055,0.001187250461974474,0,0.0,21.0,0.0,0.0,1,0,0,0,0,1.0,1
GEM/2024/B/5333993,24,Won,1,outcome_labels_review_xlsx,,,IOCL,Indian Oil Corporation Limited,,2024-09-19 15:00:00,2024-09-19 15:00:00,120.0,,,,No,,0.0,23.0,No,,No,5.0,Yes,,,No,,,,2026-08-31 08:22:40.236113,QUALIFIED,2024-09-19 15:00:00.000000,IOCL,1997657.14,True,1,14.507486122450072,120.0,0.0,0.0,0.0,0,0.0,23.0,5.0,0.0,0,0,0,0,1,0.0,0
GEM/2024/B/5245328,239,Lost,0,outcome_labels_review_xlsx,,,NHDC,Hydro Power,,2024-09-25 16:00:00,2024-09-25 16:00:00,180.0,,,397000.0,Yes,,0.0,20.0,No,,No,,No,,,Yes,,,,2026-08-31 08:27:15.436712,QUALIFIED,2024-09-25 16:00:00.000000,NHDC,4411760.0,True,1,15.299784487444017,180.0,397000.0,12.891694078557842,0.001900558199209138,0,0.0,20.0,0.0,0.0,1,0,0,0,0,0.0,0
GEM/2024/B/5384948,246,Lost,0,outcome_labels_review_xlsx,,,INDIAN_AIR_FORCE,Department Of Military Affairs,,2024-10-03 11:00:00,2024-10-03 11:00:00,120.0,,,,No,,0.0,,No,,No,,No,,,No,,,,2026-08-31 08:27:19.414503,QUALIFIED,2024-10-03 11:00:00.000000,INDIAN_AIR_FORCE,4411760.0,True,1,15.299784487444017,120.0,0.0,0.0,0.0,0,0.0,0.0,0.0,0.0,0,0,0,0,0,0.0,0
GEM/2024/B/5437886,250,Lost,0,outcome_labels_review_xlsx,,,BPCL,Bharat Petroleum Corporation Ltd,,2024-10-05 15:00:00,2024-10-05 15:00:00,120.0,,,72000.0,Yes,700000.0,0.0,,No,,No,,No,,,Yes,,,,2026-08-31 08:27:26.871038,QUALIFIED,2024-10-05 15:00:00.000000,BPCL,4411760.0,True,1,15.299784487444017,120.0,72000.0,11.184435286790631,0.00034468561799258924,1,0.003351110174927951,0.0,0.0,0.0,1,0,0,0,1,0.0,0
GEM/2024/B/5401198,248,Lost,0,outcome_labels_review_xlsx,,,GAIL,Gail India Limited,,2024-10-07 16:00:00,2024-10-07 16:00:00,90.0,,,35000.0,Yes,,0.0,29.0,No,,No,,No,,,No,,,,2026-08-31 08:27:19.609453,QUALIFIED,2024-10-07 16:00:00.000000,GAIL,4411760.0,True,1,15.299784487444017,90.0,35000.0,10.463131911491967,0.00016755550874639755,0,0.0,29.0,0.0,0.0,0,0,0,0,1,0.0,0
GEM/2024/B/5390456,247,Lost,0,outcome_labels_review_xlsx,,,BOKARO STEEL PLANT,Steel Authority Of India Limited,,2024-10-07 18:00:00,2024-10-07 18:00:00,180.0,,,,No,,0.0,,No,,No,,No,,,No,,,,2026-08-31 08:27:20.157987,QUALIFIED,2024-10-07 18:00:00.000000,BOKARO STEEL PLANT,4411760.0,True,1,15.299784487444017,180.0,0.0,0.0,0.0,0,0.0,0.0,0.0,0.0,0,0,0,0,0,0.0,0
GEM/2024/B/5452597,252,Lost,0,outcome_labels_review_xlsx,,,BPCL,Bharat Petroleum Corporation Ltd,,2024-10-12 09:00:00,2024-10-12 09:00:00,60.0,,,,No,,0.0,6.0,No,,No,,No,,,No,,,,2026-08-31 08:27:23.438068,QUALIFIED,2024-10-12 09:00:00.000000,BPCL,4411760.0,True,1,15.299784487444017,60.0,0.0,0.0,0.0,0,0.0,6.0,0.0,0.0,0,0,0,0,1,0.0,0
GEM/2024/B/5431252,249,Lost,0,outcome_labels_review_xlsx,,,BRAHMAPUTRA CRACKER AND P,Brahmaputra Cracker And Polymer Limited,,2024-10-14 15:00:00,2024-10-14 15:00:00,90.0,,,,No,,0.0,,No,,No,,No,,,No,,,,2026-08-31 08:27:20.396119,QUALIFIED,2024-10-14 15:00:00.000000,BRAHMAPUTRA CRACKER AND P,4411760.0,True,1,15.299784487444017,90.0,0.0,0.0,0.0,0,0.0,0.0,0.0,0.0,0,0,0,0,0,0.0,0
GEM/2024/B/5433408,25,Won,1,outcome_labels_review_xlsx,,,GAIL,Gail India Limited,,2024-10-16 14:00:00,2024-10-16 14:00:00,90.0,,,28546.0,Yes,0.0,0.0,21.0,No,,No,5.0,Yes,,,No,,,,2026-08-31 08:23:00.170577,QUALIFIED,2024-10-16 14:00:00.000000,GAIL,4411760.0,True,1,15.299784487444017,90.0,28546.0,10.259307130753884,0.00013665827293356185,0,0.0,21.0,5.0,0.0,0,0,0,0,1,0.0,0
GEM/2024/B/5445001,251,Lost,0,outcome_labels_review_xlsx,,,RAILWAYS,Railways Public Sector Undertakings,,2024-10-18 15:00:00,2024-10-18 15:00:00,60.0,,,170000.0,Yes,100000000.0,0.0,,No,,No,,No,,,Yes,,,,2026-08-31 08:27:28.920771,QUALIFIED,2024-10-18 15:00:00.000000,RAILWAYS,45178264.0,True,1,17.626126666318992,60.0,170000.0,12.04355959836804,0.0008138410424825024,1,0.4787300249897073,0.0,0.0,0.0,1,0,0,0,0,0.0,0
GEM/2024/B/5486162,257,Lost,0,outcome_labels_review_xlsx,,,BHEL,Department Of Heavy Industry,,2024-10-19 13:00:00,2024-10-19 13:00:00,90.0,,,,No,100000000.0,0.0,,No,,No,,No,,,Yes,Yes,,,2026-08-31 08:27:27.259264,QUALIFIED,2024-10-19 13:00:00.000000,BHEL,4411760.0,True,1,15.299784487444017,90.0,0.0,0.0,0.0,1,0.4787300249897073,0.0,0.0,0.0,1,1,0,0,0,0.0,0
GEM/2024/B/5456782,253,Lost,0,outcome_labels_review_xlsx,,,PETRONET MHB,Petronet Mhb Limited,,2024-10-21 14:00:00,2024-10-21 14:00:00,90.0,,,50000.0,Yes,,0.0,15.0,No,,No,,No,,,No,,,,2026-08-31 08:27:24.634118,QUALIFIED,2024-10-21 14:00:00.000000,PETRONET MHB,4411760.0,True,1,15.299784487444017,90.0,50000.0,10.819798284210286,0.00023936501249485366,0,0.0,15.0,0.0,0.0,0,0,0,0,0,0.0,0
GEM/2024/B/5484907,256,Lost,0,outcome_labels_review_xlsx,,,GARDEN REACH SHIP BUILDER,Department Of Defence Production,,2024-10-29 12:00:00,2024-10-29 12:00:00,180.0,,,,No,,0.0,15.0,No,,No,,No,,,No,Yes,,,2026-08-31 08:27:25.997717,QUALIFIED,2024-10-29 12:00:00.000000,GARDEN REACH SHIP BUILDER,4411760.0,True,1,15.299784487444017,180.0,0.0,0.0,0.0,0,0.0,15.0,0.0,0.0,0,1,0,0,0,0.0,0
GEM/2024/B/5498446,259,Lost,0,outcome_labels_review_xlsx,,,INDIAN_AIR_FORCE,Department Of Military Affairs,,2024-11-02 13:00:00,2024-11-02 13:00:00,180.0,,,,No,100000000.0,0.0,,No,,No,,No,,,Yes,Yes,,,2026-08-31 08:27:28.579544,QUALIFIED,2024-11-02 13:00:00.000000,INDIAN_AIR_FORCE,4411760.0,True,1,15.299784487444017,180.0,0.0,0.0,0.0,1,0.4787300249897073,0.0,0.0,0.0,1,1,0,0,0,0.0,0
GEM/2024/B/5481416,254,Lost,0,outcome_labels_review_xlsx,,,NATIONAL FERTILIZERS  (NF,Department Of Fertilizers,,2024-11-04 15:00:00,2024-11-04 15:00:00,120.0,,,,No,,0.0,,No,,No,,No,,,No,,,,2026-08-31 08:27:23.162589,QUALIFIED,2024-11-04 15:00:00.000000,NATIONAL FERTILIZERS  (NF,4411760.0,True,1,15.299784487444017,120.0,0.0,0.0,0.0,0,0.0,0.0,0.0,0.0,0,0,0,0,0,0.0,0
GEM/2024/B/5492999,258,Lost,0,outcome_labels_review_xlsx,,,POWERGRID,Power Grid Corporation Of India Limited,,2024-11-05 13:00:00,2024-11-05 13:00:00,180.0,,,15557.0,Yes,,0.0,24.0,No,,No,,No,,,No,,,,2026-08-31 08:27:27.952341,QUALIFIED,2024-11-05 13:00:00.000000,POWERGRID,4411760.0,True,1,15.299784487444017,180.0,15557.0,9.652330254766719,7.447602998764877e-05,0,0.0,24.0,0.0,0.0,0,0,0,0,0,0.5,1
GEM/2024/B/5507440,27,Won,1,outcome_labels_review_xlsx,,,GAIL,Gail India Limited,,2024-11-07 14:00:00,2024-11-07 14:00:00,90.0,,,370700.0,Yes,,0.0,19.0,No,,No,5.0,Yes,,,No,,,,2026-08-31 08:22:55.785776,QUALIFIED,2024-11-07 14:00:00.000000,GAIL,4411760.0,True,1,15.299784487444017,90.0,370700.0,12.823151086734322,0.001774652202636845,0,0.0,19.0,5.0,0.0,0,0,0,0,1,0.5,1
GEM/2024/B/5484105,26,Won,1,outcome_labels_review_xlsx,,,POWERGRID,Power Grid Corporation Of India Limited,,2024-11-07 18:00:00,2024-11-07 18:00:00,180.0,,,251000.0,Yes,,0.0,21.0,No,,No,,No,,,No,,,,2026-08-31 08:22:59.564562,QUALIFIED,2024-11-07 18:00:00.000000,POWERGRID,4411760.0,True,1,15.299784487444017,180.0,251000.0,12.433212202169729,0.0012016123627241653,0,0.0,21.0,0.0,0.0,0,0,0,0,0,0.3333333333333333,1
GEM/2024/B/5556898,264,Lost,0,outcome_labels_review_xlsx,,,BHEL,Department Of Heavy Industry,,2024-11-08 14:00:00,2024-11-08 14:00:00,170.0,,,,No,,0.0,39.0,No,,No,,No,,,No,Yes,,,2026-08-31 08:27:38.489034,QUALIFIED,2024-11-08 14:00:00.000000,BHEL,4411760.0,True,1,15.299784487444017,170.0,0.0,0.0,0.0,0,0.0,39.0,0.0,0.0,0,1,0,0,0,0.0,0
GEM/2024/B/5509475,28,Won,1,outcome_labels_review_xlsx,,,GAIL,Gail India Limited,,2024-11-08 15:00:00,2024-11-08 15:00:00,120.0,,,1309000.0,Yes,4.0,0.0,23.0,No,,No,,No,,,No,,,,2026-08-31 08:22:31.521420,QUALIFIED,2024-11-08 15:00:00.000000,GAIL,4411760.0,True,1,15.299784487444017,120.0,1309000.0,14.084774808833686,0.006266576027115269,1,1.9149200999588292e-08,23.0,0.0,0.0,0,0,0,0,1,0.6666666666666666,1
GEM/2024/B/5519326,260,Lost,0,outcome_labels_review_xlsx,,,POWERGRID,Power Grid Corporation Of India Limited,,2024-11-13 11:00:00,2024-11-13 11:00:00,180.0,,,35000.0,Yes,,0.0,20.0,No,,No,,No,,,Yes,,,,2026-08-31 08:27:29.632725,QUALIFIED,2024-11-13 11:00:00.000000,POWERGRID,4411760.0,True,1,15.299784487444017,180.0,35000.0,10.463131911491967,0.00016755550874639755,0,0.0,20.0,0.0,0.0,1,0,0,0,0,0.5,1
GEM/2024/B/5535650,261,Lost,0,outcome_labels_review_xlsx,,,INDIAN_AIR_FORCE,Department Of Military Affairs,,2024-11-13 11:00:00,2024-11-13 11:00:00,180.0,,,,No,,0.0,,No,,No,,No,,,No,,,,2026-08-31 08:27:28.577986,QUALIFIED,2024-11-13 11:00:00.000000,INDIAN_AIR_FORCE,4411760.0,True,1,15.299784487444017,180.0,0.0,0.0,0.0,0,0.0,0.0,0.0,0.0,0,0,0,0,0,0.0,0
GEM/2024/B/5535750,29,Won,1,outcome_labels_review_xlsx,,,GAIL,Gail India Limited,,2024-11-18 14:00:00,2024-11-18 14:00:00,90.0,,,149100.0,Yes,,0.0,32.0,No,,No,,No,,,No,,,,2026-08-31 08:22:30.293956,QUALIFIED,2024-11-18 14:00:00.000000,GAIL,4411760.0,True,1,15.299784487444017,90.0,149100.0,11.912379207638454,0.0007137864672596536,0,0.0,32.0,0.0,0.0,0,0,0,0,1,0.75,1
GEM/2024/B/5535870,262,Lost,0,outcome_labels_review_xlsx,,,IOCL,Indian Oil Corporation Limited,,2024-11-20 15:00:00,2024-11-20 15:00:00,120.0,,,,No,,0.0,19.0,No,,No,,No,,,No,,,,2026-08-31 08:27:31.331589,QUALIFIED,2024-11-20 15:00:00.000000,IOCL,1997657.14,True,1,14.507486122450072,120.0,0.0,0.0,0.0,0,0.0,19.0,0.0,0.0,0,0,0,0,1,1.0,1
GEM/2024/B/5564500,265,Lost,0,outcome_labels_review_xlsx,,,BPCL,Bharat Petroleum Corporation Ltd,,2024-11-21 17:00:00,2024-11-21 17:00:00,90.0,,,,No,,0.0,,No,,No,,No,,,Yes,,,,2026-08-31 08:27:31.180085,QUALIFIED,2024-11-21 17:00:00.000000,BPCL,4411760.0,True,1,15.299784487444017,90.0,0.0,0.0,0.0,0,0.0,0.0,0.0,0.0,1,0,0,0,1,0.0,0
GEM/2024/B/5589793,267,Lost,0,outcome_labels_review_xlsx,,,INDIAN_ARMY,Department Of Military Affairs,,2024-11-29 20:00:00,2024-11-29 20:00:00,30.0,,,,No,,0.0,,No,,No,,No,,,No,,,,2026-08-31 08:27:32.251693,QUALIFIED,2024-11-29 20:00:00.000000,INDIAN_ARMY,4411760.0,True,1,15.299784487444017,30.0,0.0,0.0,0.0,0,0.0,0.0,0.0,0.0,0,0,0,0,0,0.0,0
GEM/2024/B/5605153,31,Won,1,outcome_labels_review_xlsx,,,GAIL,Gail India Limited,,2024-12-04 19:00:00,2024-12-04 19:00:00,90.0,,,44500.0,Yes,0.0,0.0,27.0,No,,No,5.0,Yes,,9.0,No,,,,2026-08-31 08:23:08.614969,QUALIFIED,2024-12-04 19:00:00.000000,GAIL,4411760.0,True,1,15.299784487444017,90.0,44500.0,10.703266939811954,0.00021303486112041976,0,0.0,27.0,5.0,9.0,0,0,0,0,1,0.8,1
GEM/2024/B/5636450,268,Lost,0,outcome_labels_review_xlsx,,,POWERGRID,Power Grid Corporation Of India Limited,,2024-12-17 11:00:00,2024-12-17 11:00:00,180.0,,,1276000.0,Yes,,0.0,20.0,No,,No,,No,,,Yes,Yes,,,2026-08-31 08:27:50.017964,QUALIFIED,2024-12-17 11:00:00.000000,POWERGRID,4411760.0,True,1,15.299784487444017,180.0,1276000.0,14.059241526585625,0.006108595118868665,0,0.0,20.0,0.0,0.0,1,1,0,0,0,0.4,1
GEM/2024/B/5565931,266,Lost,0,outcome_labels_review_xlsx,,,POWERGRID,Power Grid Corporation Of India Limited,,2024-12-17 12:00:00,2024-12-17 12:00:00,180.0,,,486626.0,Yes,,0.0,39.0,No,,No,,No,,,No,,,,2026-08-31 08:27:31.931893,QUALIFIED,2024-12-17 12:00:00.000000,POWERGRID,4411760.0,True,1,15.299784487444017,180.0,486626.0,13.095253194845231,0.002329624771406413,0,0.0,39.0,0.0,0.0,0,0,0,0,0,0.3333333333333333,1
GEM/2024/B/5639411,269,Lost,0,outcome_labels_review_xlsx,,,GAIL,Gail India Limited,,2024-12-18 16:00:00,2024-12-18 16:00:00,90.0,,,202000.0,Yes,,0.0,18.0,No,,No,,No,,,No,,,,2026-08-31 08:27:33.659136,QUALIFIED,2024-12-18 16:00:00.000000,GAIL,4411760.0,True,1,15.299784487444017,90.0,202000.0,12.216027926866138,0.0009670346504792088,0,0.0,18.0,0.0,0.0,0,0,0,0,1,0.8333333333333334,1
GEM/2024/B/5680743,273,Lost,0,outcome_labels_review_xlsx,,,HPCL,Na,,2024-12-19 16:00:00,2024-12-19 16:00:00,180.0,,,,No,,0.0,27.0,No,,No,,No,,,No,,,,2026-08-31 08:27:38.862665,QUALIFIED,2024-12-19 16:00:00.000000,HPCL,4411760.0,True,1,15.299784487444017,180.0,0.0,0.0,0.0,0,0.0,27.0,0.0,0.0,0,0,0,0,1,0.0,0
GEM/2024/B/5669166,32,Won,1,outcome_labels_review_xlsx,,,BPCL,Bharat Petroleum Corporation Ltd,,2024-12-21 16:00:00,2024-12-21 16:00:00,60.0,,,,No,,0.0,,No,,No,,No,,30.0,Yes,,,,2026-08-31 08:22:49.633212,QUALIFIED,2024-12-21 16:00:00.000000,BPCL,4411760.0,True,1,15.299784487444017,60.0,0.0,0.0,0.0,0,0.0,0.0,0.0,30.0,1,0,0,0,1,0.0,0
GEM/2024/B/5481523,255,Lost,0,outcome_labels_review_xlsx,,,POWERGRID,Power Grid Corporation Of India Limited,,2024-12-27 11:00:00,2024-12-27 11:00:00,180.0,,,565000.0,Yes,,0.0,32.0,No,,No,,No,,,No,,,,2026-08-31 08:27:27.153337,QUALIFIED,2024-12-27 11:00:00.000000,POWERGRID,4411760.0,True,1,15.299784487444017,180.0,565000.0,13.244582780038517,0.0027048246411918463,0,0.0,32.0,0.0,0.0,0,0,0,0,0,0.2857142857142857,1
GEM/2024/B/5667931,270,Lost,0,outcome_labels_review_xlsx,,,BHEL,Department Of Heavy Industry,,2024-12-27 14:00:00,2024-12-27 14:00:00,120.0,,,100000000.0,Yes,100000000.0,0.0,,No,,No,,No,,,Yes,Yes,,,2026-08-31 08:27:35.479800,QUALIFIED,2024-12-27 14:00:00.000000,BHEL,4411760.0,True,1,15.299784487444017,120.0,100000000.0,18.420680753952364,0.4787300249897073,1,0.4787300249897073,0.0,0.0,0.0,1,1,0,0,0,0.0,0
GEM/2024/B/5671298,271,Lost,0,outcome_labels_review_xlsx,,,NTPC,Na,,2024-12-27 17:00:00,2024-12-27 17:00:00,120.0,,,,No,,0.0,,No,,No,,No,,,No,,,,2026-08-31 08:27:34.174105,QUALIFIED,2024-12-27 17:00:00.000000,NTPC,4411760.0,True,1,15.299784487444017,120.0,0.0,0.0,0.0,0,0.0,0.0,0.0,0.0,0,0,0,0,1,0.0,0
GEM/2024/B/5679870,272,Lost,0,outcome_labels_review_xlsx,,,RAILWAYS,Railways Public Sector Undertakings,,2024-12-30 15:00:00,2024-12-30 15:00:00,60.0,,,37000.0,Yes,100000000.0,0.0,,No,,No,,No,,,Yes,,,,2026-08-31 08:27:37.799019,QUALIFIED,2024-12-30 15:00:00.000000,RAILWAYS,45178264.0,True,1,17.626126666318992,60.0,37000.0,10.518700218288165,0.0001771301092461917,1,0.4787300249897073,0.0,0.0,0.0,1,0,0,0,0,0.0,0
GEM/2025/B/6224186,309,Lost,0,outcome_labels_review_xlsx,,,HAL,HAL,,2025-01-01 00:00:00,2025-01-01 00:00:00,,33641559.0,,184290.0,Yes,,0.0,,No,,No,,No,,,No,,,,2026-08-31 08:27:58.431431,QUALIFIED,2025-01-01 00:00:00.000000,HAL,33641559.0,False,0,17.33127276535885,120.0,184290.0,12.124271309041758,0.0008822515630535316,0,0.0,0.0,0.0,0.0,0,0,0,0,0,0.0,0
GEM/2025/B/6305782,321,Lost,0,outcome_labels_review_xlsx,,,,,,2025-01-01 00:00:00,2025-01-01 00:00:00,,1.0,,,No,,0.0,,No,,No,,No,,,No,,,,2026-08-31 08:28:03.210186,QUALIFIED,2025-01-01 00:00:00.000000,UNKNOWN,4226894.0,True,1,15.256978238928124,120.0,0.0,0.0,0.0,0,0.0,0.0,0.0,0.0,0,0,0,0,0,0.16666666666666666,1
GEM/2025/B/6392262,337,Lost,0,outcome_labels_review_xlsx,,,,,,2025-01-01 00:00:00,2025-01-01 00:00:00,,1.0,,,No,,0.0,,No,,No,,No,,,No,,,,2026-08-31 08:28:13.833570,QUALIFIED,2025-01-01 00:00:00.000000,UNKNOWN,4226894.0,True,1,15.256978238928124,120.0,0.0,0.0,0.0,0,0.0,0.0,0.0,0.0,0,0,0,0,0,0.16666666666666666,1
GEM/2025/B/6399249,49,Won,1,outcome_labels_review_xlsx,,,IOCL,IOCL,,2025-01-01 00:00:00,2025-01-01 00:00:00,,1997657.14,,,No,,0.0,,No,,No,,No,5.0,45.0,No,,,,2026-08-31 08:23:47.254881,QUALIFIED,2025-01-01 00:00:00.000000,IOCL,1997657.14,False,0,14.507486122450072,120.0,0.0,0.0,0.0,0,0.0,0.0,0.0,45.0,0,0,0,0,1,0.5,1
GEM/2025/B/6442619,347,Lost,0,outcome_labels_review_xlsx,,,HAL,HAL,,2025-01-01 00:00:00,2025-01-01 00:00:00,20.0,1.0,,,No,,0.0,,No,,No,0.5,No,,,No,,,,2026-08-31 08:28:44.055735,QUALIFIED,2025-01-01 00:00:00.000000,HAL,5398205.0,True,1,15.501577234114253,20.0,0.0,0.0,0.0,0,0.0,0.0,0.5,0.0,0,0,0,0,0,0.0,0
GEM/2025/B/6471428,350,Lost,0,outcome_labels_review_xlsx,,,,,,2025-01-01 00:00:00,2025-01-01 00:00:00,,1.0,,,No,,0.0,,No,,No,,No,,,No,,,,2026-08-31 08:28:20.698106,QUALIFIED,2025-01-01 00:00:00.000000,UNKNOWN,4226894.0,True,1,15.256978238928124,120.0,0.0,0.0,0.0,0,0.0,0.0,0.0,0.0,0,0,0,0,0,0.16666666666666666,1
GEM/2025/B/6479027,52,Won,1,outcome_labels_review_xlsx,,,AAI,AAI,,2025-01-01 00:00:00,2025-01-01 00:00:00,,1.0,,98408.0,Yes,984076.0,0.0,,No,,No,,No,,,No,,,,2026-08-31 08:23:41.876611,QUALIFIED,2025-01-01 00:00:00.000000,AAI,4798641.0,True,1,15.383843519182983,120.0,98408.0,11.496887542272455,0.00047110864299187115,1,0.004711067280717712,0.0,0.0,0.0,0,0,0,0,1,0.0,0
GEM/2025/B/6484146,352,Lost,0,outcome_labels_review_xlsx,,,HAL,HAL,,2025-01-01 00:00:00,2025-01-01 00:00:00,,1.0,,,No,,0.0,,No,,No,,No,,,No,,,,2026-08-31 08:28:23.485628,QUALIFIED,2025-01-01 00:00:00.000000,HAL,5398205.0,True,1,15.501577234114253,120.0,0.0,0.0,0.0,0,0.0,0.0,0.0,0.0,0,0,0,0,0,0.0,0
GEM/2025/B/6486080,353,Lost,0,outcome_labels_review_xlsx,,,,,,2025-01-01 00:00:00,2025-01-01 00:00:00,,100.0,,,No,,0.0,,No,,No,,No,,,No,,,,2026-08-31 08:28:54.200062,QUALIFIED,2025-01-01 00:00:00.000000,UNKNOWN,4226894.0,True,1,15.256978238928124,120.0,0.0,0.0,0.0,0,0.0,0.0,0.0,0.0,0,0,0,0,0,0.16666666666666666,1
GEM/2025/B/6491898,54,Won,1,outcome_labels_review_xlsx,,,,,,2025-01-01 00:00:00,2025-01-01 00:00:00,,1.0,,,No,1000000.0,0.0,,No,,No,,No,,,No,,,,2026-08-31 08:23:26.599137,QUALIFIED,2025-01-01 00:00:00.000000,UNKNOWN,4226894.0,True,1,15.256978238928124,120.0,0.0,0.0,0.0,1,0.004787300249897073,0.0,0.0,0.0,0,0,0,0,0,0.16666666666666666,1
GEM/2025/B/6512110,357,Lost,0,outcome_labels_review_xlsx,,,,,,2025-01-01 00:00:00,2025-01-01 00:00:00,,1.0,,,No,,0.0,,No,,No,,No,,,No,,,,2026-08-31 08:28:23.953895,QUALIFIED,2025-01-01 00:00:00.000000,UNKNOWN,4226894.0,True,1,15.256978238928124,120.0,0.0,0.0,0.0,0,0.0,0.0,0.0,0.0,0,0,0,0,0,0.16666666666666666,1
GEM/2025/B/6524036,362,Lost,0,outcome_labels_review_xlsx,,,HAL,HAL,,2025-01-01 00:00:00,2025-01-01 00:00:00,,1.0,,,No,,0.0,,No,,No,,No,,,No,,,,2026-08-31 08:28:31.563408,QUALIFIED,2025-01-01 00:00:00.000000,HAL,5398205.0,True,1,15.501577234114253,120.0,0.0,0.0,0.0,0,0.0,0.0,0.0,0.0,0,0,0,0,0,0.0,0
GEM/2025/B/6524193,363,Lost,0,outcome_labels_review_xlsx,,,MES,MES,,2025-01-01 00:00:00,2025-01-01 00:00:00,,1.0,,,No,,0.0,,No,,No,,No,,,No,,,,2026-08-31 08:28:30.044880,QUALIFIED,2025-01-01 00:00:00.000000,MES,4411760.0,True,1,15.299784487444017,120.0,0.0,0.0,0.0,0,0.0,0.0,0.0,0.0,0,0,0,0,0,0.0,0
GEM/2025/B/6541866,365,Lost,0,outcome_labels_review_xlsx,,,,,,2025-01-01 00:00:00,2025-01-01 00:00:00,,1.0,,,No,,0.0,,No,,No,,No,,,No,,,,2026-08-31 08:28:28.243403,QUALIFIED,2025-01-01 00:00:00.000000,UNKNOWN,4226894.0,True,1,15.256978238928124,120.0,0.0,0.0,0.0,0,0.0,0.0,0.0,0.0,0,0,0,0,0,0.16666666666666666,1
GEM/2025/B/6543690,366,Lost,0,outcome_labels_review_xlsx,,,GAIL,GAIL,,2025-01-01 00:00:00,2025-01-01 00:00:00,,1.0,,,No,,0.0,,No,,No,,No,,,No,,,,2026-08-31 08:28:29.697181,QUALIFIED,2025-01-01 00:00:00.000000,GAIL,4411760.0,True,1,15.299784487444017,120.0,0.0,0.0,0.0,0,0.0,0.0,0.0,0.0,0,0,0,0,1,0.7142857142857143,1
GEM/2025/B/6544863,367,Lost,0,outcome_labels_review_xlsx,,,,,,2025-01-01 00:00:00,2025-01-01 00:00:00,,1.0,,,No,,0.0,,No,,No,,No,,,No,,,,2026-08-31 08:28:31.127796,QUALIFIED,2025-01-01 00:00:00.000000,UNKNOWN,4226894.0,True,1,15.256978238928124,120.0,0.0,0.0,0.0,0,0.0,0.0,0.0,0.0,0,0,0,0,0,0.16666666666666666,1
GEM/2025/B/6553202,369,Lost,0,outcome_labels_review_xlsx,,,,,,2025-01-01 00:00:00,2025-01-01 00:00:00,,1.0,,,No,,0.0,,No,,No,,No,,,No,,,,2026-08-31 08:28:31.533804,QUALIFIED,2025-01-01 00:00:00.000000,UNKNOWN,4226894.0,True,1,15.256978238928124,120.0,0.0,0.0,0.0,0,0.0,0.0,0.0,0.0,0,0,0,0,0,0.16666666666666666,1
GEM/2025/B/6566172,371,Lost,0,outcome_labels_review_xlsx,,,HAL,HAL,,2025-01-01 00:00:00,2025-01-01 00:00:00,,1.0,,,No,,0.0,,No,,No,,No,,,No,,,,2026-08-31 08:28:32.172988,QUALIFIED,2025-01-01 00:00:00.000000,HAL,5398205.0,True,1,15.501577234114253,120.0,0.0,0.0,0.0,0,0.0,0.0,0.0,0.0,0,0,0,0,0,0.0,0
GEM/2025/B/6579056,375,Lost,0,outcome_labels_review_xlsx,,,HAL,HAL,,2025-01-01 00:00:00,2025-01-01 00:00:00,,100.0,,,No,,0.0,,No,,No,0.5,No,,6.0,No,,,,2026-08-31 08:29:10.011832,QUALIFIED,2025-01-01 00:00:00.000000,HAL,5398205.0,True,1,15.501577234114253,120.0,0.0,0.0,0.0,0,0.0,0.0,0.5,6.0,0,0,0,0,0,0.0,0
GEM/2025/B/6584824,55,Won,1,outcome_labels_review_xlsx,,,HAL,HAL,,2025-01-01 00:00:00,2025-01-01 00:00:00,,1.0,,,No,,0.0,,No,,No,,No,,,No,,,,2026-08-31 08:23:24.548285,QUALIFIED,2025-01-01 00:00:00.000000,HAL,5398205.0,True,1,15.501577234114253,120.0,0.0,0.0,0.0,0,0.0,0.0,0.0,0.0,0,0,0,0,0,0.0,0
GEM/2025/B/6586489,56,Won,1,outcome_labels_review_xlsx,,,IOCL,IOCL,,2025-01-01 00:00:00,2025-01-01 00:00:00,,1.0,,391320.0,Yes,,0.0,,No,,No,0.5,No,,3.0,No,,,,2026-08-31 08:23:53.036867,QUALIFIED,2025-01-01 00:00:00.000000,IOCL,1997657.14,True,1,14.507486122450072,120.0,391320.0,12.877283474021437,0.0018733663337897226,0,0.0,0.0,0.5,3.0,0,0,0,0,1,0.5,1
GEM/2025/B/6597430,377,Lost,0,outcome_labels_review_xlsx,,,,,,2025-01-01 00:00:00,2025-01-01 00:00:00,,1.0,,,No,,0.0,,No,,No,,No,,,No,,,,2026-08-31 08:28:36.606744,QUALIFIED,2025-01-01 00:00:00.000000,UNKNOWN,4226894.0,True,1,15.256978238928124,120.0,0.0,0.0,0.0,0,0.0,0.0,0.0,0.0,0,0,0,0,0,0.16666666666666666,1
GEM/2025/B/6598940,378,Lost,0,outcome_labels_review_xlsx,,,HAL,HAL,,2025-01-01 00:00:00,2025-01-01 00:00:00,,1.0,,,No,2505792.0,0.0,,No,,No,,No,,,No,,,,2026-08-31 08:29:05.585889,QUALIFIED,2025-01-01 00:00:00.000000,HAL,5398205.0,True,1,15.501577234114253,120.0,0.0,0.0,0.0,1,0.011995978667790086,0.0,0.0,0.0,0,0,0,0,0,0.0,0
GEM/2025/B/6611432,380,Lost,0,outcome_labels_review_xlsx,,,HAL,HAL,,2025-01-01 00:00:00,2025-01-01 00:00:00,,1.0,,,No,,0.0,,No,,No,,No,,,No,,,,2026-08-31 08:28:39.821463,QUALIFIED,2025-01-01 00:00:00.000000,HAL,5398205.0,True,1,15.501577234114253,120.0,0.0,0.0,0.0,0,0.0,0.0,0.0,0.0,0,0,0,0,0,0.0,0
GEM/2025/B/6631210,382,Lost,0,outcome_labels_review_xlsx,,,HAL,HAL,,2025-01-01 00:00:00,2025-01-01 00:00:00,,1.0,,,No,,0.0,,No,,No,,No,,,No,,,,2026-08-31 08:28:40.930802,QUALIFIED,2025-01-01 00:00:00.000000,HAL,5398205.0,True,1,15.501577234114253,120.0,0.0,0.0,0.0,0,0.0,0.0,0.0,0.0,0,0,0,0,0,0.0,0
GEM/2025/B/6638930,384,Lost,0,outcome_labels_review_xlsx,,,,,,2025-01-01 00:00:00,2025-01-01 00:00:00,,1.0,,,No,,0.0,,No,,No,,No,,,No,,,,2026-08-31 08:28:41.427939,QUALIFIED,2025-01-01 00:00:00.000000,UNKNOWN,4226894.0,True,1,15.256978238928124,120.0,0.0,0.0,0.0,0,0.0,0.0,0.0,0.0,0,0,0,0,0,0.16666666666666666,1
GEM/2025/B/6639363,385,Lost,0,outcome_labels_review_xlsx,,,HAL,HAL,,2025-01-01 00:00:00,2025-01-01 00:00:00,,1.0,,,No,,0.0,,No,,No,,No,,,No,,,,2026-08-31 08:28:43.748989,QUALIFIED,2025-01-01 00:00:00.000000,HAL,5398205.0,True,1,15.501577234114253,120.0,0.0,0.0,0.0,0,0.0,0.0,0.0,0.0,0,0,0,0,0,0.0,0
GEM/2025/B/6642733,58,Won,1,outcome_labels_review_xlsx,,,,,,2025-01-01 00:00:00,2025-01-01 00:00:00,,1.0,,,No,,0.0,,No,,No,,No,,,No,,,,2026-08-31 08:23:28.821528,QUALIFIED,2025-01-01 00:00:00.000000,UNKNOWN,4226894.0,True,1,15.256978238928124,120.0,0.0,0.0,0.0,0,0.0,0.0,0.0,0.0,0,0,0,0,0,0.16666666666666666,1
GEM/2025/B/6645084,59,Won,1,outcome_labels_review_xlsx,,,HAL,HAL,,2025-01-01 00:00:00,2025-01-01 00:00:00,,1.0,,,No,,0.0,,No,,No,,No,,,No,,,,2026-08-31 08:23:30.294290,QUALIFIED,2025-01-01 00:00:00.000000,HAL,5398205.0,True,1,15.501577234114253,120.0,0.0,0.0,0.0,0,0.0,0.0,0.0,0.0,0,0,0,0,0,0.0,0
GEM/2025/B/6659392,386,Lost,0,outcome_labels_review_xlsx,,,HAL,HAL,,2025-01-01 00:00:00,2025-01-01 00:00:00,,1.0,,,No,,0.0,,No,,No,,No,,,No,,,,2026-08-31 08:28:47.273105,QUALIFIED,2025-01-01 00:00:00.000000,HAL,5398205.0,True,1,15.501577234114253,120.0,0.0,0.0,0.0,0,0.0,0.0,0.0,0.0,0,0,0,0,0,0.0,0
GEM/2025/B/6659778,60,Won,1,outcome_labels_review_xlsx,,,,,,2025-01-01 00:00:00,2025-01-01 00:00:00,,1.0,,,No,,0.0,,No,,No,,No,,,No,,,,2026-08-31 08:23:32.093859,QUALIFIED,2025-01-01 00:00:00.000000,UNKNOWN,4226894.0,True,1,15.256978238928124,120.0,0.0,0.0,0.0,0,0.0,0.0,0.0,0.0,0,0,0,0,0,0.16666666666666666,1
GEM/2025/B/6660547,387,Lost,0,outcome_labels_review_xlsx,,,,,,2025-01-01 00:00:00,2025-01-01 00:00:00,,1.0,,,No,,0.0,,No,,No,,No,,,No,,,,2026-08-31 08:28:42.958010,QUALIFIED,2025-01-01 00:00:00.000000,UNKNOWN,4226894.0,True,1,15.256978238928124,120.0,0.0,0.0,0.0,0,0.0,0.0,0.0,0.0,0,0,0,0,0,0.16666666666666666,1
GEM/2025/B/6662467,391,Lost,0,outcome_labels_review_xlsx,,,HAL,HAL,,2025-01-01 00:00:00,2025-01-01 00:00:00,90.0,1.0,,20000.0,Yes,,0.0,,No,,No,,No,,90.0,No,,,,2026-08-31 08:28:55.244739,QUALIFIED,2025-01-01 00:00:00.000000,HAL,5398205.0,True,1,15.501577234114253,90.0,20000.0,9.90353755128617,9.574600499794146e-05,0,0.0,0.0,0.0,90.0,0,0,0,0,0,0.0,0
GEM/2025/B/6681216,392,Lost,0,outcome_labels_review_xlsx,,,,,,2025-01-01 00:00:00,2025-01-01 00:00:00,90.0,100.0,,,No,,0.0,,No,,No,,No,,,No,,,,2026-08-31 08:29:08.131867,QUALIFIED,2025-01-01 00:00:00.000000,UNKNOWN,4226894.0,True,1,15.256978238928124,90.0,0.0,0.0,0.0,0,0.0,0.0,0.0,0.0,0,0,0,0,0,0.16666666666666666,1
GEM/2025/B/6684465,394,Lost,0,outcome_labels_review_xlsx,,,AAI,AAI,,2025-01-01 00:00:00,2025-01-01 00:00:00,90.0,,,68721.0,Yes,,0.0,27.0,No,,No,,No,,,Yes,,,,2026-08-31 08:28:51.478414,QUALIFIED,2025-01-01 00:00:00.000000,AAI,4798641.0,True,1,15.383843519182983,90.0,68721.0,11.137824659843483,0.00032898806047317676,0,0.0,27.0,0.0,0.0,1,0,0,0,1,0.0,0
GEM/2025/B/6684568,62,Won,1,outcome_labels_review_xlsx,,,,,,2025-01-01 00:00:00,2025-01-01 00:00:00,,1.0,,,No,,0.0,,No,,No,,No,,,No,,,,2026-08-31 08:23:33.280366,QUALIFIED,2025-01-01 00:00:00.000000,UNKNOWN,4226894.0,True,1,15.256978238928124,120.0,0.0,0.0,0.0,0,0.0,0.0,0.0,0.0,0,0,0,0,0,0.16666666666666666,1
GEM/2025/B/6685419,395,Lost,0,outcome_labels_review_xlsx,,,,,,2025-01-01 00:00:00,2025-01-01 00:00:00,,1.0,,,No,,0.0,,No,,No,,No,,,No,,,,2026-08-31 08:28:49.261076,QUALIFIED,2025-01-01 00:00:00.000000,UNKNOWN,4226894.0,True,1,15.256978238928124,120.0,0.0,0.0,0.0,0,0.0,0.0,0.0,0.0,0,0,0,0,0,0.16666666666666666,1
GEM/2025/B/6688249,396,Lost,0,outcome_labels_review_xlsx,,,BHEL,BHEL,,2025-01-01 00:00:00,2025-01-01 00:00:00,,1.0,,200000.0,Yes,5250000.0,0.0,,No,,No,,No,,,No,,,,2026-08-31 08:29:05.835778,QUALIFIED,2025-01-01 00:00:00.000000,BHEL,4411760.0,True,1,15.299784487444017,120.0,200000.0,12.206077645517674,0.0009574600499794146,1,0.025133326311959633,0.0,0.0,0.0,0,0,0,0,0,0.0,0
GEM/2025/B/6693422,63,Won,1,outcome_labels_review_xlsx,,,,,,2025-01-01 00:00:00,2025-01-01 00:00:00,,1.0,,,No,,0.0,,No,,No,,No,,,No,,,,2026-08-31 08:23:33.583732,QUALIFIED,2025-01-01 00:00:00.000000,UNKNOWN,4226894.0,True,1,15.256978238928124,120.0,0.0,0.0,0.0,0,0.0,0.0,0.0,0.0,0,0,0,0,0,0.16666666666666666,1
GEM/2025/B/6695516,397,Lost,0,outcome_labels_review_xlsx,,,HAL,HAL,,2025-01-01 00:00:00,2025-01-01 00:00:00,,1028468.0,,,No,400000.0,0.0,,No,,No,,No,,,No,,,,2026-08-31 08:29:07.941435,QUALIFIED,2025-01-01 00:00:00.000000,HAL,1028468.0,False,0,13.843581846638887,120.0,0.0,0.0,0.0,1,0.0019149200999588293,0.0,0.0,0.0,0,0,0,0,0,0.0,0
GEM/2025/B/6712015,398,Lost,0,outcome_labels_review_xlsx,,,,,,2025-01-01 00:00:00,2025-01-01 00:00:00,,1.0,,,No,,0.0,,No,,No,,No,,,No,,,,2026-08-31 08:28:51.433202,QUALIFIED,2025-01-01 00:00:00.000000,UNKNOWN,4226894.0,True,1,15.256978238928124,120.0,0.0,0.0,0.0,0,0.0,0.0,0.0,0.0,0,0,0,0,0,0.16666666666666666,1
GEM/2025/B/6712842,399,Lost,0,outcome_labels_review_xlsx,,,,,,2025-01-01 00:00:00,2025-01-01 00:00:00,,1.0,,,No,,0.0,,No,,No,,No,,,No,,,,2026-08-31 08:28:52.714508,QUALIFIED,2025-01-01 00:00:00.000000,UNKNOWN,4226894.0,True,1,15.256978238928124,120.0,0.0,0.0,0.0,0,0.0,0.0,0.0,0.0,0,0,0,0,0,0.16666666666666666,1
GEM/2025/B/6722325,400,Lost,0,outcome_labels_review_xlsx,,,HAL,HAL,,2025-01-01 00:00:00,2025-01-01 00:00:00,90.0,,,,No,,0.0,17.0,No,,No,,No,,,No,,,,2026-08-31 08:28:56.618557,QUALIFIED,2025-01-01 00:00:00.000000,HAL,5398205.0,True,1,15.501577234114253,90.0,0.0,0.0,0.0,0,0.0,17.0,0.0,0.0,0,0,0,0,0,0.0,0
GEM/2025/B/6728618,401,Lost,0,outcome_labels_review_xlsx,,,HAL,HAL,,2025-01-01 00:00:00,2025-01-01 00:00:00,,1.0,,,No,,0.0,,No,,No,,No,,,No,,,,2026-08-31 08:28:54.289940,QUALIFIED,2025-01-01 00:00:00.000000,HAL,5398205.0,True,1,15.501577234114253,120.0,0.0,0.0,0.0,0,0.0,0.0,0.0,0.0,0,0,0,0,0,0.0,0
GEM/2025/B/6736413,64,Won,1,outcome_labels_review_xlsx,,,,,,2025-01-01 00:00:00,2025-01-01 00:00:00,,1.0,,,No,,0.0,,No,,No,,No,,,No,,,,2026-08-31 08:23:34.412590,QUALIFIED,2025-01-01 00:00:00.000000,UNKNOWN,4226894.0,True,1,15.256978238928124,120.0,0.0,0.0,0.0,0,0.0,0.0,0.0,0.0,0,0,0,0,0,0.16666666666666666,1
GEM/2025/B/6746475,402,Lost,0,outcome_labels_review_xlsx,,,,,,2025-01-01 00:00:00,2025-01-01 00:00:00,,1.0,,,No,,0.0,,No,,No,,No,,,No,,,,2026-08-31 08:28:55.652571,QUALIFIED,2025-01-01 00:00:00.000000,UNKNOWN,4226894.0,True,1,15.256978238928124,120.0,0.0,0.0,0.0,0,0.0,0.0,0.0,0.0,0,0,0,0,0,0.16666666666666666,1
GEM/2025/B/6755840,404,Lost,0,outcome_labels_review_xlsx,,,,,,2025-01-01 00:00:00,2025-01-01 00:00:00,,1.0,,,No,,0.0,,No,,No,,No,,,No,,,,2026-08-31 08:28:55.574934,QUALIFIED,2025-01-01 00:00:00.000000,UNKNOWN,4226894.0,True,1,15.256978238928124,120.0,0.0,0.0,0.0,0,0.0,0.0,0.0,0.0,0,0,0,0,0,0.16666666666666666,1
GEM/2025/B/6757430,406,Lost,0,outcome_labels_review_xlsx,,,,,,2025-01-01 00:00:00,2025-01-01 00:00:00,,1.0,,,No,,0.0,,No,,No,,No,,,No,,,,2026-08-31 08:29:29.454398,QUALIFIED,2025-01-01 00:00:00.000000,UNKNOWN,4226894.0,True,1,15.256978238928124,120.0,0.0,0.0,0.0,0,0.0,0.0,0.0,0.0,0,0,0,0,0,0.16666666666666666,1
GEM/2025/B/6761538,407,Lost,0,outcome_labels_review_xlsx,,,,,,2025-01-01 00:00:00,2025-01-01 00:00:00,,1.0,,,No,,0.0,,No,,No,,No,,,No,,,,2026-08-31 08:28:57.464612,QUALIFIED,2025-01-01 00:00:00.000000,UNKNOWN,4226894.0,True,1,15.256978238928124,120.0,0.0,0.0,0.0,0,0.0,0.0,0.0,0.0,0,0,0,0,0,0.16666666666666666,1
GEM/2025/B/6765271,65,Won,1,outcome_labels_review_xlsx,,,HAL,HAL,,2025-01-01 00:00:00,2025-01-01 00:00:00,,13572398.0,,,No,,0.0,,No,,No,,No,,20.0,No,,,,2026-08-31 08:23:57.853568,QUALIFIED,2025-01-01 00:00:00.000000,HAL,13572398.0,False,0,16.42354880321628,120.0,0.0,0.0,0.0,0,0.0,0.0,0.0,20.0,0,0,0,0,0,0.0,0
GEM/2025/B/6778840,410,Lost,0,outcome_labels_review_xlsx,,,HAL,HAL,,2025-01-01 00:00:00,2025-01-01 00:00:00,,1.0,,,No,,0.0,,No,,No,,No,,,No,,,,2026-08-31 08:29:05.541214,QUALIFIED,2025-01-01 00:00:00.000000,HAL,5398205.0,True,1,15.501577234114253,120.0,0.0,0.0,0.0,0,0.0,0.0,0.0,0.0,0,0,0,0,0,0.0,0
GEM/2025/B/6793109,411,Lost,0,outcome_labels_review_xlsx,,,,,,2025-01-01 00:00:00,2025-01-01 00:00:00,,1.0,,,No,,0.0,,No,,No,,No,,,No,,,,2026-08-31 08:29:38.917334,QUALIFIED,2025-01-01 00:00:00.000000,UNKNOWN,4226894.0,True,1,15.256978238928124,120.0,0.0,0.0,0.0,0,0.0,0.0,0.0,0.0,0,0,0,0,0,0.16666666666666666,1
GEM/2025/B/6799853,412,Lost,0,outcome_labels_review_xlsx,,,,,,2025-01-01 00:00:00,2025-01-01 00:00:00,,1.0,,,No,2025.0,0.0,,No,,No,,No,,,No,,,,2026-08-31 08:29:11.895243,QUALIFIED,2025-01-01 00:00:00.000000,UNKNOWN,4226894.0,True,1,15.256978238928124,120.0,0.0,0.0,0.0,1,9.694283006041572e-06,0.0,0.0,0.0,0,0,0,0,0,0.16666666666666666,1
GEM/2025/B/6820259,414,Lost,0,outcome_labels_review_xlsx,,,,,,2025-01-01 00:00:00,2025-01-01 00:00:00,,1.0,,,No,,0.0,,No,,No,,No,,,No,,,,2026-08-31 08:29:06.851570,QUALIFIED,2025-01-01 00:00:00.000000,UNKNOWN,4226894.0,True,1,15.256978238928124,120.0,0.0,0.0,0.0,0,0.0,0.0,0.0,0.0,0,0,0,0,0,0.16666666666666666,1
GEM/2025/B/6830158,418,Lost,0,outcome_labels_review_xlsx,,,HAL,HAL,,2025-01-01 00:00:00,2025-01-01 00:00:00,,1.0,,,No,,0.0,,No,,No,,No,,,No,,,,2026-08-31 08:29:19.687931,QUALIFIED,2025-01-01 00:00:00.000000,HAL,5398205.0,True,1,15.501577234114253,120.0,0.0,0.0,0.0,0,0.0,0.0,0.0,0.0,0,0,0,0,0,0.0,0
GEM/2025/B/6834555,419,Lost,0,outcome_labels_review_xlsx,,,HAL,HAL,,2025-01-01 00:00:00,2025-01-01 00:00:00,,1.0,,,No,,0.0,,No,,No,0.5,No,,45.0,No,,,,2026-08-31 08:29:25.441106,QUALIFIED,2025-01-01 00:00:00.000000,HAL,5398205.0,True,1,15.501577234114253,120.0,0.0,0.0,0.0,0,0.0,0.0,0.5,45.0,0,0,0,0,0,0.0,0
GEM/2025/B/6838370,420,Lost,0,outcome_labels_review_xlsx,,,,,,2025-01-01 00:00:00,2025-01-01 00:00:00,,,,,No,,0.0,,No,,No,,No,,,No,,,,2026-08-31 08:29:22.539045,QUALIFIED,2025-01-01 00:00:00.000000,UNKNOWN,4226894.0,True,1,15.256978238928124,120.0,0.0,0.0,0.0,0,0.0,0.0,0.0,0.0,0,0,0,0,0,0.16666666666666666,1
GEM/2025/B/6839322,421,Lost,0,outcome_labels_review_xlsx,,,,,,2025-01-01 00:00:00,2025-01-01 00:00:00,,1.0,,,No,,0.0,,No,,No,,No,,,No,,,,2026-08-31 08:29:11.779165,QUALIFIED,2025-01-01 00:00:00.000000,UNKNOWN,4226894.0,True,1,15.256978238928124,120.0,0.0,0.0,0.0,0,0.0,0.0,0.0,0.0,0,0,0,0,0,0.16666666666666666,1
GEM/2025/B/6855416,424,Lost,0,outcome_labels_review_xlsx,,,HAL,HAL,,2025-01-01 00:00:00,2025-01-01 00:00:00,,1690000.0,,,No,,0.0,,No,,No,,No,,,No,,,,2026-08-31 08:29:17.366729,QUALIFIED,2025-01-01 00:00:00.000000,HAL,1690000.0,False,0,14.340239678615058,120.0,0.0,0.0,0.0,0,0.0,0.0,0.0,0.0,0,0,0,0,0,0.0,0
GEM/2025/B/6858889,425,Lost,0,outcome_labels_review_xlsx,,,NTPC,NTPC,,2025-01-01 00:00:00,2025-01-01 00:00:00,,1.0,,,No,,0.0,,No,,No,,No,,,No,,,,2026-08-31 08:29:20.822585,QUALIFIED,2025-01-01 00:00:00.000000,NTPC,4411760.0,True,1,15.299784487444017,120.0,0.0,0.0,0.0,0,0.0,0.0,0.0,0.0,0,0,0,0,1,0.0,0
GEM/2025/B/6859351,426,Lost,0,outcome_labels_review_xlsx,,,POWERGRID,POWERGRID,,2025-01-01 00:00:00,2025-01-01 00:00:00,,1.0,,,No,,0.0,,No,,No,,No,,,No,,,,2026-08-31 08:29:18.478574,QUALIFIED,2025-01-01 00:00:00.000000,POWERGRID,4411760.0,True,1,15.299784487444017,120.0,0.0,0.0,0.0,0,0.0,0.0,0.0,0.0,0,0,0,0,0,0.25,1
GEM/2025/B/6859878,69,Won,1,outcome_labels_review_xlsx,,,,,,2025-01-01 00:00:00,2025-01-01 00:00:00,140.0,,,,No,,0.0,,No,,No,,No,,,Yes,Yes,,,2026-08-31 08:23:47.928384,QUALIFIED,2025-01-01 00:00:00.000000,UNKNOWN,4226894.0,True,1,15.256978238928124,140.0,0.0,0.0,0.0,0,0.0,0.0,0.0,0.0,1,1,0,0,0,0.16666666666666666,1
GEM/2025/B/6860614,427,Lost,0,outcome_labels_review_xlsx,,,,,,2025-01-01 00:00:00,2025-01-01 00:00:00,,1.0,,,No,,0.0,,No,,No,,No,,,No,,,,2026-08-31 08:29:16.505534,QUALIFIED,2025-01-01 00:00:00.000000,UNKNOWN,4226894.0,True,1,15.256978238928124,120.0,0.0,0.0,0.0,0,0.0,0.0,0.0,0.0,0,0,0,0,0,0.16666666666666666,1
GEM/2025/B/6862126,428,Lost,0,outcome_labels_review_xlsx,,,POWERGRID,POWERGRID,,2025-01-01 00:00:00,2025-01-01 00:00:00,,1.0,,,No,,0.0,,No,,No,,No,,,No,,,,2026-08-31 08:29:47.555616,QUALIFIED,2025-01-01 00:00:00.000000,POWERGRID,4411760.0,True,1,15.299784487444017,120.0,0.0,0.0,0.0,0,0.0,0.0,0.0,0.0,0,0,0,0,0,0.25,1
GEM/2025/B/6863528,71,Won,1,outcome_labels_review_xlsx,,,,,,2025-01-01 00:00:00,2025-01-01 00:00:00,,1.0,,,No,,0.0,,No,,No,,No,,,No,,,,2026-08-31 08:23:38.360583,QUALIFIED,2025-01-01 00:00:00.000000,UNKNOWN,4226894.0,True,1,15.256978238928124,120.0,0.0,0.0,0.0,0,0.0,0.0,0.0,0.0,0,0,0,0,0,0.16666666666666666,1
GEM/2025/B/6866224,430,Lost,0,outcome_labels_review_xlsx,,,,,,2025-01-01 00:00:00,2025-01-01 00:00:00,,1.0,,,No,,0.0,,No,,No,,No,,,No,,,,2026-08-31 08:29:19.348744,QUALIFIED,2025-01-01 00:00:00.000000,UNKNOWN,4226894.0,True,1,15.256978238928124,120.0,0.0,0.0,0.0,0,0.0,0.0,0.0,0.0,0,0,0,0,0,0.16666666666666666,1
GEM/2025/B/6873968,431,Lost,0,outcome_labels_review_xlsx,,,,,,2025-01-01 00:00:00,2025-01-01 00:00:00,,795025.0,,,No,,0.0,,No,,No,,No,,,No,,,,2026-08-31 08:29:18.911360,QUALIFIED,2025-01-01 00:00:00.000000,UNKNOWN,795025.0,False,0,13.586130097504208,120.0,0.0,0.0,0.0,0,0.0,0.0,0.0,0.0,0,0,0,0,0,0.16666666666666666,1
GEM/2025/B/6875809,432,Lost,0,outcome_labels_review_xlsx,,,HAL,HAL,,2025-01-01 00:00:00,2025-01-01 00:00:00,,500000000.0,,,No,,0.0,,No,,No,,No,,3.0,No,,,,2026-08-31 08:29:49.884063,QUALIFIED,2025-01-01 00:00:00.000000,HAL,500000000.0,False,0,20.030118658386467,120.0,0.0,0.0,0.0,0,0.0,0.0,0.0,3.0,0,0,0,0,0,0.0,0
GEM/2025/B/6875930,433,Lost,0,outcome_labels_review_xlsx,,,HAL,HAL,,2025-01-01 00:00:00,2025-01-01 00:00:00,,1.0,,,No,,0.0,,No,,No,,No,,,No,,,,2026-08-31 08:29:22.460169,QUALIFIED,2025-01-01 00:00:00.000000,HAL,5398205.0,True,1,15.501577234114253,120.0,0.0,0.0,0.0,0,0.0,0.0,0.0,0.0,0,0,0,0,0,0.0,0
GEM/2025/B/6877980,436,Lost,0,outcome_labels_review_xlsx,,,,,,2025-01-01 00:00:00,2025-01-01 00:00:00,,1.0,,,No,,0.0,,No,,No,,No,,,No,,,,2026-08-31 08:29:22.562886,QUALIFIED,2025-01-01 00:00:00.000000,UNKNOWN,4226894.0,True,1,15.256978238928124,120.0,0.0,0.0,0.0,0,0.0,0.0,0.0,0.0,0,0,0,0,0,0.16666666666666666,1
GEM/2025/B/6879566,437,Lost,0,outcome_labels_review_xlsx,,,BPCL,BPCL,,2025-01-01 00:00:00,2025-01-01 00:00:00,90.0,,,,No,100000000.0,0.0,7.0,No,,No,,No,,,No,,,,2026-08-31 08:29:30.134963,QUALIFIED,2025-01-01 00:00:00.000000,BPCL,4411760.0,True,1,15.299784487444017,90.0,0.0,0.0,0.0,1,0.4787300249897073,7.0,0.0,0.0,0,0,0,0,1,0.2,1
GEM/2025/B/6880965,72,Won,1,outcome_labels_review_xlsx,,,POWERGRID,POWERGRID,,2025-01-01 00:00:00,2025-01-01 00:00:00,,1.0,,,No,28955000.0,0.0,,No,,No,,No,,,No,,,,2026-08-31 08:23:41.484849,QUALIFIED,2025-01-01 00:00:00.000000,POWERGRID,4411760.0,True,1,15.299784487444017,120.0,0.0,0.0,0.0,1,0.13861627873576976,0.0,0.0,0.0,0,0,0,0,0,0.25,1
GEM/2025/B/6881755,73,Won,1,outcome_labels_review_xlsx,,,HAL,HAL,,2025-01-01 00:00:00,2025-01-01 00:00:00,60.0,1423965.0,,24135.0,Yes,,0.0,,No,,No,,No,,45.0,No,,,,2026-08-31 08:24:36.810533,QUALIFIED,2025-01-01 00:00:00.000000,HAL,1423965.0,False,0,14.168956494264517,60.0,24135.0,10.091459780838896,0.00011554149153126585,0,0.0,0.0,0.0,45.0,0,0,0,0,0,0.0,0
GEM/2025/B/6887044,438,Lost,0,outcome_labels_review_xlsx,,,HAL,HAL,,2025-01-01 00:00:00,2025-01-01 00:00:00,358.0,,,,No,,0.0,,No,,No,,No,,,No,,,,2026-08-31 08:29:39.665410,QUALIFIED,2025-01-01 00:00:00.000000,HAL,5398205.0,True,1,15.501577234114253,358.0,0.0,0.0,0.0,0,0.0,0.0,0.0,0.0,0,0,0,0,0,0.0,0
GEM/2025/B/6900616,439,Lost,0,outcome_labels_review_xlsx,,,GAIL,GAIL,,2025-01-01 00:00:00,2025-01-01 00:00:00,,1.0,,,No,,0.0,,No,,No,,No,,,No,,,,2026-08-31 08:29:39.223524,QUALIFIED,2025-01-01 00:00:00.000000,GAIL,4411760.0,True,1,15.299784487444017,120.0,0.0,0.0,0.0,0,0.0,0.0,0.0,0.0,0,0,0,0,1,0.7142857142857143,1
GEM/2025/B/6902835,74,Won,1,outcome_labels_review_xlsx,,,GAIL,GAIL,,2025-01-01 00:00:00,2025-01-01 00:00:00,,,,,No,,0.0,,No,,No,,No,,,No,,,,2026-08-31 08:23:44.214261,QUALIFIED,2025-01-01 00:00:00.000000,GAIL,4411760.0,True,1,15.299784487444017,120.0,0.0,0.0,0.0,0,0.0,0.0,0.0,0.0,0,0,0,0,1,0.7142857142857143,1
GEM/2025/B/6916925,442,Lost,0,outcome_labels_review_xlsx,,,,,,2025-01-01 00:00:00,2025-01-01 00:00:00,,1.0,,,No,,0.0,,No,,No,,No,,,No,,,,2026-08-31 08:29:28.409957,QUALIFIED,2025-01-01 00:00:00.000000,UNKNOWN,4226894.0,True,1,15.256978238928124,120.0,0.0,0.0,0.0,0,0.0,0.0,0.0,0.0,0,0,0,0,0,0.16666666666666666,1
GEM/2025/B/6918249,443,Lost,0,outcome_labels_review_xlsx,,,,,,2025-01-01 00:00:00,2025-01-01 00:00:00,,1.0,,,No,,0.0,,No,,No,,No,,,No,,,,2026-08-31 08:29:28.787096,QUALIFIED,2025-01-01 00:00:00.000000,UNKNOWN,4226894.0,True,1,15.256978238928124,120.0,0.0,0.0,0.0,0,0.0,0.0,0.0,0.0,0,0,0,0,0,0.16666666666666666,1
GEM/2025/B/6929468,444,Lost,0,outcome_labels_review_xlsx,,,,,,2025-01-01 00:00:00,2025-01-01 00:00:00,,1.0,,,No,,0.0,,No,,No,,No,,,No,,,,2026-08-31 08:29:39.799261,QUALIFIED,2025-01-01 00:00:00.000000,UNKNOWN,4226894.0,True,1,15.256978238928124,120.0,0.0,0.0,0.0,0,0.0,0.0,0.0,0.0,0,0,0,0,0,0.16666666666666666,1
GEM/2025/B/6939233,445,Lost,0,outcome_labels_review_xlsx,,,,,,2025-01-01 00:00:00,2025-01-01 00:00:00,,1.0,,,No,,0.0,,No,,No,,No,,,No,,,,2026-08-31 08:29:42.179875,QUALIFIED,2025-01-01 00:00:00.000000,UNKNOWN,4226894.0,True,1,15.256978238928124,120.0,0.0,0.0,0.0,0,0.0,0.0,0.0,0.0,0,0,0,0,0,0.16666666666666666,1
GEM/2025/B/6939835,446,Lost,0,outcome_labels_review_xlsx,,,,,,2025-01-01 00:00:00,2025-01-01 00:00:00,,1.0,,,No,,0.0,,No,,No,,No,,,No,,,,2026-08-31 08:29:30.111744,QUALIFIED,2025-01-01 00:00:00.000000,UNKNOWN,4226894.0,True,1,15.256978238928124,120.0,0.0,0.0,0.0,0,0.0,0.0,0.0,0.0,0,0,0,0,0,0.16666666666666666,1
GEM/2025/B/6944337,447,Lost,0,outcome_labels_review_xlsx,,,MES,MES,,2025-01-01 00:00:00,2025-01-01 00:00:00,,1.0,,,No,,0.0,,No,,No,,No,,,No,,,,2026-08-31 08:29:31.688073,QUALIFIED,2025-01-01 00:00:00.000000,MES,4411760.0,True,1,15.299784487444017,120.0,0.0,0.0,0.0,0,0.0,0.0,0.0,0.0,0,0,0,0,0,0.0,0
GEM/2025/B/6947994,448,Lost,0,outcome_labels_review_xlsx,,,,,,2025-01-01 00:00:00,2025-01-01 00:00:00,,1.0,,,No,,0.0,,No,,No,,No,,,No,,,,2026-08-31 08:29:31.387162,QUALIFIED,2025-01-01 00:00:00.000000,UNKNOWN,4226894.0,True,1,15.256978238928124,120.0,0.0,0.0,0.0,0,0.0,0.0,0.0,0.0,0,0,0,0,0,0.16666666666666666,1
GEM/2025/B/6948134,449,Lost,0,outcome_labels_review_xlsx,,,HAL,HAL,,2025-01-01 00:00:00,2025-01-01 00:00:00,,1.0,,,No,,0.0,,No,,No,,No,,,No,,,,2026-08-31 08:29:33.487470,QUALIFIED,2025-01-01 00:00:00.000000,HAL,5398205.0,True,1,15.501577234114253,120.0,0.0,0.0,0.0,0,0.0,0.0,0.0,0.0,0,0,0,0,0,0.0,0
GEM/2025/B/6950424,450,Lost,0,outcome_labels_review_xlsx,,,ONGC,ONGC,,2025-01-01 00:00:00,2025-01-01 00:00:00,,1.0,,,No,,0.0,,No,,No,0.5,No,,,No,,,,2026-08-31 08:29:54.674582,QUALIFIED,2025-01-01 00:00:00.000000,ONGC,4411760.0,True,1,15.299784487444017,120.0,0.0,0.0,0.0,0,0.0,0.0,0.5,0.0,0,0,0,0,1,0.0,0
GEM/2025/B/6951804,451,Lost,0,outcome_labels_review_xlsx,,,HAL,HAL,,2025-01-01 00:00:00,2025-01-01 00:00:00,,1.0,,,No,,0.0,,No,,No,,No,,,No,,,,2026-08-31 08:29:36.591635,QUALIFIED,2025-01-01 00:00:00.000000,HAL,5398205.0,True,1,15.501577234114253,120.0,0.0,0.0,0.0,0,0.0,0.0,0.0,0.0,0,0,0,0,0,0.0,0
GEM/2025/B/6953927,452,Lost,0,outcome_labels_review_xlsx,,,,,,2025-01-01 00:00:00,2025-01-01 00:00:00,,1.0,,,No,,0.0,,No,,No,,No,,,No,,,,2026-08-31 08:29:34.843625,QUALIFIED,2025-01-01 00:00:00.000000,UNKNOWN,4226894.0,True,1,15.256978238928124,120.0,0.0,0.0,0.0,0,0.0,0.0,0.0,0.0,0,0,0,0,0,0.16666666666666666,1
GEM/2025/B/6956824,454,Lost,0,outcome_labels_review_xlsx,,,HAL,HAL,,2025-01-01 00:00:00,2025-01-01 00:00:00,,1.0,,,No,,0.0,,No,,No,0.5,No,,,No,,,,2026-08-31 08:29:40.610129,QUALIFIED,2025-01-01 00:00:00.000000,HAL,5398205.0,True,1,15.501577234114253,120.0,0.0,0.0,0.0,0,0.0,0.0,0.5,0.0,0,0,0,0,0,0.0,0
GEM/2025/B/6972172,455,Lost,0,outcome_labels_review_xlsx,,,,,,2025-01-01 00:00:00,2025-01-01 00:00:00,,1.0,,,No,,0.0,,No,,No,,No,,,No,,,,2026-08-31 08:29:38.518512,QUALIFIED,2025-01-01 00:00:00.000000,UNKNOWN,4226894.0,True,1,15.256978238928124,120.0,0.0,0.0,0.0,0,0.0,0.0,0.0,0.0,0,0,0,0,0,0.16666666666666666,1
GEM/2025/B/6988556,457,Lost,0,outcome_labels_review_xlsx,,,,,,2025-01-01 00:00:00,2025-01-01 00:00:00,,1.0,,,No,,0.0,,No,,No,,No,,,No,,,,2026-08-31 08:29:43.475894,QUALIFIED,2025-01-01 00:00:00.000000,UNKNOWN,4226894.0,True,1,15.256978238928124,120.0,0.0,0.0,0.0,0,0.0,0.0,0.0,0.0,0,0,0,0,0,0.16666666666666666,1
GEM/2025/B/6990112,458,Lost,0,outcome_labels_review_xlsx,,,,,,2025-01-01 00:00:00,2025-01-01 00:00:00,,1.0,,,No,,0.0,,No,,No,,No,,,No,,,,2026-08-31 08:29:40.870687,QUALIFIED,2025-01-01 00:00:00.000000,UNKNOWN,4226894.0,True,1,15.256978238928124,120.0,0.0,0.0,0.0,0,0.0,0.0,0.0,0.0,0,0,0,0,0,0.16666666666666666,1
GEM/2025/B/6991660,75,Won,1,outcome_labels_review_xlsx,,,HAL,HAL,,2025-01-01 00:00:00,2025-01-01 00:00:00,,1.0,,,No,,0.0,,No,,No,,No,,,No,,,,2026-08-31 08:23:45.329734,QUALIFIED,2025-01-01 00:00:00.000000,HAL,5398205.0,True,1,15.501577234114253,120.0,0.0,0.0,0.0,0,0.0,0.0,0.0,0.0,0,0,0,0,0,0.0,0
GEM/2025/B/6997839,459,Lost,0,outcome_labels_review_xlsx,,,HAL,HAL,,2025-01-01 00:00:00,2025-01-01 00:00:00,,1.0,,,No,,0.0,,No,,No,,No,,,No,,,,2026-08-31 08:29:41.924258,QUALIFIED,2025-01-01 00:00:00.000000,HAL,5398205.0,True,1,15.501577234114253,120.0,0.0,0.0,0.0,0,0.0,0.0,0.0,0.0,0,0,0,0,0,0.0,0
GEM/2025/B/7002670,460,Lost,0,outcome_labels_review_xlsx,,,,,,2025-01-01 00:00:00,2025-01-01 00:00:00,,1.0,,,No,,0.0,,No,,No,,No,,,No,,,,2026-08-31 08:29:41.133889,QUALIFIED,2025-01-01 00:00:00.000000,UNKNOWN,4226894.0,True,1,15.256978238928124,120.0,0.0,0.0,0.0,0,0.0,0.0,0.0,0.0,0,0,0,0,0,0.16666666666666666,1
GEM/2025/B/7007360,461,Lost,0,outcome_labels_review_xlsx,,,,,,2025-01-01 00:00:00,2025-01-01 00:00:00,,1.0,,,No,,0.0,,No,,No,,No,,,No,,,,2026-08-31 08:30:09.669977,QUALIFIED,2025-01-01 00:00:00.000000,UNKNOWN,4226894.0,True,1,15.256978238928124,120.0,0.0,0.0,0.0,0,0.0,0.0,0.0,0.0,0,0,0,0,0,0.16666666666666666,1
GEM/2025/B/7008922,463,Lost,0,outcome_labels_review_xlsx,,,HAL,HAL,,2025-01-01 00:00:00,2025-01-01 00:00:00,,1.0,,,No,,0.0,,No,,No,,No,,,No,,,,2026-08-31 08:29:44.634755,QUALIFIED,2025-01-01 00:00:00.000000,HAL,5398205.0,True,1,15.501577234114253,120.0,0.0,0.0,0.0,0,0.0,0.0,0.0,0.0,0,0,0,0,0,0.0,0
GEM/2025/B/7010315,464,Lost,0,outcome_labels_review_xlsx,,,,,,2025-01-01 00:00:00,2025-01-01 00:00:00,,1.0,,,No,,0.0,,No,,No,,No,,,No,,,,2026-08-31 08:29:46.072978,QUALIFIED,2025-01-01 00:00:00.000000,UNKNOWN,4226894.0,True,1,15.256978238928124,120.0,0.0,0.0,0.0,0,0.0,0.0,0.0,0.0,0,0,0,0,0,0.16666666666666666,1
GEM/2025/B/7017046,465,Lost,0,outcome_labels_review_xlsx,,,,,,2025-01-01 00:00:00,2025-01-01 00:00:00,,1.0,,,No,,0.0,,No,,No,,No,,,No,,,,2026-08-31 08:29:44.220039,QUALIFIED,2025-01-01 00:00:00.000000,UNKNOWN,4226894.0,True,1,15.256978238928124,120.0,0.0,0.0,0.0,0,0.0,0.0,0.0,0.0,0,0,0,0,0,0.16666666666666666,1
GEM/2025/B/7021103,76,Won,1,outcome_labels_review_xlsx,,,GAIL,GAIL,,2025-01-01 00:00:00,2025-01-01 00:00:00,16.0,,,,No,0.0,0.0,,No,,No,5.0,Yes,,,No,,,,2026-08-31 08:24:09.281830,QUALIFIED,2025-01-01 00:00:00.000000,GAIL,4411760.0,True,1,15.299784487444017,16.0,0.0,0.0,0.0,0,0.0,0.0,5.0,0.0,0,0,0,0,1,0.7142857142857143,1
GEM/2025/B/7031298,466,Lost,0,outcome_labels_review_xlsx,,,HAL,HAL,,2025-01-01 00:00:00,2025-01-01 00:00:00,,1.0,,,No,,0.0,,No,,No,,No,,,No,,,,2026-08-31 08:29:46.689149,QUALIFIED,2025-01-01 00:00:00.000000,HAL,5398205.0,True,1,15.501577234114253,120.0,0.0,0.0,0.0,0,0.0,0.0,0.0,0.0,0,0,0,0,0,0.0,0
GEM/2025/B/7033027,77,Won,1,outcome_labels_review_xlsx,,,,,,2025-01-01 00:00:00,2025-01-01 00:00:00,,1.0,,,No,,0.0,,No,,No,,No,,,No,,,,2026-08-31 08:23:44.899897,QUALIFIED,2025-01-01 00:00:00.000000,UNKNOWN,4226894.0,True,1,15.256978238928124,120.0,0.0,0.0,0.0,0,0.0,0.0,0.0,0.0,0,0,0,0,0,0.16666666666666666,1
GEM/2025/B/7034084,468,Lost,0,outcome_labels_review_xlsx,,,,,,2025-01-01 00:00:00,2025-01-01 00:00:00,,1.0,,,No,,0.0,,No,,No,,No,,,No,,,,2026-08-31 08:29:44.907847,QUALIFIED,2025-01-01 00:00:00.000000,UNKNOWN,4226894.0,True,1,15.256978238928124,120.0,0.0,0.0,0.0,0,0.0,0.0,0.0,0.0,0,0,0,0,0,0.16666666666666666,1
GEM/2025/B/7034274,78,Won,1,outcome_labels_review_xlsx,,,,,,2025-01-01 00:00:00,2025-01-01 00:00:00,,1.0,,,No,,0.0,,No,,No,,No,,,No,,,,2026-08-31 08:23:44.974699,QUALIFIED,2025-01-01 00:00:00.000000,UNKNOWN,4226894.0,True,1,15.256978238928124,120.0,0.0,0.0,0.0,0,0.0,0.0,0.0,0.0,0,0,0,0,0,0.16666666666666666,1
GEM/2025/B/7034672,79,Won,1,outcome_labels_review_xlsx,,,MES,MES,,2025-01-01 00:00:00,2025-01-01 00:00:00,,1.0,,,No,,0.0,,No,,No,,No,,,No,,,,2026-08-31 08:23:48.771803,QUALIFIED,2025-01-01 00:00:00.000000,MES,4411760.0,True,1,15.299784487444017,120.0,0.0,0.0,0.0,0,0.0,0.0,0.0,0.0,0,0,0,0,0,0.0,0
GEM/2025/B/7036847,80,Won,1,outcome_labels_review_xlsx,,,,,,2025-01-01 00:00:00,2025-01-01 00:00:00,,1.0,,,No,,0.0,,No,,No,,No,,,No,,,,2026-08-31 08:23:58.667714,QUALIFIED,2025-01-01 00:00:00.000000,UNKNOWN,4226894.0,True,1,15.256978238928124,120.0,0.0,0.0,0.0,0,0.0,0.0,0.0,0.0,0,0,0,0,0,0.16666666666666666,1
GEM/2025/B/7041307,81,Won,1,outcome_labels_review_xlsx,,,GAIL,GAIL,,2025-01-01 00:00:00,2025-01-01 00:00:00,151152116.0,,,,No,0.0,0.0,,No,,No,5.0,Yes,,,Yes,,,,2026-08-31 08:24:12.226874,NEEDS_REVIEW,2025-01-01 00:00:00.000000,GAIL,4411760.0,True,1,15.299784487444017,365.0,0.0,0.0,0.0,0,0.0,0.0,5.0,0.0,1,0,0,0,1,0.7142857142857143,1
GEM/2025/B/7043046,82,Won,1,outcome_labels_review_xlsx,,,,,,2025-01-01 00:00:00,2025-01-01 00:00:00,,1.0,,,No,,0.0,,No,,No,,No,,,No,,,,2026-08-31 08:24:04.475371,QUALIFIED,2025-01-01 00:00:00.000000,UNKNOWN,4226894.0,True,1,15.256978238928124,120.0,0.0,0.0,0.0,0,0.0,0.0,0.0,0.0,0,0,0,0,0,0.16666666666666666,1
GEM/2025/B/7044534,471,Lost,0,outcome_labels_review_xlsx,,,,,,2025-01-01 00:00:00,2025-01-01 00:00:00,,1.0,,,No,,0.0,,No,,No,,No,,,No,,,,2026-08-31 08:29:47.264155,QUALIFIED,2025-01-01 00:00:00.000000,UNKNOWN,4226894.0,True,1,15.256978238928124,120.0,0.0,0.0,0.0,0,0.0,0.0,0.0,0.0,0,0,0,0,0,0.16666666666666666,1
GEM/2025/B/7049177,472,Lost,0,outcome_labels_review_xlsx,,,,,,2025-01-01 00:00:00,2025-01-01 00:00:00,,1.0,,,No,,0.0,,No,,No,,No,,,No,,,,2026-08-31 08:29:47.503490,QUALIFIED,2025-01-01 00:00:00.000000,UNKNOWN,4226894.0,True,1,15.256978238928124,120.0,0.0,0.0,0.0,0,0.0,0.0,0.0,0.0,0,0,0,0,0,0.16666666666666666,1
GEM/2025/B/7052196,473,Lost,0,outcome_labels_review_xlsx,,,,,,2025-01-01 00:00:00,2025-01-01 00:00:00,,1.0,,,No,,0.0,,No,,No,,No,,,No,,,,2026-08-31 08:29:47.372366,QUALIFIED,2025-01-01 00:00:00.000000,UNKNOWN,4226894.0,True,1,15.256978238928124,120.0,0.0,0.0,0.0,0,0.0,0.0,0.0,0.0,0,0,0,0,0,0.16666666666666666,1
GEM/2025/B/7057363,83,Won,1,outcome_labels_review_xlsx,,,HAL,HAL,,2025-01-01 00:00:00,2025-01-01 00:00:00,,1.0,,,No,37.41,0.0,,No,,No,,No,,,No,,,,2026-08-31 08:23:50.752841,QUALIFIED,2025-01-01 00:00:00.000000,HAL,5398205.0,True,1,15.501577234114253,120.0,0.0,0.0,0.0,1,1.790929023486495e-07,0.0,0.0,0.0,0,0,0,0,0,0.0,0
GEM/2024/B/5707114,277,Lost,0,outcome_labels_review_xlsx,,,MUNITIONS,Department Of Defence Production,,2025-01-04 12:00:00,2025-01-04 12:00:00,180.0,,,39168.0,Yes,,0.0,14.0,No,,No,,No,,,No,Yes,,,2026-08-31 08:27:37.865691,QUALIFIED,2025-01-04 12:00:00.000000,MUNITIONS,4411760.0,True,1,15.299784487444017,180.0,39168.0,10.575640896591837,0.00018750897618796856,0,0.0,14.0,0.0,0.0,0,1,0,0,0,0.0,0
GEM/2024/B/5728093,279,Lost,0,outcome_labels_review_xlsx,,,DIRECTORATE GENERAL OF LI,Na,,2025-01-09 15:00:00,2025-01-09 15:00:00,180.0,,,,No,,0.0,27.0,No,,No,,No,,,Yes,,,,2026-08-31 08:27:40.123217,QUALIFIED,2025-01-09 15:00:00.000000,DIRECTORATE GENERAL OF LI,4411760.0,True,1,15.299784487444017,180.0,0.0,0.0,0.0,0,0.0,27.0,0.0,0.0,1,0,0,0,0,0.0,0
GEM/2024/B/5732887,280,Lost,0,outcome_labels_review_xlsx,,,INDIAN_AIR_FORCE,Department Of Military Affairs,,2025-01-10 14:00:00,2025-01-10 14:00:00,120.0,,,,No,,0.0,,No,,No,,No,,,No,,,,2026-08-31 08:27:40.663694,QUALIFIED,2025-01-10 14:00:00.000000,INDIAN_AIR_FORCE,4411760.0,True,1,15.299784487444017,120.0,0.0,0.0,0.0,0,0.0,0.0,0.0,0.0,0,0,0,0,0,0.0,0
GEM/2024/B/5703120,276,Lost,0,outcome_labels_review_xlsx,,,POWERGRID,Power Grid Corporation Of India Limited,,2025-01-13 11:00:00,2025-01-13 11:00:00,180.0,,,55491.0,Yes,,0.0,44.0,No,,No,,No,,,No,,,,2026-08-31 08:27:38.508666,QUALIFIED,2025-01-13 11:00:00.000000,POWERGRID,4411760.0,True,1,15.299784487444017,180.0,55491.0,10.923994145200616,0.0002656520781670385,0,0.0,44.0,0.0,0.0,0,0,0,0,0,0.2727272727272727,1
GEM/2024/B/5742022,283,Lost,0,outcome_labels_review_xlsx,,,PETRONET MHB,Petronet Mhb Limited,,2025-01-13 14:00:00,2025-01-13 14:00:00,90.0,,,68000.0,Yes,,0.0,15.0,No,,No,,No,,,No,,,,2026-08-31 08:27:43.065000,QUALIFIED,2025-01-13 14:00:00.000000,PETRONET MHB,4411760.0,True,1,15.299784487444017,90.0,68000.0,11.127277689932466,0.00032553641699300097,0,0.0,15.0,0.0,0.0,0,0,0,0,0,0.0,0
GEM/2024/B/5685005,275,Lost,0,outcome_labels_review_xlsx,,,DELHI POLICE,Central Police Organisation,,2025-01-14 10:00:00,2025-01-14 10:00:00,180.0,,,60000.0,Yes,100000000.0,0.0,14.0,No,,No,,No,,,Yes,Yes,,,2026-08-31 08:27:36.403170,QUALIFIED,2025-01-14 10:00:00.000000,DELHI POLICE,4411760.0,True,1,15.299784487444017,180.0,60000.0,11.002116507732017,0.00028723801499382437,1,0.4787300249897073,14.0,0.0,0.0,1,1,0,0,0,0.0,0
GEM/2024/B/5749238,284,Lost,0,outcome_labels_review_xlsx,,,GAIL,Gail India Limited,,2025-01-14 16:00:00,2025-01-14 16:00:00,90.0,,,,No,,0.0,,No,,No,,No,,,No,,,,2026-08-31 08:27:43.262883,QUALIFIED,2025-01-14 16:00:00.000000,GAIL,4411760.0,True,1,15.299784487444017,90.0,0.0,0.0,0.0,0,0.0,0.0,0.0,0.0,0,0,0,0,1,0.6666666666666666,1
GEM/2024/B/5710685,278,Lost,0,outcome_labels_review_xlsx,,,DIRECTORATE OF PURCHASE A,Department Of Atomic Energy,,2025-01-15 14:00:00,2025-01-15 14:00:00,180.0,,,196834.0,Yes,,0.0,20.0,No,,No,,No,,,No,Yes,,,2026-08-31 08:27:39.361381,QUALIFIED,2025-01-15 14:00:00.000000,DIRECTORATE OF PURCHASE A,4411760.0,True,1,15.299784487444017,180.0,196834.0,12.190121093316105,0.0009423034573882405,0,0.0,20.0,0.0,0.0,0,1,0,0,0,1.0,1
147479,143,Lost,0,outcome_labels_review_xlsx,,,HAL,HAL,,2025-01-16 00:00:00,2025-01-16 00:00:00,120.0,,,300000.0,Yes,,0.0,,No,,No,,No,,,No,,,,2026-08-31 08:25:35.461769,QUALIFIED,2025-01-16 00:00:00.000000,HAL,5398205.0,True,1,15.501577234114253,120.0,300000.0,12.611541086966115,0.001436190074969122,0,0.0,0.0,0.0,0.0,0,0,0,0,0,0.17647058823529413,1
GEM/2025/B/5825900,287,Lost,0,outcome_labels_review_xlsx,,,ENGINEERS,Engineers India Limited,,2025-01-30 14:00:00,2025-01-30 14:00:00,90.0,,,29000.0,Yes,,0.0,41.0,No,,No,5.0,Yes,,,No,,,,2026-08-31 08:27:44.688192,QUALIFIED,2025-01-30 14:00:00.000000,ENGINEERS,4411760.0,True,1,15.299784487444017,90.0,29000.0,10.275085591132715,0.00013883170724701512,0,0.0,41.0,5.0,0.0,0,0,0,0,0,0.0,0
GEM/2025/B/5783818,286,Lost,0,outcome_labels_review_xlsx,,,IISCO STEEL PLANT,Steel Authority Of India Limited,,2025-01-31 19:00:00,2025-01-31 19:00:00,90.0,,,,No,,0.0,,No,,No,,No,,,No,Yes,,,2026-08-31 08:27:44.161593,QUALIFIED,2025-01-31 19:00:00.000000,IISCO STEEL PLANT,4411760.0,True,1,15.299784487444017,90.0,0.0,0.0,0.0,0,0.0,0.0,0.0,0.0,0,1,0,0,0,0.0,0
GEM/2024/B/5736310,281,Lost,0,outcome_labels_review_xlsx,,,POWERGRID,Power Grid Corporation Of India Limited,,2025-02-03 11:00:00,2025-02-03 11:00:00,180.0,,,62000.0,Yes,,0.0,42.0,No,,No,,No,,,Yes,,,,2026-08-31 08:27:43.063919,QUALIFIED,2025-02-03 11:00:00.000000,POWERGRID,4411760.0,True,1,15.299784487444017,180.0,62000.0,11.034905792929415,0.0002968126154936185,0,0.0,42.0,0.0,0.0,1,0,0,0,0,0.25,1
GEM/2025/B/5834197,288,Lost,0,outcome_labels_review_xlsx,,,GAIL,Gail India Limited,,2025-02-07 16:00:00,2025-02-07 16:00:00,90.0,,,17800.0,Yes,,0.0,28.0,No,,No,,No,,,No,,,,2026-08-31 08:27:44.486113,QUALIFIED,2025-02-07 16:00:00.000000,GAIL,4411760.0,True,1,15.299784487444017,90.0,17800.0,9.787009914477434,8.52139444481679e-05,0,0.0,28.0,0.0,0.0,0,0,0,0,1,0.6153846153846154,1
GEM/2025/B/5835246,34,Won,1,outcome_labels_review_xlsx,,,POWERGRID,Power Grid Corporation Of India Limited,,2025-02-13 11:00:00,2025-02-13 11:00:00,180.0,,,54000.0,Yes,,0.0,20.0,No,,No,,No,,,Yes,,,,2026-08-31 08:23:07.195248,QUALIFIED,2025-02-13 11:00:00.000000,POWERGRID,4411760.0,True,1,15.299784487444017,180.0,54000.0,10.896757843893464,0.00025851421349444196,0,0.0,20.0,0.0,0.0,1,0,0,0,0,0.23076923076923078,1
GEM/2024/B/5682180,274,Lost,0,outcome_labels_review_xlsx,,,NHPC,Hydro Power,,2025-02-14 15:00:00,2025-02-14 15:00:00,120.0,,,155000.0,Yes,,0.0,15.0,No,,No,,No,,,No,,,,2026-08-31 08:27:35.690771,QUALIFIED,2025-02-14 15:00:00.000000,NHPC,4411760.0,True,1,15.299784487444017,120.0,155000.0,11.951186847493476,0.0007420315387340463,0,0.0,15.0,0.0,0.0,0,0,0,0,0,0.0,0
GEM/2025/B/5891991,290,Lost,0,outcome_labels_review_xlsx,,,GAIL,Gail India Limited,,2025-02-21 15:00:00,2025-02-21 15:00:00,90.0,,,24000.0,Yes,,0.0,18.0,No,,No,,No,,,No,,,,2026-08-31 08:27:47.341104,QUALIFIED,2025-02-21 15:00:00.000000,GAIL,4411760.0,True,1,15.299784487444017,90.0,24000.0,10.085850775128717,0.00011489520599752975,0,0.0,18.0,0.0,0.0,0,0,0,0,1,0.5714285714285714,1
GEM/2024/B/5737685,282,Lost,0,outcome_labels_review_xlsx,,,INDIAN_ARMY,Department Of Military Affairs,,2025-02-21 19:00:00,2025-02-21 19:00:00,180.0,,,456400.0,Yes,100000000.0,0.0,26.0,No,,No,,No,,,Yes,Yes,,,2026-08-31 08:27:43.129164,QUALIFIED,2025-02-21 19:00:00.000000,INDIAN_ARMY,4411760.0,True,1,15.299784487444017,180.0,456400.0,13.03112708802813,0.002184923834053024,1,0.4787300249897073,26.0,0.0,0.0,1,1,0,0,0,0.0,0
GEM/2025/B/5934656,292,Lost,0,outcome_labels_review_xlsx,,,BHEL,Department Of Heavy Industry,,2025-02-24 14:00:00,2025-02-24 14:00:00,170.0,,,,No,,0.0,60.0,No,,No,,No,,,No,Yes,,,2026-08-31 08:27:51.428524,QUALIFIED,2025-02-24 14:00:00.000000,BHEL,4411760.0,True,1,15.299784487444017,170.0,0.0,0.0,0.0,0,0.0,60.0,0.0,0.0,0,1,0,0,0,0.0,0
GEM/2025/B/5881728,289,Lost,0,outcome_labels_review_xlsx,,,GAIL,Gail India Limited,,2025-03-01 15:00:00,2025-03-01 15:00:00,90.0,,,137705.0,Yes,,0.0,27.0,No,,No,,No,,,Yes,,,,2026-08-31 08:27:45.289146,QUALIFIED,2025-03-01 15:00:00.000000,GAIL,4411760.0,True,1,15.299784487444017,90.0,137705.0,11.83287625675222,0.0006592351809120764,0,0.0,27.0,0.0,0.0,1,0,0,0,1,0.5333333333333333,1
GEM/2024/B/5767165,285,Lost,0,outcome_labels_review_xlsx,,,IOCL,Indian Oil Corporation Limited,,2025-03-10 11:00:00,2025-03-10 11:00:00,120.0,,,,No,,0.0,24.0,No,,No,,No,,,No,,,,2026-08-31 08:27:45.380690,QUALIFIED,2025-03-10 11:00:00.000000,IOCL,1997657.14,True,1,14.507486122450072,120.0,0.0,0.0,0.0,0,0.0,24.0,0.0,0.0,0,0,0,0,1,0.75,1
GEM/2025/B/5963385,293,Lost,0,outcome_labels_review_xlsx,,,POWERGRID,Power Grid Corporation Of India Limited,,2025-03-13 11:00:00,2025-03-13 11:00:00,180.0,,,1797000.0,Yes,,0.0,,No,,No,,No,,,Yes,Yes,,,2026-08-31 08:28:04.850938,QUALIFIED,2025-03-13 11:00:00.000000,POWERGRID,4411760.0,True,1,15.299784487444017,180.0,1797000.0,14.401629722248568,0.00860277854906504,0,0.0,0.0,0.0,0.0,1,1,0,0,0,0.2857142857142857,1
GEM/2025/B/5923363,291,Lost,0,outcome_labels_review_xlsx,,,POWERGRID,Power Grid Corporation Of India Limited,,2025-03-15 15:00:00,2025-03-15 15:00:00,180.0,,,248000.0,Yes,,0.0,21.0,No,,No,,No,,,Yes,,,,2026-08-31 08:27:49.093988,QUALIFIED,2025-03-15 15:00:00.000000,POWERGRID,4411760.0,True,1,15.299784487444017,180.0,248000.0,12.421188057397055,0.001187250461974474,0,0.0,21.0,0.0,0.0,1,0,0,0,0,0.26666666666666666,1
GEM/2025/B/5962340,35,Won,1,outcome_labels_review_xlsx,,,GAIL,Gail India Limited,,2025-03-17 17:00:00,2025-03-17 17:00:00,90.0,,,744000.0,Yes,10641000.0,0.0,,No,,No,5.0,Yes,,,No,,,,2026-08-31 08:23:13.573515,QUALIFIED,2025-03-17 17:00:00.000000,GAIL,4411760.0,True,1,15.299784487444017,90.0,744000.0,13.519797657900346,0.0035617513859234223,1,0.050941661959154755,0.0,5.0,0.0,0,0,0,0,1,0.5,1
GEM/2025/B/5983952,295,Lost,0,outcome_labels_review_xlsx,,,POWERGRID,Power Grid Corporation Of India Limited,,2025-03-20 16:00:00,2025-03-20 16:00:00,180.0,,,203607.0,Yes,,0.0,45.0,No,,No,,No,,,Yes,,,,2026-08-31 08:27:49.809932,QUALIFIED,2025-03-20 16:00:00.000000,POWERGRID,4411760.0,True,1,15.299784487444017,180.0,203607.0,12.223951855617411,0.0009747278419807933,0,0.0,45.0,0.0,0.0,1,0,0,0,0,0.25,1
GEM/2025/B/6019666,36,Won,1,outcome_labels_review_xlsx,,,GAIL,Gail India Limited,,2025-03-25 14:00:00,2025-03-25 14:00:00,120.0,,,73880.0,Yes,0.0,0.0,21.0,No,,No,5.0,Yes,,,Yes,,,,2026-08-31 08:23:11.878953,QUALIFIED,2025-03-25 14:00:00.000000,GAIL,4411760.0,True,1,15.299784487444017,120.0,73880.0,11.210210969684486,0.0003536857424623958,0,0.0,21.0,5.0,0.0,1,0,0,0,1,0.5294117647058824,1
GEM/2025/B/5966276,294,Lost,0,outcome_labels_review_xlsx,,,SOUTH EASTERN COALFIELDS,Coal India Limited,,2025-04-07 18:00:00,2025-04-07 18:00:00,120.0,,,28800.0,Yes,,0.0,4.0,No,,No,,No,,,Yes,,,,2026-08-31 08:27:50.826862,QUALIFIED,2025-04-07 18:00:00.000000,SOUTH EASTERN COALFIELDS,4411760.0,True,1,15.299784487444017,120.0,28800.0,10.268165387743457,0.0001378742471970357,0,0.0,4.0,0.0,0.0,1,0,0,0,0,0.0,0
GEM/2025/B/6043151,297,Lost,0,outcome_labels_review_xlsx,,,POWERGRID,Power Grid Corporation Of India Limited,,2025-04-09 11:00:00,2025-04-09 11:00:00,180.0,,,72000.0,Yes,,0.0,44.0,No,,No,,No,,,Yes,,,,2026-08-31 08:27:52.019441,QUALIFIED,2025-04-09 11:00:00.000000,POWERGRID,4411760.0,True,1,15.299784487444017,180.0,72000.0,11.184435286790631,0.00034468561799258924,0,0.0,44.0,0.0,0.0,1,0,0,0,0,0.23529411764705882,1
GEM/2025/B/6049908,298,Lost,0,outcome_labels_review_xlsx,,,POWERGRID,Power Grid Corporation Of India Limited,,2025-04-11 11:00:00,2025-04-11 11:00:00,180.0,,,1259000.0,Yes,,0.0,,No,,No,,No,,,Yes,Yes,,,2026-08-31 08:28:08.464364,QUALIFIED,2025-04-11 11:00:00.000000,POWERGRID,4411760.0,True,1,15.299784487444017,180.0,1259000.0,14.045829107307345,0.006027211014620415,0,0.0,0.0,0.0,0.0,1,1,0,0,0,0.2222222222222222,1
GEM/2025/B/6074272,37,Won,1,outcome_labels_review_xlsx,,,POWERGRID,Power Grid Corporation Of India Limited,,2025-04-15 11:00:00,2025-04-15 11:00:00,180.0,,,1276000.0,Yes,,0.0,44.0,No,,No,,No,,,Yes,Yes,,,2026-08-31 08:23:42.552974,QUALIFIED,2025-04-15 11:00:00.000000,POWERGRID,4411760.0,True,1,15.299784487444017,180.0,1276000.0,14.059241526585625,0.006108595118868665,0,0.0,44.0,0.0,0.0,1,1,0,0,0,0.21052631578947367,1
GEM/2025/B/6083250,38,Won,1,outcome_labels_review_xlsx,,,POWERGRID,Power Grid Corporation Of India Limited,,2025-04-23 16:00:00,2025-04-23 16:00:00,180.0,,,88000.0,Yes,,0.0,44.0,No,,No,,No,,,No,,,,2026-08-31 08:23:29.975885,QUALIFIED,2025-04-23 16:00:00.000000,POWERGRID,4411760.0,True,1,15.299784487444017,180.0,88000.0,11.385103457032141,0.00042128242199094244,0,0.0,44.0,0.0,0.0,0,0,0,0,0,0.25,1
GEM/2025/B/6090398,40,Won,1,outcome_labels_review_xlsx,,,POWERGRID,Power Grid Corporation Of India Limited,,2025-04-25 17:00:00,2025-04-25 17:00:00,180.0,,,88000.0,Yes,,0.0,45.0,No,,No,,No,,,No,,,,2026-08-31 08:23:36.594364,QUALIFIED,2025-04-25 17:00:00.000000,POWERGRID,4411760.0,True,1,15.299784487444017,180.0,88000.0,11.385103457032141,0.00042128242199094244,0,0.0,45.0,0.0,0.0,0,0,0,0,0,0.2857142857142857,1
GEM/2025/B/6093029,299,Lost,0,outcome_labels_review_xlsx,,,POWERGRID,Power Grid Corporation Of India Limited,,2025-04-28 11:00:00,2025-04-28 11:00:00,180.0,,,232000.0,Yes,,0.0,45.0,No,,No,,No,,,Yes,,,,2026-08-31 08:27:53.674889,QUALIFIED,2025-04-28 11:00:00.000000,POWERGRID,4411760.0,True,1,15.299784487444017,180.0,232000.0,12.354496960983985,0.001110653657976121,0,0.0,45.0,0.0,0.0,1,0,0,0,0,0.3181818181818182,1
GEM/2025/B/6086275,39,Won,1,outcome_labels_review_xlsx,,,GAIL,Gail India Limited,,2025-04-30 14:00:00,2025-04-30 14:00:00,90.0,,,29522.0,Yes,,0.0,29.0,No,,No,5.0,Yes,,,Yes,,,,2026-08-31 08:23:34.326399,QUALIFIED,2025-04-30 14:00:00.000000,GAIL,4411760.0,True,1,15.299784487444017,90.0,29522.0,10.292924899567096,0.0001413306779774614,0,0.0,29.0,5.0,0.0,1,0,0,0,1,0.5555555555555556,1
GEM/2025/B/6032673,296,Lost,0,outcome_labels_review_xlsx,,,BSF,Central Armed Police Forces,,2025-05-05 13:00:00,2025-05-05 13:00:00,180.0,,,71323.0,Yes,100000000.0,0.0,38.0,No,,No,,No,,,Yes,Yes,,,2026-08-31 08:27:52.831925,QUALIFIED,2025-05-05 13:00:00.000000,BSF,10599000.0,True,1,16.17627030935791,180.0,71323.0,11.174988155653937,0.00034144461572340894,1,0.4787300249897073,38.0,0.0,0.0,1,1,0,0,0,0.0,0
GEM/2025/B/6137154,42,Won,1,outcome_labels_review_xlsx,,,DELHI METRO RAIL ORATION,Ministry Of Housing And Urban Affairs,,2025-05-05 17:00:00,2025-05-05 17:00:00,90.0,,,,No,,0.0,,No,,No,,No,,,Yes,,,,2026-08-31 08:23:07.739613,QUALIFIED,2025-05-05 17:00:00.000000,DELHI METRO RAIL ORATION,4411760.0,True,1,15.299784487444017,90.0,0.0,0.0,0.0,0,0.0,0.0,0.0,0.0,1,0,0,0,0,0.0,0
GEM/2025/B/6147291,301,Lost,0,outcome_labels_review_xlsx,,,,,,2025-05-08 16:00:00,2025-05-08 16:00:00,180.0,,,63000.0,Yes,,0.0,26.0,No,,No,,No,,,Yes,,,,2026-08-31 08:27:54.511464,QUALIFIED,2025-05-08 16:00:00.000000,UNKNOWN,4226894.0,True,1,15.256978238928124,180.0,63000.0,11.050905878263567,0.00030159991574351563,0,0.0,26.0,0.0,0.0,1,0,0,0,0,0.203125,1
GEM/2025/B/6159815,303,Lost,0,outcome_labels_review_xlsx,,,,,,2025-05-16 15:00:00,2025-05-16 15:00:00,120.0,,,,No,,0.0,24.0,No,,No,,No,,,Yes,,,,2026-08-31 08:27:58.743185,QUALIFIED,2025-05-16 15:00:00.000000,UNKNOWN,4226894.0,True,1,15.256978238928124,120.0,0.0,0.0,0.0,0,0.0,24.0,0.0,0.0,1,0,0,0,0,0.2,1
GEM/2025/B/6194418,307,Lost,0,outcome_labels_review_xlsx,,,IOCL,Indian Oil Corporation Limited,,2025-05-17 17:00:00,2025-05-17 17:00:00,120.0,,,,No,,0.0,23.0,No,,No,,No,,,No,,,,2026-08-31 08:27:58.219842,QUALIFIED,2025-05-17 17:00:00.000000,IOCL,1997657.14,True,1,14.507486122450072,120.0,0.0,0.0,0.0,0,0.0,23.0,0.0,0.0,0,0,0,0,1,0.6,1
GEM/2025/B/6157341,302,Lost,0,outcome_labels_review_xlsx,,,DEDICATED FREIGHT CORRIDO,Railways Public Sector Undertakings,,2025-05-26 11:00:00,2025-05-26 11:00:00,90.0,,,686762.0,Yes,100000000.0,0.0,32.0,No,,No,,No,,,Yes,,,,2026-08-31 08:28:02.462044,QUALIFIED,2025-05-26 11:00:00.000000,DEDICATED FREIGHT CORRIDO,4411760.0,True,1,15.299784487444017,90.0,686762.0,13.43974453351989,0.0032877358942198136,1,0.4787300249897073,32.0,0.0,0.0,1,0,0,0,0,0.0,0
GEM/2025/B/6164150,304,Lost,0,outcome_labels_review_xlsx,,,NTPC,Na,,2025-05-26 11:00:00,2025-05-26 11:00:00,120.0,,,,No,,0.0,,No,,No,,No,,,No,,,,2026-08-31 08:27:57.000291,QUALIFIED,2025-05-26 11:00:00.000000,NTPC,4411760.0,True,1,15.299784487444017,120.0,0.0,0.0,0.0,0,0.0,0.0,0.0,0.0,0,0,0,0,1,0.0,0
GEM/2025/B/6213639,43,Won,1,outcome_labels_review_xlsx,,,INDIAN_AIR_FORCE,Department Of Military Affairs,,2025-05-29 19:00:00,2025-05-29 19:00:00,180.0,,,,No,,0.0,,No,,No,,No,,,No,Yes,,,2026-08-31 08:23:08.451688,QUALIFIED,2025-05-29 19:00:00.000000,INDIAN_AIR_FORCE,4411760.0,True,1,15.299784487444017,180.0,0.0,0.0,0.0,0,0.0,0.0,0.0,0.0,0,1,0,0,0,0.0,0
GEM/2025/B/6260932,313,Lost,0,outcome_labels_review_xlsx,,,INDIAN_AIR_FORCE,Department Of Military Affairs,,2025-05-30 12:00:00,2025-05-30 12:00:00,180.0,,,,No,,0.0,,No,,No,,No,,,No,Yes,,,2026-08-31 08:28:03.061900,QUALIFIED,2025-05-30 12:00:00.000000,INDIAN_AIR_FORCE,4411760.0,True,1,15.299784487444017,180.0,0.0,0.0,0.0,0,0.0,0.0,0.0,0.0,0,1,0,0,0,0.2,1
GEM/2025/B/6237900,310,Lost,0,outcome_labels_review_xlsx,,,IOCL,Indian Oil Corporation Limited,,2025-05-30 15:00:00,2025-05-30 15:00:00,120.0,,,,No,,0.0,16.0,No,,No,,No,,,No,,,,2026-08-31 08:28:02.462621,QUALIFIED,2025-05-30 15:00:00.000000,IOCL,1997657.14,True,1,14.507486122450072,120.0,0.0,0.0,0.0,0,0.0,16.0,0.0,0.0,0,0,0,0,1,0.5,1
GEM/2025/B/6244124,311,Lost,0,outcome_labels_review_xlsx,,,N SPACE RESEARCH ORGANIZA,Department Of Space,,2025-06-02 16:00:00,2025-06-02 16:00:00,90.0,,,,No,,0.0,,No,,No,,No,,,No,,,,2026-08-31 08:28:00.111120,QUALIFIED,2025-06-02 16:00:00.000000,N SPACE RESEARCH ORGANIZA,4411760.0,True,1,15.299784487444017,90.0,0.0,0.0,0.0,0,0.0,0.0,0.0,0.0,0,0,0,0,0,0.0,0
GEM/2025/B/6188119,306,Lost,0,outcome_labels_review_xlsx,,,POWERGRID,Power Grid Corporation Of India Limited,,2025-06-04 11:00:00,2025-06-04 11:00:00,180.0,,,203957.0,Yes,,0.0,47.0,No,,No,,No,,,No,,,,2026-08-31 08:27:59.454187,QUALIFIED,2025-06-04 11:00:00.000000,POWERGRID,4411760.0,True,1,15.299784487444017,180.0,203957.0,12.225669369276732,0.0009764033970682573,0,0.0,47.0,0.0,0.0,0,0,0,0,0,0.30434782608695654,1
GEM/2025/B/6261083,45,Won,1,outcome_labels_review_xlsx,,,,,,2025-06-12 11:00:00,2025-06-12 11:00:00,90.0,,,64418.0,Yes,100000000.0,0.0,,No,,No,,No,,,No,,,,2026-08-31 08:23:22.699296,QUALIFIED,2025-06-12 11:00:00.000000,UNKNOWN,4226894.0,True,1,15.256978238928124,90.0,64418.0,11.073163899635242,0.00030838830749786966,1,0.4787300249897073,0.0,0.0,0.0,0,0,0,0,0,0.19696969696969696,1
GEM/2025/B/6276052,316,Lost,0,outcome_labels_review_xlsx,,,AAI,Aai Cargo Logistics And Allied Services Co Ltd,,2025-06-12 17:00:00,2025-06-12 17:00:00,90.0,,,,No,,0.0,,No,,No,,No,,,Yes,,,,2026-08-31 08:28:08.829653,QUALIFIED,2025-06-12 17:00:00.000000,AAI,4798641.0,True,1,15.383843519182983,90.0,0.0,0.0,0.0,0,0.0,0.0,0.0,0.0,1,0,0,0,1,0.5,1
GEM/2025/B/6259806,312,Lost,0,outcome_labels_review_xlsx,,,POWERGRID,Power Grid Corporation Of India Limited,,2025-06-14 11:00:00,2025-06-14 11:00:00,180.0,,,25000.0,Yes,1261500.0,0.0,16.0,No,,No,,No,,,Yes,,,,2026-08-31 08:28:08.619387,QUALIFIED,2025-06-14 11:00:00.000000,POWERGRID,4411760.0,True,1,15.299784487444017,180.0,25000.0,10.12667110305036,0.00011968250624742683,1,0.006039179265245158,16.0,0.0,0.0,1,0,0,0,0,0.2916666666666667,1
GEM/2025/B/6297282,319,Lost,0,outcome_labels_review_xlsx,,,PUNJAB NATIONAL BANK,Banking Sector,,2025-06-14 17:00:00,2025-06-14 17:00:00,75.0,,,,No,100000000.0,0.0,,No,,No,,No,,,Yes,,,,2026-08-31 08:28:10.108207,QUALIFIED,2025-06-14 17:00:00.000000,PUNJAB NATIONAL BANK,4411760.0,True,1,15.299784487444017,75.0,0.0,0.0,0.0,1,0.4787300249897073,0.0,0.0,0.0,1,0,0,0,0,0.0,0
GEM/2025/B/6107078,300,Lost,0,outcome_labels_review_xlsx,,,RAILWAYS,Railways Public Sector Undertakings,,2025-06-16 15:00:00,2025-06-16 15:00:00,120.0,,,594700.0,Yes,100000000.0,0.0,,No,,No,,No,,,Yes,,,,2026-08-31 08:27:56.607251,QUALIFIED,2025-06-16 15:00:00.000000,RAILWAYS,45178264.0,True,1,17.626126666318992,120.0,594700.0,13.295814037213365,0.0028470074586137892,1,0.4787300249897073,0.0,0.0,0.0,1,0,0,0,0,0.0,0
GEM/2025/B/6321070,325,Lost,0,outcome_labels_review_xlsx,,,LALA RAM SWARUP INSTITUTE,Department Of Health And Family Welfare,,2025-06-17 14:00:00,2025-06-17 14:00:00,90.0,,,,No,,0.0,,No,,No,,No,,,No,,,,2026-08-31 08:28:16.515611,QUALIFIED,2025-06-17 14:00:00.000000,LALA RAM SWARUP INSTITUTE,4411760.0,True,1,15.299784487444017,90.0,0.0,0.0,0.0,0,0.0,0.0,0.0,0.0,0,0,0,0,0,0.0,0
GEM/2025/B/6273709,314,Lost,0,outcome_labels_review_xlsx,,,DEDICATED FREIGHT CORRIDO,Railways Public Sector Undertakings,,2025-06-17 15:00:00,2025-06-17 15:00:00,60.0,,,125200.0,Yes,,0.0,,No,,No,,No,,,Yes,,,,2026-08-31 08:28:05.678518,QUALIFIED,2025-06-17 15:00:00.000000,DEDICATED FREIGHT CORRIDO,4411760.0,True,1,15.299784487444017,60.0,125200.0,11.737675724836684,0.0005993699912871136,0,0.0,0.0,0.0,0.0,1,0,0,0,0,0.0,0
GEM/2025/B/6274903,315,Lost,0,outcome_labels_review_xlsx,,,POWERGRID,Power Grid Corporation Of India Limited,,2025-06-19 11:00:00,2025-06-19 11:00:00,180.0,,,28800.0,Yes,,0.0,18.0,No,,No,,No,,,No,,,,2026-08-31 08:28:03.434590,QUALIFIED,2025-06-19 11:00:00.000000,POWERGRID,4411760.0,True,1,15.299784487444017,180.0,28800.0,10.268165387743457,0.0001378742471970357,0,0.0,18.0,0.0,0.0,0,0,0,0,0,0.28,1
GEM/2025/B/6184354,305,Lost,0,outcome_labels_review_xlsx,,,HAL,Department Of Defence Production,,2025-06-20 15:00:00,2025-06-20 15:00:00,180.0,,,40000.0,Yes,,0.0,,No,,No,,No,,,Yes,Yes,,,2026-08-31 08:27:59.451214,QUALIFIED,2025-06-20 15:00:00.000000,HAL,5398205.0,True,1,15.501577234114253,180.0,40000.0,10.596659732783579,0.00019149200999588292,0,0.0,0.0,0.0,0.0,1,1,0,0,0,0.17142857142857143,1
GEM/2025/B/6293058,318,Lost,0,outcome_labels_review_xlsx,,,BOKARO STEEL PLANT,Steel Authority Of India Limited,,2025-06-20 18:00:00,2025-06-20 18:00:00,120.0,,,,No,,0.0,,No,,No,,No,,,No,Yes,,,2026-08-31 08:28:07.040877,QUALIFIED,2025-06-20 18:00:00.000000,BOKARO STEEL PLANT,4411760.0,True,1,15.299784487444017,120.0,0.0,0.0,0.0,0,0.0,0.0,0.0,0.0,0,1,0,0,0,0.0,0
GEM/2025/B/6243054,44,Won,1,outcome_labels_review_xlsx,,,HQIDS,Department Of Military Affairs,,2025-06-24 11:00:00,2025-06-24 11:00:00,180.0,,,36823.0,Yes,100000000.0,0.0,,No,,No,5.0,Yes,,,Yes,Yes,,,2026-08-31 08:23:17.455377,QUALIFIED,2025-06-24 11:00:00.000000,HQIDS,4411760.0,True,1,15.299784487444017,180.0,36823.0,10.513905085497077,0.00017628275710195992,1,0.4787300249897073,0.0,5.0,0.0,1,1,0,0,0,0.0,0
GEM/2025/B/6305103,320,Lost,0,outcome_labels_review_xlsx,,,ELECTRONIC MEDIA MONITORI,Ministry Of Information And Broadcasting,,2025-06-24 11:00:00,2025-06-24 11:00:00,180.0,,,,No,,0.0,,No,,No,,No,,,Yes,,,,2026-08-31 08:28:08.175951,QUALIFIED,2025-06-24 11:00:00.000000,ELECTRONIC MEDIA MONITORI,4411760.0,True,1,15.299784487444017,180.0,0.0,0.0,0.0,0,0.0,0.0,0.0,0.0,1,0,0,0,0,0.0,0
GEM/2025/B/6277890,317,Lost,0,outcome_labels_review_xlsx,,,N SPACE RESEARCH ORGANIZA,Department Of Space,,2025-06-24 15:00:00,2025-06-24 15:00:00,120.0,,,,No,,0.0,67.0,No,,No,,No,,,Yes,,,,2026-08-31 08:28:14.284663,QUALIFIED,2025-06-24 15:00:00.000000,N SPACE RESEARCH ORGANIZA,4411760.0,True,1,15.299784487444017,120.0,0.0,0.0,0.0,0,0.0,67.0,0.0,0.0,1,0,0,0,0,0.0,0
GEM/2025/B/6312735,323,Lost,0,outcome_labels_review_xlsx,,,OIL,Oil India Limited,,2025-06-26 14:00:00,2025-06-26 14:00:00,90.0,,,,No,,0.0,67.0,No,,No,,No,,,Yes,,,,2026-08-31 08:28:09.782386,QUALIFIED,2025-06-26 14:00:00.000000,OIL,4411760.0,True,1,15.299784487444017,90.0,0.0,0.0,0.0,0,0.0,67.0,0.0,0.0,1,0,0,0,0,0.0,0
GEM/2025/B/6310014,322,Lost,0,outcome_labels_review_xlsx,,,MAHANADI COALFIELDS,Coal India Limited,,2025-06-26 19:00:00,2025-06-26 19:00:00,120.0,,,19600.0,Yes,,0.0,5.0,No,,No,,No,,,Yes,,,,2026-08-31 08:28:12.387150,QUALIFIED,2025-06-26 19:00:00.000000,MAHANADI COALFIELDS,4411760.0,True,1,15.299784487444017,120.0,19600.0,9.883335864325275,9.383108489798264e-05,0,0.0,5.0,0.0,0.0,1,0,0,0,0,0.0,0
GEM/2025/B/6323524,326,Lost,0,outcome_labels_review_xlsx,,,CENTRE FOR DEVELOPMENT OF,Department Of Electronics And Information Technology,,2025-06-30 15:00:00,2025-06-30 15:00:00,90.0,,,33000.0,Yes,100000000.0,0.0,38.0,No,,No,,No,,,Yes,,,,2026-08-31 08:28:11.740773,QUALIFIED,2025-06-30 15:00:00.000000,CENTRE FOR DEVELOPMENT OF,4411760.0,True,1,15.299784487444017,90.0,33000.0,10.404293143019792,0.00015798090824660342,1,0.4787300249897073,38.0,0.0,0.0,1,0,0,0,0,0.0,0
GEM/2025/B/6374935,334,Lost,0,outcome_labels_review_xlsx,,,PUNJAB NATIONAL BANK,Banking Sector,,2025-07-03 18:00:00,2025-07-03 18:00:00,30.0,,,,No,,0.0,,No,,No,,No,,,Yes,,,,2026-08-31 08:28:15.583010,QUALIFIED,2025-07-03 18:00:00.000000,PUNJAB NATIONAL BANK,4411760.0,True,1,15.299784487444017,30.0,0.0,0.0,0.0,0,0.0,0.0,0.0,0.0,1,0,0,0,0,0.0,0
GEM/2025/B/6337250,328,Lost,0,outcome_labels_review_xlsx,,,NATIONAL FERTILIZERS  (NF,Department Of Fertilizers,,2025-07-03 21:00:00,2025-07-03 21:00:00,120.0,,,15000.0,Yes,,0.0,21.0,No,,No,,No,,,No,,,,2026-08-31 08:28:12.538381,QUALIFIED,2025-07-03 21:00:00.000000,NATIONAL FERTILIZERS  (NF,4411760.0,True,1,15.299784487444017,120.0,15000.0,9.61587214452889,7.180950374845609e-05,0,0.0,21.0,0.0,0.0,0,0,0,0,0,0.0,0
GEM/2025/B/6118523,41,Won,1,outcome_labels_review_xlsx,,,DAMODAR VALLEY ORATION,Contracts And Materials,,2025-07-04 12:00:00,2025-07-04 12:00:00,180.0,,,60839.0,Yes,,0.0,62.0,No,,No,,No,,,Yes,Yes,,,2026-08-31 08:23:13.375589,QUALIFIED,2025-07-04 12:00:00.000000,DAMODAR VALLEY ORATION,4411760.0,True,1,15.299784487444017,180.0,60839.0,11.016002746373228,0.000291254559903488,0,0.0,62.0,0.0,0.0,1,1,0,0,0,0.0,0
GEM/2025/B/6341246,329,Lost,0,outcome_labels_review_xlsx,,,DELHI TRANSCO  (DTL),Delhi Transco Limited (dtl),,2025-07-04 14:00:00,2025-07-04 14:00:00,120.0,,,180313.0,Yes,,0.0,14.0,No,,No,,No,,,Yes,,,,2026-08-31 08:28:12.901153,QUALIFIED,2025-07-04 14:00:00.000000,DELHI TRANSCO  (DTL),4411760.0,True,1,15.299784487444017,120.0,180313.0,12.10245505454077,0.000863212469959691,0,0.0,14.0,0.0,0.0,1,0,0,0,0,0.0,0
GEM/2025/B/6214734,308,Lost,0,outcome_labels_review_xlsx,,,POWERGRID,Power Grid Corporation Of India Limited,,2025-07-04 15:00:00,2025-07-04 15:00:00,180.0,,,281000.0,Yes,,0.0,21.0,No,,No,,No,,,Yes,,,,2026-08-31 08:28:00.145750,QUALIFIED,2025-07-04 15:00:00.000000,POWERGRID,4411760.0,True,1,15.299784487444017,180.0,281000.0,12.546113507028412,0.0013452313702210774,0,0.0,21.0,0.0,0.0,1,0,0,0,0,0.2692307692307692,1
GEM/2025/B/6337247,327,Lost,0,outcome_labels_review_xlsx,,,RAILWAYS,Railways Public Sector Undertakings,,2025-07-04 15:00:00,2025-07-04 15:00:00,60.0,,,49000.0,Yes,100000000.0,0.0,,No,,No,,No,,,Yes,,,,2026-08-31 08:28:17.742089,QUALIFIED,2025-07-04 15:00:00.000000,RAILWAYS,45178264.0,True,1,17.626126666318992,60.0,49000.0,10.799595985047786,0.0002345777122449566,1,0.4787300249897073,0.0,0.0,0.0,1,0,0,0,0,0.0,0
GEM/2025/B/6343984,330,Lost,0,outcome_labels_review_xlsx,,,YANTRA,Department Of Defence Production,,2025-07-05 09:00:00,2025-07-05 09:00:00,90.0,,,25984.0,Yes,,0.0,,No,,No,,No,,,No,Yes,,,2026-08-31 08:28:13.804047,QUALIFIED,2025-07-05 09:00:00.000000,YANTRA,4411760.0,True,1,15.299784487444017,90.0,25984.0,10.165274727442542,0.00012439320969332554,0,0.0,0.0,0.0,0.0,0,1,0,0,0,0.0,0
GEM/2025/B/6391017,335,Lost,0,outcome_labels_review_xlsx,,,PUNJAB NATIONAL BANK,Banking Sector,,2025-07-07 17:00:00,2025-07-07 17:00:00,30.0,,,,No,,0.0,,No,,No,,No,,,Yes,,,,2026-08-31 08:28:15.332429,QUALIFIED,2025-07-07 17:00:00.000000,PUNJAB NATIONAL BANK,4411760.0,True,1,15.299784487444017,30.0,0.0,0.0,0.0,0,0.0,0.0,0.0,0.0,1,0,0,0,0,0.0,0
GEM/2025/B/6360561,332,Lost,0,outcome_labels_review_xlsx,,,INDO TIBETAN BORDER POLIC,Central Armed Police Forces,,2025-07-12 11:00:00,2025-07-12 11:00:00,180.0,,,19000.0,Yes,100000000.0,0.0,26.0,No,,No,,No,,,Yes,Yes,,,2026-08-31 08:28:14.676802,QUALIFIED,2025-07-12 11:00:00.000000,INDO TIBETAN BORDER POLIC,4411760.0,True,1,15.299784487444017,180.0,19000.0,9.852246888342531,9.095870474804439e-05,1,0.4787300249897073,26.0,0.0,0.0,1,1,0,0,0,0.0,0
GEM/2025/B/6315040,324,Lost,0,outcome_labels_review_xlsx,,,INSTITUTE OF LIVER AND BI,Health And Family Welfare Department Delhi,,2025-07-17 15:00:00,2025-07-17 15:00:00,180.0,,,124000.0,Yes,,0.0,38.0,No,,No,,No,,,Yes,Yes,,,2026-08-31 08:28:07.641743,QUALIFIED,2025-07-17 15:00:00.000000,INSTITUTE OF LIVER AND BI,4411760.0,True,1,15.299784487444017,180.0,124000.0,11.728044909070785,0.000593625230987237,0,0.0,38.0,0.0,0.0,1,1,0,0,0,0.0,0
GEM/2025/B/6405655,338,Lost,0,outcome_labels_review_xlsx,,,BHEL,Department Of Heavy Industry,,2025-07-17 17:00:00,2025-07-17 17:00:00,120.0,,,,No,,0.0,20.0,No,,No,,No,,,No,Yes,,,2026-08-31 08:28:18.516360,QUALIFIED,2025-07-17 17:00:00.000000,BHEL,4411760.0,True,1,15.299784487444017,120.0,0.0,0.0,0.0,0,0.0,20.0,0.0,0.0,0,1,0,0,0,0.0,0
GEM/2025/B/6365604,333,Lost,0,outcome_labels_review_xlsx,,,PRASAR BHARATI BROADCASTI,Ministry Of Information And Broadcasting,,2025-07-18 14:00:00,2025-07-18 14:00:00,120.0,,,49000.0,Yes,,0.0,38.0,No,,No,,No,,,Yes,Yes,,,2026-08-31 08:28:15.498723,QUALIFIED,2025-07-18 14:00:00.000000,PRASAR BHARATI BROADCASTI,4411760.0,True,1,15.299784487444017,120.0,49000.0,10.799595985047786,0.0002345777122449566,0,0.0,38.0,0.0,0.0,1,1,0,0,0,0.0,0
GEM/2025/B/6391841,336,Lost,0,outcome_labels_review_xlsx,,,CENTRAL BOARD OF EXCISE A,Department Of Revenue,,2025-07-18 18:00:00,2025-07-18 18:00:00,180.0,,,72500.0,Yes,,0.0,6.0,No,,No,,No,,,Yes,,,,2026-08-31 08:28:18.438812,QUALIFIED,2025-07-18 18:00:00.000000,CENTRAL BOARD OF EXCISE A,4411760.0,True,1,15.299784487444017,180.0,72500.0,11.19135563385109,0.0003470792681175378,0,0.0,6.0,0.0,0.0,1,0,0,0,0,0.0,0
GEM/2025/B/6406439,339,Lost,0,outcome_labels_review_xlsx,,,AAI,Airports Authority Of India (aai),,2025-07-19 15:00:00,2025-07-19 15:00:00,180.0,,,364271.0,Yes,100000000.0,0.0,27.0,No,,No,,No,,,Yes,,,,2026-08-31 08:28:22.108739,QUALIFIED,2025-07-19 15:00:00.000000,AAI,4798641.0,True,1,15.383843519182983,180.0,364271.0,12.805656120311804,0.0017438746493302567,1,0.4787300249897073,27.0,0.0,0.0,1,0,0,0,1,0.3333333333333333,1
GEM/2025/B/6399020,48,Won,1,outcome_labels_review_xlsx,,,NATIONAL FERTILIZERS  (NF,Department Of Fertilizers,,2025-07-21 17:00:00,2025-07-21 17:00:00,90.0,,,50002.0,Yes,,0.0,,No,,No,,No,,,Yes,,,,2026-08-31 08:23:17.601921,QUALIFIED,2025-07-21 17:00:00.000000,NATIONAL FERTILIZERS  (NF,4411760.0,True,1,15.299784487444017,90.0,50002.0,10.819838282610355,0.00023937458709535344,0,0.0,0.0,0.0,0.0,1,0,0,0,0,0.0,0
GEM/2025/B/6407053,340,Lost,0,outcome_labels_review_xlsx,,,HAL,Department Of Defence Production,,2025-07-23 15:00:00,2025-07-23 15:00:00,120.0,,,,No,,0.0,,No,,No,,No,,,Yes,,,,2026-08-31 08:28:20.669749,QUALIFIED,2025-07-23 15:00:00.000000,HAL,5398205.0,True,1,15.501577234114253,120.0,0.0,0.0,0.0,0,0.0,0.0,0.0,0.0,1,0,0,0,0,0.16666666666666666,1
GEM/2025/B/6414501,342,Lost,0,outcome_labels_review_xlsx,,,NTPC,Na,,2025-07-24 16:00:00,2025-07-24 16:00:00,120.0,,,50000.0,Yes,,0.0,15.0,No,,No,,No,,,No,,,,2026-08-31 08:28:19.554443,QUALIFIED,2025-07-24 16:00:00.000000,NTPC,4411760.0,True,1,15.299784487444017,120.0,50000.0,10.819798284210286,0.00023936501249485366,0,0.0,15.0,0.0,0.0,0,0,0,0,1,0.0,0
GEM/2025/B/6411591,341,Lost,0,outcome_labels_review_xlsx,,,POWERGRID,Na,,2025-07-25 11:00:00,2025-07-25 11:00:00,180.0,,,69000.0,Yes,,0.0,45.0,No,,No,,No,,,Yes,,,,2026-08-31 08:28:20.126175,QUALIFIED,2025-07-25 11:00:00.000000,POWERGRID,4411760.0,True,1,15.299784487444017,180.0,69000.0,11.141876276228,0.00033032371724289804,0,0.0,45.0,0.0,0.0,1,0,0,0,0,0.25925925925925924,1
GEM/2025/B/6439144,346,Lost,0,outcome_labels_review_xlsx,,,RAILWAYS,Railways Public Sector Undertakings,,2025-07-25 15:00:00,2025-07-25 15:00:00,60.0,,,49000.0,Yes,100000000.0,0.0,,No,,No,,No,,,Yes,,,,2026-08-31 08:28:26.437629,QUALIFIED,2025-07-25 15:00:00.000000,RAILWAYS,45178264.0,True,1,17.626126666318992,60.0,49000.0,10.799595985047786,0.0002345777122449566,1,0.4787300249897073,0.0,0.0,0.0,1,0,0,0,0,0.0,0
GEM/2025/B/6419419,343,Lost,0,outcome_labels_review_xlsx,,,IOCL,Indian Oil Corporation Limited,,2025-07-25 18:00:00,2025-07-25 18:00:00,120.0,,,,No,,0.0,42.0,No,,No,,No,,,Yes,,,,2026-08-31 08:28:21.793385,QUALIFIED,2025-07-25 18:00:00.000000,IOCL,1997657.14,True,1,14.507486122450072,120.0,0.0,0.0,0.0,0,0.0,42.0,0.0,0.0,1,0,0,0,1,0.42857142857142855,1
GEM/2025/B/6429026,344,Lost,0,outcome_labels_review_xlsx,,,GAIL,Gail India Limited,,2025-07-29 17:00:00,2025-07-29 17:00:00,120.0,,,,No,,0.0,17.0,No,,No,,No,,,No,,,,2026-08-31 08:28:21.574838,QUALIFIED,2025-07-29 17:00:00.000000,GAIL,4411760.0,True,1,15.299784487444017,120.0,0.0,0.0,0.0,0,0.0,17.0,0.0,0.0,0,0,0,0,1,0.5789473684210527,1
GEM/2025/B/6461967,51,Won,1,outcome_labels_review_xlsx,,,IOCL,Indian Oil Corporation Limited,,2025-07-30 11:00:00,2025-07-30 11:00:00,120.0,,,,No,,0.0,,No,,No,,No,,,No,,,,2026-08-31 08:23:22.620819,QUALIFIED,2025-07-30 11:00:00.000000,IOCL,1997657.14,True,1,14.507486122450072,120.0,0.0,0.0,0.0,0,0.0,0.0,0.0,0.0,0,0,0,0,1,0.375,1
GEM/2025/B/6431443,50,Won,1,outcome_labels_review_xlsx,,,BPCL,Bharat Petroleum Corporation Ltd,,2025-07-30 14:00:00,2025-07-30 14:00:00,90.0,,,,No,,0.0,,No,,No,,No,,,No,,,,2026-08-31 08:23:37.837273,QUALIFIED,2025-07-30 14:00:00.000000,BPCL,4411760.0,True,1,15.299784487444017,90.0,0.0,0.0,0.0,0,0.0,0.0,0.0,0.0,0,0,0,0,1,0.16666666666666666,1
GEM/2025/B/6492892,354,Lost,0,outcome_labels_review_xlsx,,,IOCL,Indian Oil Corporation Limited,,2025-08-04 15:00:00,2025-08-04 15:00:00,120.0,,,,No,,0.0,20.0,No,,No,,No,,,Yes,,,,2026-08-31 08:28:27.464174,QUALIFIED,2025-08-04 15:00:00.000000,IOCL,1997657.14,True,1,14.507486122450072,120.0,0.0,0.0,0.0,0,0.0,20.0,0.0,0.0,1,0,0,0,1,0.4444444444444444,1
GEM/2025/B/6355498,47,Won,1,outcome_labels_review_xlsx,,,POWERGRID,Power Grid Corporation Of India Limited,,2025-08-06 11:00:00,2025-08-06 11:00:00,180.0,,,302000.0,Yes,22662000.0,0.0,45.0,No,,No,,No,,,Yes,,,,2026-08-31 08:23:37.116393,QUALIFIED,2025-08-06 11:00:00.000000,POWERGRID,4411760.0,True,1,15.299784487444017,180.0,302000.0,12.618185607609803,0.001445764675468916,1,0.10848979826316747,45.0,0.0,0.0,1,0,0,0,0,0.25,1
GEM/2025/B/6461238,349,Lost,0,outcome_labels_review_xlsx,,,BSF,Central Armed Police Forces,,2025-08-06 11:00:00,2025-08-06 11:00:00,180.0,,,126000.0,Yes,100000000.0,0.0,38.0,No,,No,,No,,,Yes,Yes,,,2026-08-31 08:28:24.581541,QUALIFIED,2025-08-06 11:00:00.000000,BSF,10599000.0,True,1,16.17627030935791,180.0,126000.0,11.744045122410057,0.0006031998314870313,1,0.4787300249897073,38.0,0.0,0.0,1,1,0,0,0,0.0,0
GEM/2025/B/6437829,345,Lost,0,outcome_labels_review_xlsx,,,INDIAN_AIR_FORCE,Department Of Military Affairs,,2025-08-11 10:00:00,2025-08-11 10:00:00,180.0,,,135000.0,Yes,100000000.0,0.0,38.0,No,,No,,No,,,Yes,Yes,,,2026-08-31 08:28:30.655415,QUALIFIED,2025-08-11 10:00:00.000000,INDIAN_AIR_FORCE,4411760.0,True,1,15.299784487444017,180.0,135000.0,11.813037464800539,0.0006462855337361048,1,0.4787300249897073,38.0,0.0,0.0,1,1,0,0,0,0.16666666666666666,1
GEM/2025/B/6475995,351,Lost,0,outcome_labels_review_xlsx,,,GAIL,Gail India Limited,,2025-08-13 12:00:00,2025-08-13 12:00:00,90.0,,,60500.0,Yes,,0.0,81.0,No,,No,,No,,,No,,,,2026-08-31 08:28:24.779378,QUALIFIED,2025-08-13 12:00:00.000000,GAIL,4411760.0,True,1,15.299784487444017,90.0,60500.0,11.010415172807951,0.00028963166511877293,0,0.0,81.0,0.0,0.0,0,0,0,0,1,0.55,1
GEM/2025/B/6442746,348,Lost,0,outcome_labels_review_xlsx,,,POWERGRID,Power Grid Corporation Of India Limited,,2025-08-19 11:00:00,2025-08-19 11:00:00,180.0,,,1615000.0,Yes,,0.0,44.0,No,,No,,No,,,Yes,Yes,,,2026-08-31 08:28:38.415256,QUALIFIED,2025-08-19 11:00:00.000000,POWERGRID,4411760.0,True,1,15.299784487444017,180.0,1615000.0,14.29484613383375,0.007731489903583773,0,0.0,44.0,0.0,0.0,1,1,0,0,0,0.27586206896551724,1
GEM/2025/B/6508076,356,Lost,0,outcome_labels_review_xlsx,,,AAI,Airports Authority Of India (aai),,2025-08-21 12:00:00,2025-08-21 12:00:00,180.0,,,26251.0,Yes,,0.0,39.0,No,,No,,No,,,Yes,,,,2026-08-31 08:28:26.745425,QUALIFIED,2025-08-21 12:00:00.000000,AAI,4798641.0,True,1,15.383843519182983,180.0,26251.0,10.175497455593613,0.00012567141886004807,0,0.0,39.0,0.0,0.0,1,0,0,0,1,0.25,1
GEM/2025/B/6522958,360,Lost,0,outcome_labels_review_xlsx,,,POWERGRID,Power Grid Corporation Of India Limited,,2025-08-25 11:00:00,2025-08-25 11:00:00,180.0,,,320000.0,Yes,,0.0,,No,,No,,No,,,Yes,,,,2026-08-31 08:28:38.303249,QUALIFIED,2025-08-25 11:00:00.000000,POWERGRID,4411760.0,True,1,15.299784487444017,180.0,320000.0,12.676079399771027,0.0015319360799670634,0,0.0,0.0,0.0,0.0,1,0,0,0,0,0.26666666666666666,1
GEM/2025/B/6516547,358,Lost,0,outcome_labels_review_xlsx,,,RASHTRIYA ISPAT NIGAM,Rashtriya Ispat Nigam Limited,,2025-08-25 12:00:00,2025-08-25 12:00:00,120.0,,,,No,,0.0,,No,,No,,No,,,Yes,Yes,,,2026-08-31 08:28:31.798895,QUALIFIED,2025-08-25 12:00:00.000000,RASHTRIYA ISPAT NIGAM,4411760.0,True,1,15.299784487444017,120.0,0.0,0.0,0.0,0,0.0,0.0,0.0,0.0,1,1,0,0,0,0.0,0
GEM/2025/B/6546982,368,Lost,0,outcome_labels_review_xlsx,,,HPCL,Na,,2025-08-25 15:00:00,2025-08-25 15:00:00,120.0,,,,No,100000000.0,0.0,15.0,No,,No,,No,,,Yes,Yes,,,2026-08-31 08:28:41.729350,QUALIFIED,2025-08-25 15:00:00.000000,HPCL,4411760.0,True,1,15.299784487444017,120.0,0.0,0.0,0.0,1,0.4787300249897073,15.0,0.0,0.0,1,1,0,0,1,0.0,0
GEM/2025/B/6354288,331,Lost,0,outcome_labels_review_xlsx,,,INDIAN_ARMY,Department Of Military Affairs,,2025-08-25 21:00:00,2025-08-25 21:00:00,180.0,,,177300.0,Yes,100000000.0,0.0,38.0,No,,No,,No,,,Yes,Yes,,,2026-08-31 08:28:17.162566,QUALIFIED,2025-08-25 21:00:00.000000,INDIAN_ARMY,4411760.0,True,1,15.299784487444017,180.0,177300.0,12.085604132204319,0.0008487883343067511,1,0.4787300249897073,38.0,0.0,0.0,1,1,0,0,0,0.0,0
GEM/2025/B/6530855,364,Lost,0,outcome_labels_review_xlsx,,,GAIL,Gail India Limited,,2025-08-26 16:00:00,2025-08-26 16:00:00,90.0,,,,No,,0.0,19.0,No,,No,,No,,,No,,,,2026-08-31 08:28:31.648314,QUALIFIED,2025-08-26 16:00:00.000000,GAIL,4411760.0,True,1,15.299784487444017,90.0,0.0,0.0,0.0,0,0.0,19.0,0.0,0.0,0,0,0,0,1,0.5238095238095238,1
GEM/2025/B/6555308,370,Lost,0,outcome_labels_review_xlsx,,,IOCL,Indian Oil Corporation Limited,,2025-08-29 09:00:00,2025-08-29 09:00:00,120.0,,,,No,,0.0,27.0,No,,No,,No,,,No,Yes,,,2026-08-31 08:28:40.810463,QUALIFIED,2025-08-29 09:00:00.000000,IOCL,1997657.14,True,1,14.507486122450072,120.0,0.0,0.0,0.0,0,0.0,27.0,0.0,0.0,0,1,0,0,1,0.4,1
GEM/2025/B/6521609,359,Lost,0,outcome_labels_review_xlsx,,,INDIAN_AIR_FORCE,Department Of Military Affairs,,2025-08-29 13:00:00,2025-08-29 13:00:00,180.0,,,,No,,0.0,,No,,No,,No,,,No,Yes,,,2026-08-31 08:28:29.407564,QUALIFIED,2025-08-29 13:00:00.000000,INDIAN_AIR_FORCE,4411760.0,True,1,15.299784487444017,180.0,0.0,0.0,0.0,0,0.0,0.0,0.0,0.0,0,1,0,0,0,0.14285714285714285,1
GEM/2025/B/6507958,355,Lost,0,outcome_labels_review_xlsx,,,NUCLEAR POWER ORATION OF,Department Of Atomic Energy,,2025-09-04 11:00:00,2025-09-04 11:00:00,120.0,,,11456.0,Yes,,0.0,,No,,No,,No,,,No,Yes,,,2026-08-31 08:28:27.219322,QUALIFIED,2025-09-04 11:00:00.000000,NUCLEAR POWER ORATION OF,4411760.0,True,1,15.299784487444017,120.0,11456.0,9.346356175893625,5.4843311662820866e-05,0,0.0,0.0,0.0,0.0,0,1,0,0,0,0.0,0
GEM/2025/B/6488346,53,Won,1,outcome_labels_review_xlsx,,,BSF,Central Armed Police Forces,,2025-09-09 11:00:00,2025-09-09 11:00:00,180.0,,,102000.0,Yes,100000000.0,0.0,38.0,No,,No,5.0,Yes,,,Yes,Yes,,,2026-08-31 08:23:26.862370,QUALIFIED,2025-09-09 11:00:00.000000,BSF,10599000.0,True,1,16.17627030935791,180.0,102000.0,11.532737896139919,0.0004883046254895014,1,0.4787300249897073,38.0,5.0,0.0,1,1,0,0,0,0.0,0
GEM/2025/B/6566577,372,Lost,0,outcome_labels_review_xlsx,,,DIRECTORATE OF PURCHASE A,Department Of Atomic Energy,,2025-09-10 12:00:00,2025-09-10 12:00:00,90.0,,,,No,,0.0,,No,,No,,No,,,No,Yes,,,2026-08-31 08:28:35.977182,QUALIFIED,2025-09-10 12:00:00.000000,DIRECTORATE OF PURCHASE A,4411760.0,True,1,15.299784487444017,90.0,0.0,0.0,0.0,0,0.0,0.0,0.0,0.0,0,1,0,0,0,0.5,1
GEM/2025/B/6572810,373,Lost,0,outcome_labels_review_xlsx,,,DEDICATED FREIGHT CORRIDO,Railways Public Sector Undertakings,,2025-09-11 12:00:00,2025-09-11 12:00:00,90.0,,,280360.0,Yes,100000000.0,0.0,32.0,No,,No,,No,,,Yes,,,,2026-08-31 08:28:41.308259,QUALIFIED,2025-09-11 12:00:00.000000,DEDICATED FREIGHT CORRIDO,4411760.0,True,1,15.299784487444017,90.0,280360.0,12.54383333745053,0.0013421674980611433,1,0.4787300249897073,32.0,0.0,0.0,1,0,0,0,0,0.0,0
GEM/2025/B/6576955,374,Lost,0,outcome_labels_review_xlsx,,,IOCL,Indian Oil Corporation Limited,,2025-09-11 13:00:00,2025-09-11 13:00:00,120.0,,,,No,,0.0,15.0,No,,No,,No,,,Yes,,,,2026-08-31 08:28:37.336050,QUALIFIED,2025-09-11 13:00:00.000000,IOCL,1997657.14,True,1,14.507486122450072,120.0,0.0,0.0,0.0,0,0.0,15.0,0.0,0.0,1,0,0,0,1,0.36363636363636365,1
GEM/2025/B/6593860,376,Lost,0,outcome_labels_review_xlsx,,,ONGC,Na,,2025-09-12 18:00:00,2025-09-12 18:00:00,45.0,,,22631.0,Yes,,0.0,38.0,No,,No,,No,,,Yes,,,,2026-08-31 08:28:39.337547,QUALIFIED,2025-09-12 18:00:00.000000,ONGC,4411760.0,True,1,15.299784487444017,45.0,22631.0,10.027120112981404,0.00010834139195542066,0,0.0,38.0,0.0,0.0,1,0,0,0,1,0.0,0
GEM/2025/B/6523336,361,Lost,0,outcome_labels_review_xlsx,,,PRASAR BHARATI BROADCASTI,Ministry Of Information And Broadcasting,,2025-09-17 12:00:00,2025-09-17 12:00:00,180.0,,,218000.0,Yes,,0.0,40.0,No,,No,,No,,,Yes,Yes,,,2026-08-31 08:28:30.299279,QUALIFIED,2025-09-17 12:00:00.000000,PRASAR BHARATI BROADCASTI,4411760.0,True,1,15.299784487444017,180.0,218000.0,12.292254928916668,0.0010436314544775619,0,0.0,40.0,0.0,0.0,1,1,0,0,0,0.0,0
GEM/2025/B/6634873,383,Lost,0,outcome_labels_review_xlsx,,,IOCL,Indian Oil Corporation Limited,,2025-09-18 17:00:00,2025-09-18 17:00:00,120.0,,,,No,,0.0,15.0,No,,No,,No,,,Yes,,,,2026-08-31 08:28:45.419834,QUALIFIED,2025-09-18 17:00:00.000000,IOCL,1997657.14,True,1,14.507486122450072,120.0,0.0,0.0,0.0,0,0.0,15.0,0.0,0.0,1,0,0,0,1,0.3333333333333333,1
GEM/2025/B/6667756,61,Won,1,outcome_labels_review_xlsx,,,TIFR CENTRE FOR APPLICABL,Department Of Atomic Energy,,2025-09-22 13:00:00,2025-09-22 13:00:00,120.0,,,11000.0,Yes,1.0,0.0,15.0,No,,No,,No,,,Yes,,,,2026-08-31 08:23:35.431050,QUALIFIED,2025-09-22 13:00:00.000000,TIFR CENTRE FOR APPLICABL,4411760.0,True,1,15.299784487444017,120.0,11000.0,9.305741456739435,5.2660302748867805e-05,1,4.787300249897073e-09,15.0,0.0,0.0,1,0,0,0,0,0.0,0
GEM/2025/B/6661454,389,Lost,0,outcome_labels_review_xlsx,,,ROURKELA STEEL PLANT,Steel Authority Of India Limited,,2025-09-26 15:00:00,2025-09-26 15:00:00,180.0,,,,No,,0.0,,No,,No,,No,,,No,Yes,,,2026-08-31 08:28:46.737178,QUALIFIED,2025-09-26 15:00:00.000000,ROURKELA STEEL PLANT,4411760.0,True,1,15.299784487444017,180.0,0.0,0.0,0.0,0,0.0,0.0,0.0,0.0,0,1,0,0,0,0.0,0
GEM/2025/B/6624928,381,Lost,0,outcome_labels_review_xlsx,,,NLC,Materials Management,,2025-09-29 16:00:00,2025-09-29 16:00:00,120.0,,,50000.0,Yes,,0.0,18.0,No,,No,,No,,,No,Yes,,,2026-08-31 08:28:48.838079,QUALIFIED,2025-09-29 16:00:00.000000,NLC,4411760.0,True,1,15.299784487444017,120.0,50000.0,10.819798284210286,0.00023936501249485366,0,0.0,18.0,0.0,0.0,0,1,0,0,0,0.0,0
GEM/2025/B/6604936,57,Won,1,outcome_labels_review_xlsx,,,INDIAN_AIR_FORCE,Department Of Military Affairs,,2025-10-01 13:00:00,2025-10-01 13:00:00,180.0,,,,No,,0.0,,No,,No,,No,,,Yes,,,,2026-08-31 08:23:32.504933,QUALIFIED,2025-10-01 13:00:00.000000,INDIAN_AIR_FORCE,4411760.0,True,1,15.299784487444017,180.0,0.0,0.0,0.0,0,0.0,0.0,0.0,0.0,1,0,0,0,0,0.125,1
GEM/2025/B/6599493,379,Lost,0,outcome_labels_review_xlsx,,,ONGC,Na,,2025-10-04 18:00:00,2025-10-04 18:00:00,90.0,,,14274000.0,Yes,,0.0,50.0,No,,No,,No,,,Yes,Yes,,,2026-08-31 08:29:08.994661,QUALIFIED,2025-10-04 18:00:00.000000,ONGC,4411760.0,True,1,15.299784487444017,90.0,14274000.0,16.473950328570595,0.06833392376703082,0,0.0,50.0,0.0,0.0,1,1,0,0,1,0.0,0
GEM/2025/B/6755975,405,Lost,0,outcome_labels_review_xlsx,,,SEMICONDUCTOR LABORATORY,Department Of Electronics And Information Technology,,2025-10-27 15:00:00,2025-10-27 15:00:00,180.0,,,106200.0,Yes,,0.0,14.0,No,,No,,No,,,Yes,,,,2026-08-31 08:29:10.364774,QUALIFIED,2025-10-27 15:00:00.000000,SEMICONDUCTOR LABORATORY,4411760.0,True,1,15.299784487444017,180.0,106200.0,11.5730888039415,0.0005084112865390691,0,0.0,14.0,0.0,0.0,1,0,0,0,0,0.0,0
GEM/2025/B/6770641,409,Lost,0,outcome_labels_review_xlsx,,,NHPC,Na,,2025-10-30 17:00:00,2025-10-30 17:00:00,120.0,,,20000.0,Yes,,0.0,14.0,No,,No,,No,,,Yes,,,,2026-08-31 08:29:02.646356,QUALIFIED,2025-10-30 17:00:00.000000,NHPC,4411760.0,True,1,15.299784487444017,120.0,20000.0,9.90353755128617,9.574600499794146e-05,0,0.0,14.0,0.0,0.0,1,0,0,0,0,0.0,0
GEM/2025/B/6806643,413,Lost,0,outcome_labels_review_xlsx,,,PUNJAB NATIONAL BANK (PNB,Department Of Financial Services,,2025-11-03 17:00:00,2025-11-03 17:00:00,30.0,,,,No,100000000.0,0.0,,No,,No,,No,,,Yes,,,,2026-08-31 08:29:10.916395,QUALIFIED,2025-11-03 17:00:00.000000,PUNJAB NATIONAL BANK (PNB,4411760.0,True,1,15.299784487444017,30.0,0.0,0.0,0.0,1,0.4787300249897073,0.0,0.0,0.0,1,0,0,0,0,0.0,0
GEM/2025/B/6798293,66,Won,1,outcome_labels_review_xlsx,,,GAIL,Gail India Limited,,2025-11-07 16:00:00,2025-11-07 16:00:00,90.0,,,125000.0,Yes,,0.0,21.0,No,,No,,No,,,No,,,,2026-08-31 08:23:38.870257,QUALIFIED,2025-11-07 16:00:00.000000,GAIL,4411760.0,True,1,15.299784487444017,90.0,125000.0,11.736077016252437,0.0005984125312371341,0,0.0,21.0,0.0,0.0,0,0,0,0,1,0.5,1
GEM/2025/B/6830204,68,Won,1,outcome_labels_review_xlsx,,,NUCLEAR POWER ORATION OF,Department Of Atomic Energy,,2025-11-10 11:00:00,2025-11-10 11:00:00,120.0,,,89954.0,Yes,,0.0,16.0,No,,No,,No,,,Yes,,,,2026-08-31 08:23:48.528368,QUALIFIED,2025-11-10 11:00:00.000000,NUCLEAR POWER ORATION OF,4411760.0,True,1,15.299784487444017,120.0,89954.0,11.40706482427072,0.0004306368066792413,0,0.0,16.0,0.0,0.0,1,0,0,0,0,0.0,0
GEM/2025/B/6661363,388,Lost,0,outcome_labels_review_xlsx,,,INDIAN_AIR_FORCE,Department Of Military Affairs,,2025-11-11 11:00:00,2025-11-11 11:00:00,180.0,,,67450.0,Yes,100000000.0,0.0,62.0,No,,No,,No,,,Yes,Yes,,,2026-08-31 08:28:49.884061,QUALIFIED,2025-11-11 11:00:00.000000,INDIAN_AIR_FORCE,4411760.0,True,1,15.299784487444017,180.0,67450.0,11.119156687322887,0.0003229034018555576,1,0.4787300249897073,62.0,0.0,0.0,1,1,0,0,0,0.2222222222222222,1
GEM/2025/B/6824416,415,Lost,0,outcome_labels_review_xlsx,,,IISCO STEEL PLANT,Steel Authority Of India Limited,,2025-11-12 16:00:00,2025-11-12 16:00:00,60.0,,,500000.0,Yes,,0.0,20.0,No,,No,,No,,,Yes,Yes,,,2026-08-31 08:29:11.941748,QUALIFIED,2025-11-12 16:00:00.000000,IISCO STEEL PLANT,4411760.0,True,1,15.299784487444017,60.0,500000.0,13.122365377402328,0.0023936501249485365,0,0.0,20.0,0.0,0.0,1,1,0,0,0,0.0,0
GEM/2025/B/6682436,393,Lost,0,outcome_labels_review_xlsx,,,,,,2025-11-14 11:00:00,2025-11-14 11:00:00,90.0,,,29000.0,Yes,,0.0,14.0,No,,No,,No,,,Yes,,,,2026-08-31 08:28:52.149557,QUALIFIED,2025-11-14 11:00:00.000000,UNKNOWN,4226894.0,True,1,15.256978238928124,90.0,29000.0,10.275085591132715,0.00013883170724701512,0,0.0,14.0,0.0,0.0,1,0,0,0,0,0.208955223880597,1
GEM/2025/B/6855399,423,Lost,0,outcome_labels_review_xlsx,,,NTPC,Na,,2025-11-17 14:00:00,2025-11-17 14:00:00,120.0,,,,No,,0.0,27.0,No,,No,,No,,,No,,,,2026-08-31 08:29:20.468113,QUALIFIED,2025-11-17 14:00:00.000000,NTPC,4411760.0,True,1,15.299784487444017,120.0,0.0,0.0,0.0,0,0.0,27.0,0.0,0.0,0,0,0,0,1,0.0,0
GEM/2025/B/6828639,417,Lost,0,outcome_labels_review_xlsx,,,NIT,Department Of Higher Education,,2025-11-19 12:00:00,2025-11-19 12:00:00,180.0,,,100000000.0,Yes,100000000.0,0.0,14.0,No,,No,,No,,,Yes,Yes,,,2026-08-31 08:29:14.513760,QUALIFIED,2025-11-19 12:00:00.000000,NIT,4411760.0,True,1,15.299784487444017,180.0,100000000.0,18.420680753952364,0.4787300249897073,1,0.4787300249897073,14.0,0.0,0.0,1,1,0,0,0,0.0,0
GEM/2025/B/6747346,403,Lost,0,outcome_labels_review_xlsx,,,POWERGRID,Power Grid Corporation Of India Limited,,2025-11-19 15:00:00,2025-11-19 15:00:00,180.0,,,338300.0,Yes,,0.0,63.0,No,,No,,No,,,Yes,Yes,,,2026-08-31 08:28:58.348685,QUALIFIED,2025-11-19 15:00:00.000000,POWERGRID,4411760.0,True,1,15.299784487444017,180.0,338300.0,12.731691310720683,0.0016195436745401798,0,0.0,63.0,0.0,0.0,1,1,0,0,0,0.25806451612903225,1
GEM/2025/B/6662160,390,Lost,0,outcome_labels_review_xlsx,,,NATIONAL FIRE SERVICE COL,Department Of Home,,2025-11-20 13:00:00,2025-11-20 13:00:00,180.0,,,294000.0,Yes,100000000.0,0.0,14.0,No,,No,,No,,,Yes,Yes,,,2026-08-31 08:28:52.404755,QUALIFIED,2025-11-20 13:00:00.000000,NATIONAL FIRE SERVICE COL,4411760.0,True,1,15.299784487444017,180.0,294000.0,12.591338447675579,0.0014074662734697395,1,0.4787300249897073,14.0,0.0,0.0,1,1,0,0,0,0.0,0
GEM/2025/B/6821107,67,Won,1,outcome_labels_review_xlsx,,,POWERGRID,Power Grid Corporation Of India Limited,,2025-11-21 11:00:00,2025-11-21 11:00:00,180.0,,,542000.0,Yes,,0.0,44.0,No,,No,,No,,,Yes,Yes,,,2026-08-31 08:24:35.873127,QUALIFIED,2025-11-21 11:00:00.000000,POWERGRID,4411760.0,True,1,15.299784487444017,180.0,542000.0,13.20302312543853,0.0025947167354442137,0,0.0,44.0,0.0,0.0,1,1,0,0,0,0.25,1
GEM/2025/B/6862450,429,Lost,0,outcome_labels_review_xlsx,,,HAL,Department Of Agricultural Research And Education (dare),,2025-11-27 19:00:00,2025-11-27 19:00:00,90.0,,,48750.0,Yes,100000000.0,0.0,,No,,No,5.0,Yes,,,Yes,,,,2026-08-31 08:29:23.650669,QUALIFIED,2025-11-27 19:00:00.000000,HAL,5398205.0,True,1,15.501577234114253,90.0,48750.0,10.79448098903612,0.0002333808871824823,1,0.4787300249897073,0.0,5.0,0.0,1,0,0,0,0,0.16216216216216217,1
GEM/2025/B/6826975,416,Lost,0,outcome_labels_review_xlsx,,,NATIONAL ALUMINIUM COMPAN,Materials,,2025-11-28 10:00:00,2025-11-28 10:00:00,120.0,,,,No,,0.0,,No,,No,,No,,,No,Yes,,,2026-08-31 08:29:13.353237,QUALIFIED,2025-11-28 10:00:00.000000,NATIONAL ALUMINIUM COMPAN,4411760.0,True,1,15.299784487444017,120.0,0.0,0.0,0.0,0,0.0,0.0,0.0,0.0,0,1,0,0,0,0.0,0
GEM/2025/B/6767166,408,Lost,0,outcome_labels_review_xlsx,,,NTPC,Na,,2025-11-29 12:00:00,2025-11-29 12:00:00,120.0,,,,No,,0.0,,No,,No,,No,,,No,,,,2026-08-31 08:29:16.075804,QUALIFIED,2025-11-29 12:00:00.000000,NTPC,4411760.0,True,1,15.299784487444017,120.0,0.0,0.0,0.0,0,0.0,0.0,0.0,0.0,0,0,0,0,1,0.0,0
GEM/2025/B/6875933,434,Lost,0,outcome_labels_review_xlsx,,,NTPC,Na,,2025-11-29 12:00:00,2025-11-29 12:00:00,120.0,,,,No,,0.0,,No,,No,,No,,,No,,,,2026-08-31 08:29:40.012205,QUALIFIED,2025-11-29 12:00:00.000000,NTPC,4411760.0,True,1,15.299784487444017,120.0,0.0,0.0,0.0,0,0.0,0.0,0.0,0.0,0,0,0,0,1,0.0,0
GEM/2025/B/6912249,441,Lost,0,outcome_labels_review_xlsx,,,RAILWAYS,Indian Railways,,2025-12-01 12:00:00,2025-12-01 12:00:00,30.0,,,,No,,0.0,,No,,No,,No,,,Yes,,,,2026-08-31 08:29:28.439727,QUALIFIED,2025-12-01 12:00:00.000000,RAILWAYS,45178264.0,True,1,17.626126666318992,30.0,0.0,0.0,0.0,0,0.0,0.0,0.0,0.0,1,0,0,0,0,0.0,0
GEM/2025/B/6855086,422,Lost,0,outcome_labels_review_xlsx,,,PRASAR BHARATI BROADCASTI,Ministry Of Information And Broadcasting,,2025-12-01 14:00:00,2025-12-01 14:00:00,120.0,,,45000.0,Yes,100000000.0,0.0,14.0,No,,No,,No,,,Yes,Yes,,,2026-08-31 08:29:16.705032,QUALIFIED,2025-12-01 14:00:00.000000,PRASAR BHARATI BROADCASTI,4411760.0,True,1,15.299784487444017,120.0,45000.0,10.714439990727769,0.0002154285112453683,1,0.4787300249897073,14.0,0.0,0.0,1,1,0,0,0,0.0,0
GEM/2025/B/6876042,435,Lost,0,outcome_labels_review_xlsx,,,N SPACE RESEARCH ORGANIZA,Department Of Space,,2025-12-03 11:00:00,2025-12-03 11:00:00,150.0,,,,No,,0.0,,No,,No,,No,,,Yes,,,,2026-08-31 08:29:35.181236,QUALIFIED,2025-12-03 11:00:00.000000,N SPACE RESEARCH ORGANIZA,4411760.0,True,1,15.299784487444017,150.0,0.0,0.0,0.0,0,0.0,0.0,0.0,0.0,1,0,0,0,0,0.0,0
GEM/2025/B/6863439,70,Won,1,outcome_labels_review_xlsx,,,OIL,Oil India Limited,,2025-12-03 13:00:00,2025-12-03 13:00:00,90.0,,,,No,,0.0,18.0,No,,No,,No,,,No,,,,2026-08-31 08:23:42.647826,QUALIFIED,2025-12-03 13:00:00.000000,OIL,4411760.0,True,1,15.299784487444017,90.0,0.0,0.0,0.0,0,0.0,18.0,0.0,0.0,0,0,0,0,0,0.0,0
GEM/2025/B/6902559,440,Lost,0,outcome_labels_review_xlsx,,,N COUNCIL OF AGRICULTURAL,Department Of Agricultural Research And Education (dare),,2025-12-12 09:00:00,2025-12-12 09:00:00,180.0,,,,No,,0.0,,No,,No,,No,,,Yes,,,,2026-08-31 08:29:27.489593,QUALIFIED,2025-12-12 09:00:00.000000,N COUNCIL OF AGRICULTURAL,4411760.0,True,1,15.299784487444017,180.0,0.0,0.0,0.0,0,0.0,0.0,0.0,0.0,1,0,0,0,0,0.0,0
GEM/2026/B/7071047,475,Lost,0,outcome_labels_review_xlsx,,,,,,2026-01-01 00:00:00,2026-01-01 00:00:00,,1.0,,,No,,0.0,,No,,No,,No,,,No,,,,2026-08-31 08:29:48.881038,QUALIFIED,2026-01-01 00:00:00.000000,UNKNOWN,4226894.0,True,1,15.256978238928124,120.0,0.0,0.0,0.0,0,0.0,0.0,0.0,0.0,0,0,0,0,0,0.20588235294117646,1
GEM/2026/B/7078057,477,Lost,0,outcome_labels_review_xlsx,,,HAL,HAL,,2026-01-01 00:00:00,2026-01-01 00:00:00,,1.0,,,No,,0.0,,No,,No,,No,,,No,,,,2026-08-31 08:29:54.036856,QUALIFIED,2026-01-01 00:00:00.000000,HAL,5398205.0,True,1,15.501577234114253,120.0,0.0,0.0,0.0,0,0.0,0.0,0.0,0.0,0,0,0,0,0,0.15789473684210525,1
GEM/2026/B/7081182,479,Lost,0,outcome_labels_review_xlsx,,,GAIL,GAIL,,2026-01-01 00:00:00,2026-01-01 00:00:00,,1.0,,,No,,0.0,,No,,No,,No,,,No,,,,2026-08-31 08:29:52.252498,QUALIFIED,2026-01-01 00:00:00.000000,GAIL,4411760.0,True,1,15.299784487444017,120.0,0.0,0.0,0.0,0,0.0,0.0,0.0,0.0,0,0,0,0,1,0.5217391304347826,1
GEM/2026/B/7087065,480,Lost,0,outcome_labels_review_xlsx,,,HAL,HAL,,2026-01-01 00:00:00,2026-01-01 00:00:00,,1.0,,,No,,0.0,,No,,No,,No,,,No,,,,2026-08-31 08:29:52.833275,QUALIFIED,2026-01-01 00:00:00.000000,HAL,5398205.0,True,1,15.501577234114253,120.0,0.0,0.0,0.0,0,0.0,0.0,0.0,0.0,0,0,0,0,0,0.15789473684210525,1
GEM/2026/B/7088824,85,Won,1,outcome_labels_review_xlsx,,,,,,2026-01-01 00:00:00,2026-01-01 00:00:00,,1.0,,,No,,0.0,,No,,No,,No,,,No,,,,2026-08-31 08:23:51.685294,QUALIFIED,2026-01-01 00:00:00.000000,UNKNOWN,4226894.0,True,1,15.256978238928124,120.0,0.0,0.0,0.0,0,0.0,0.0,0.0,0.0,0,0,0,0,0,0.20588235294117646,1
GEM/2026/B/7091891,482,Lost,0,outcome_labels_review_xlsx,,,HAL,HAL,,2026-01-01 00:00:00,2026-01-01 00:00:00,,1.0,,,No,,0.0,,No,,No,,No,,,No,,,,2026-08-31 08:29:53.552230,QUALIFIED,2026-01-01 00:00:00.000000,HAL,5398205.0,True,1,15.501577234114253,120.0,0.0,0.0,0.0,0,0.0,0.0,0.0,0.0,0,0,0,0,0,0.15789473684210525,1
GEM/2026/B/7103703,486,Lost,0,outcome_labels_review_xlsx,,,HAL,HAL,,2026-01-01 00:00:00,2026-01-01 00:00:00,,1.0,,,No,,0.0,,No,,No,,No,,,No,,,,2026-08-31 08:29:59.154130,QUALIFIED,2026-01-01 00:00:00.000000,HAL,5398205.0,True,1,15.501577234114253,120.0,0.0,0.0,0.0,0,0.0,0.0,0.0,0.0,0,0,0,0,0,0.15789473684210525,1
GEM/2026/B/7112493,489,Lost,0,outcome_labels_review_xlsx,,,,,,2026-01-01 00:00:00,2026-01-01 00:00:00,,1.0,,,No,,0.0,,No,,No,,No,,,No,,,,2026-08-31 08:29:56.080318,QUALIFIED,2026-01-01 00:00:00.000000,UNKNOWN,4226894.0,True,1,15.256978238928124,120.0,0.0,0.0,0.0,0,0.0,0.0,0.0,0.0,0,0,0,0,0,0.20588235294117646,1
GEM/2026/B/7120197,492,Lost,0,outcome_labels_review_xlsx,,,HAL,HAL,,2026-01-01 00:00:00,2026-01-01 00:00:00,,1.0,,,No,,0.0,,No,,No,,No,,,No,,,,2026-08-31 08:29:57.955006,QUALIFIED,2026-01-01 00:00:00.000000,HAL,5398205.0,True,1,15.501577234114253,120.0,0.0,0.0,0.0,0,0.0,0.0,0.0,0.0,0,0,0,0,0,0.15789473684210525,1
GEM/2026/B/7121796,493,Lost,0,outcome_labels_review_xlsx,,,BPCL,BPCL,,2026-01-01 00:00:00,2026-01-01 00:00:00,180.0,1.0,,,No,,0.0,,No,,No,,No,,3.0,No,,,,2026-08-31 08:30:05.618631,QUALIFIED,2026-01-01 00:00:00.000000,BPCL,4411760.0,True,1,15.299784487444017,180.0,0.0,0.0,0.0,0,0.0,0.0,0.0,3.0,0,0,0,0,1,0.2857142857142857,1
GEM/2026/B/7124715,495,Lost,0,outcome_labels_review_xlsx,,,,,,2026-01-01 00:00:00,2026-01-01 00:00:00,,1.0,,,No,,0.0,,No,,No,,No,,,No,,,,2026-08-31 08:29:59.291489,QUALIFIED,2026-01-01 00:00:00.000000,UNKNOWN,4226894.0,True,1,15.256978238928124,120.0,0.0,0.0,0.0,0,0.0,0.0,0.0,0.0,0,0,0,0,0,0.20588235294117646,1
GEM/2026/B/7134837,497,Lost,0,outcome_labels_review_xlsx,,,,,,2026-01-01 00:00:00,2026-01-01 00:00:00,,1.0,,,No,,0.0,,No,,No,,No,,,No,,,,2026-08-31 08:30:01.156777,QUALIFIED,2026-01-01 00:00:00.000000,UNKNOWN,4226894.0,True,1,15.256978238928124,120.0,0.0,0.0,0.0,0,0.0,0.0,0.0,0.0,0,0,0,0,0,0.20588235294117646,1
GEM/2026/B/7149160,500,Lost,0,outcome_labels_review_xlsx,,,,,,2026-01-01 00:00:00,2026-01-01 00:00:00,,1.0,,2006.0,Yes,,0.0,,No,,No,,No,,,No,,,,2026-08-31 08:30:36.681733,QUALIFIED,2026-01-01 00:00:00.000000,UNKNOWN,4226894.0,True,1,15.256978238928124,120.0,2006.0,7.604396348796338,9.603324301293528e-06,0,0.0,0.0,0.0,0.0,0,0,0,0,0,0.20588235294117646,1
GEM/2026/B/7153717,502,Lost,0,outcome_labels_review_xlsx,,,,,,2026-01-01 00:00:00,2026-01-01 00:00:00,,1.0,,,No,,0.0,,No,,No,,No,,,No,,,,2026-08-31 08:30:26.140231,QUALIFIED,2026-01-01 00:00:00.000000,UNKNOWN,4226894.0,True,1,15.256978238928124,120.0,0.0,0.0,0.0,0,0.0,0.0,0.0,0.0,0,0,0,0,0,0.20588235294117646,1
GEM/2026/B/7158025,505,Lost,0,outcome_labels_review_xlsx,,,HAL,HAL,,2026-01-01 00:00:00,2026-01-01 00:00:00,,1.0,,,No,,0.0,,No,,No,,No,,,No,,,,2026-08-31 08:30:07.341180,QUALIFIED,2026-01-01 00:00:00.000000,HAL,5398205.0,True,1,15.501577234114253,120.0,0.0,0.0,0.0,0,0.0,0.0,0.0,0.0,0,0,0,0,0,0.15789473684210525,1
GEM/2026/B/7164357,509,Lost,0,outcome_labels_review_xlsx,,,HAL,HAL,,2026-01-01 00:00:00,2026-01-01 00:00:00,,1.0,,,No,,0.0,,No,,No,0.5,No,,,No,,,,2026-08-31 08:30:12.925503,QUALIFIED,2026-01-01 00:00:00.000000,HAL,5398205.0,True,1,15.501577234114253,120.0,0.0,0.0,0.0,0,0.0,0.0,0.5,0.0,0,0,0,0,0,0.15789473684210525,1
GEM/2026/B/7190784,90,Won,1,outcome_labels_review_xlsx,,,,,,2026-01-01 00:00:00,2026-01-01 00:00:00,,1.0,,,No,,0.0,,No,,No,,No,,,No,,,,2026-08-31 08:24:00.892359,QUALIFIED,2026-01-01 00:00:00.000000,UNKNOWN,4226894.0,True,1,15.256978238928124,120.0,0.0,0.0,0.0,0,0.0,0.0,0.0,0.0,0,0,0,0,0,0.20588235294117646,1
GEM/2026/B/7218667,525,Lost,0,outcome_labels_review_xlsx,,,,,,2026-01-01 00:00:00,2026-01-01 00:00:00,,1.0,,,No,,0.0,,No,,No,,No,,,No,,,,2026-08-31 08:30:16.228873,QUALIFIED,2026-01-01 00:00:00.000000,UNKNOWN,4226894.0,True,1,15.256978238928124,120.0,0.0,0.0,0.0,0,0.0,0.0,0.0,0.0,0,0,0,0,0,0.20588235294117646,1
GEM/2026/B/7251556,531,Lost,0,outcome_labels_review_xlsx,,,HAL,HAL,,2026-01-01 00:00:00,2026-01-01 00:00:00,120.0,1.0,,,No,,0.0,,No,,No,,No,,,No,,,,2026-08-31 08:30:40.148768,QUALIFIED,2026-01-01 00:00:00.000000,HAL,5398205.0,True,1,15.501577234114253,120.0,0.0,0.0,0.0,0,0.0,0.0,0.0,0.0,0,0,0,0,0,0.15789473684210525,1
GEM/2026/B/7264625,536,Lost,0,outcome_labels_review_xlsx,,,,,,2026-01-01 00:00:00,2026-01-01 00:00:00,,1.0,,24000.0,Yes,,0.0,,No,,No,,No,,,No,,,,2026-08-31 08:30:44.171437,QUALIFIED,2026-01-01 00:00:00.000000,UNKNOWN,4226894.0,True,1,15.256978238928124,120.0,24000.0,10.085850775128717,0.00011489520599752975,0,0.0,0.0,0.0,0.0,0,0,0,0,0,0.20588235294117646,1
GEM/2026/B/7287195,542,Lost,0,outcome_labels_review_xlsx,,,,,,2026-01-01 00:00:00,2026-01-01 00:00:00,,1.0,,,No,,0.0,,No,,No,,No,,,No,,,,2026-08-31 08:30:26.585603,QUALIFIED,2026-01-01 00:00:00.000000,UNKNOWN,4226894.0,True,1,15.256978238928124,120.0,0.0,0.0,0.0,0,0.0,0.0,0.0,0.0,0,0,0,0,0,0.20588235294117646,1
GEM/2026/B/7288814,544,Lost,0,outcome_labels_review_xlsx,,,,,,2026-01-01 00:00:00,2026-01-01 00:00:00,120.0,15000000.0,,,No,,0.0,,No,,No,,No,,,No,,,,2026-08-31 08:30:35.349351,QUALIFIED,2026-01-01 00:00:00.000000,UNKNOWN,15000000.0,False,0,16.52356082573315,120.0,0.0,0.0,0.0,0,0.0,0.0,0.0,0.0,0,0,0,0,0,0.20588235294117646,1
GEM/2026/B/7292423,97,Won,1,outcome_labels_review_xlsx,,,HAL,HAL,,2026-01-01 00:00:00,2026-01-01 00:00:00,,1.0,,,No,,0.0,,No,,No,,No,,,No,,,,2026-08-31 08:24:39.249482,QUALIFIED,2026-01-01 00:00:00.000000,HAL,5398205.0,True,1,15.501577234114253,120.0,0.0,0.0,0.0,0,0.0,0.0,0.0,0.0,0,0,0,0,0,0.15789473684210525,1
GEM/2026/B/7309252,546,Lost,0,outcome_labels_review_xlsx,,,HAL,HAL,,2026-01-01 00:00:00,2026-01-01 00:00:00,,1.0,,,No,,0.0,,No,,No,,No,,,No,,,,2026-08-31 08:30:34.802322,QUALIFIED,2026-01-01 00:00:00.000000,HAL,5398205.0,True,1,15.501577234114253,120.0,0.0,0.0,0.0,0,0.0,0.0,0.0,0.0,0,0,0,0,0,0.15789473684210525,1
GEM/2026/B/7318847,549,Lost,0,outcome_labels_review_xlsx,,,HAL,HAL,,2026-01-01 00:00:00,2026-01-01 00:00:00,,1.0,,,No,,0.0,,No,,No,,No,,,No,,,,2026-08-31 08:30:33.256024,QUALIFIED,2026-01-01 00:00:00.000000,HAL,5398205.0,True,1,15.501577234114253,120.0,0.0,0.0,0.0,0,0.0,0.0,0.0,0.0,0,0,0,0,0,0.15789473684210525,1
GEM/2026/B/7319925,100,Won,1,outcome_labels_review_xlsx,,,HAL,HAL,,2026-01-01 00:00:00,2026-01-01 00:00:00,180.0,,,138200.0,Yes,,0.0,20.0,No,,No,,No,,,No,Yes,,,2026-08-31 08:24:23.533540,QUALIFIED,2026-01-01 00:00:00.000000,HAL,5398205.0,True,1,15.501577234114253,180.0,138200.0,11.836464426179543,0.0006616048945357755,0,0.0,20.0,0.0,0.0,0,1,0,0,0,0.15789473684210525,1
GEM/2026/B/7322133,551,Lost,0,outcome_labels_review_xlsx,,,BSF,BSF,,2026-01-01 00:00:00,2026-01-01 00:00:00,180.0,,,84000.0,Yes,100000000.0,0.0,38.0,No,,No,,No,,,Yes,Yes,,,2026-08-31 08:30:38.270647,QUALIFIED,2026-01-01 00:00:00.000000,BSF,10599000.0,True,1,16.17627030935791,180.0,84000.0,11.338583982516495,0.0004021332209913541,1,0.4787300249897073,38.0,0.0,0.0,1,1,0,0,0,0.3333333333333333,1
GEM/2026/B/7327972,101,Won,1,outcome_labels_review_xlsx,,,POWERGRID,POWERGRID,,2026-01-01 00:00:00,2026-01-01 00:00:00,,1.0,,,No,,0.0,,No,,No,,No,,,No,,,,2026-08-31 08:25:05.626108,QUALIFIED,2026-01-01 00:00:00.000000,POWERGRID,4411760.0,True,1,15.299784487444017,120.0,0.0,0.0,0.0,0,0.0,0.0,0.0,0.0,0,0,0,0,0,0.2727272727272727,1
GEM/2026/B/7330612,102,Won,1,outcome_labels_review_xlsx,,,,,,2026-01-01 00:00:00,2026-01-01 00:00:00,,1.0,,,No,,0.0,,No,,No,,No,,6.0,No,,,,2026-08-31 08:25:03.953416,QUALIFIED,2026-01-01 00:00:00.000000,UNKNOWN,4226894.0,True,1,15.256978238928124,120.0,0.0,0.0,0.0,0,0.0,0.0,0.0,6.0,0,0,0,0,0,0.20588235294117646,1
GEM/2026/B/7336602,552,Lost,0,outcome_labels_review_xlsx,,,HAL,HAL,,2026-01-01 00:00:00,2026-01-01 00:00:00,,1.0,,,No,,0.0,,No,,No,,No,,,No,,,,2026-08-31 08:30:36.055950,QUALIFIED,2026-01-01 00:00:00.000000,HAL,5398205.0,True,1,15.501577234114253,120.0,0.0,0.0,0.0,0,0.0,0.0,0.0,0.0,0,0,0,0,0,0.15789473684210525,1
GEM/2026/B/7339260,103,Won,1,outcome_labels_review_xlsx,,,HAL,HAL,,2026-01-01 00:00:00,2026-01-01 00:00:00,,1.0,,220.0,Yes,,0.0,,No,,No,,No,,5.0,No,,,,2026-08-31 08:25:09.609431,QUALIFIED,2026-01-01 00:00:00.000000,HAL,5398205.0,True,1,15.501577234114253,120.0,220.0,5.3981627015177525,1.053206054977356e-06,0,0.0,0.0,0.0,5.0,0,0,0,0,0,0.15789473684210525,1
GEM/2026/B/7345603,554,Lost,0,outcome_labels_review_xlsx,,,,,,2026-01-01 00:00:00,2026-01-01 00:00:00,120.0,,,50000.0,Yes,,0.0,27.0,No,,No,,No,,,No,,,,2026-08-31 08:30:38.781705,QUALIFIED,2026-01-01 00:00:00.000000,UNKNOWN,4226894.0,True,1,15.256978238928124,120.0,50000.0,10.819798284210286,0.00023936501249485366,0,0.0,27.0,0.0,0.0,0,0,0,0,0,0.20588235294117646,1
GEM/2026/B/7348990,555,Lost,0,outcome_labels_review_xlsx,,,CRIS,CRIS,,2026-01-01 00:00:00,2026-01-01 00:00:00,,1.0,,,No,,0.0,,No,,No,,No,,,No,,,,2026-08-31 08:30:36.243412,QUALIFIED,2026-01-01 00:00:00.000000,CRIS,137300.0,True,1,11.829930875050733,120.0,0.0,0.0,0.0,0,0.0,0.0,0.0,0.0,0,0,0,0,0,0.0,0
GEM/2026/B/7350907,556,Lost,0,outcome_labels_review_xlsx,,,,,,2026-01-01 00:00:00,2026-01-01 00:00:00,120.0,1.0,,,No,,0.0,,No,,No,,No,,,No,,,,2026-08-31 08:30:56.939196,QUALIFIED,2026-01-01 00:00:00.000000,UNKNOWN,4226894.0,True,1,15.256978238928124,120.0,0.0,0.0,0.0,0,0.0,0.0,0.0,0.0,0,0,0,0,0,0.20588235294117646,1
GEM/2026/B/7350940,105,Won,1,outcome_labels_review_xlsx,,,,,,2026-01-01 00:00:00,2026-01-01 00:00:00,,,,5000000.0,Yes,,0.0,,No,,No,,No,,,No,,,,2026-08-31 08:24:55.111759,QUALIFIED,2026-01-01 00:00:00.000000,UNKNOWN,4226894.0,True,1,15.256978238928124,120.0,5000000.0,15.424948670398354,0.023936501249485365,0,0.0,0.0,0.0,0.0,0,0,0,0,0,0.20588235294117646,1
GEM/2026/B/7354154,558,Lost,0,outcome_labels_review_xlsx,,,HAL,HAL,,2026-01-01 00:00:00,2026-01-01 00:00:00,,2600000.0,,66000.0,Yes,1700000.0,0.0,,No,,No,,No,,,No,,,,2026-08-31 08:30:43.065229,QUALIFIED,2026-01-01 00:00:00.000000,HAL,2600000.0,False,0,14.77102238760702,120.0,66000.0,11.097425172408931,0.00031596181649320683,1,0.008138410424825025,0.0,0.0,0.0,0,0,0,0,0,0.15789473684210525,1
GEM/2026/B/7358610,561,Lost,0,outcome_labels_review_xlsx,,,HAL,HAL,,2026-01-01 00:00:00,2026-01-01 00:00:00,,1.0,,,No,,0.0,,No,,No,,No,,,No,,,,2026-08-31 08:30:41.570416,QUALIFIED,2026-01-01 00:00:00.000000,HAL,5398205.0,True,1,15.501577234114253,120.0,0.0,0.0,0.0,0,0.0,0.0,0.0,0.0,0,0,0,0,0,0.15789473684210525,1
GEM/2026/B/7367740,563,Lost,0,outcome_labels_review_xlsx,,,,,,2026-01-01 00:00:00,2026-01-01 00:00:00,90.0,1012440.0,,,No,,0.0,,No,,No,,No,,4.0,No,,,,2026-08-31 08:30:45.407588,QUALIFIED,2026-01-01 00:00:00.000000,UNKNOWN,1012440.0,False,0,13.827874804660038,90.0,0.0,0.0,0.0,0,0.0,0.0,0.0,4.0,0,0,0,0,0,0.20588235294117646,1
GEM/2026/B/7368645,106,Won,1,outcome_labels_review_xlsx,,,HAL,HAL,,2026-01-01 00:00:00,2026-01-01 00:00:00,,1.0,,,No,,0.0,,No,,No,,No,,,No,,,,2026-08-31 08:24:40.901326,QUALIFIED,2026-01-01 00:00:00.000000,HAL,5398205.0,True,1,15.501577234114253,120.0,0.0,0.0,0.0,0,0.0,0.0,0.0,0.0,0,0,0,0,0,0.15789473684210525,1
GEM/2026/B/7370463,107,Won,1,outcome_labels_review_xlsx,,,,,,2026-01-01 00:00:00,2026-01-01 00:00:00,,1.0,,,No,,0.0,,No,,No,,No,,,No,,,,2026-08-31 08:24:39.128589,QUALIFIED,2026-01-01 00:00:00.000000,UNKNOWN,4226894.0,True,1,15.256978238928124,120.0,0.0,0.0,0.0,0,0.0,0.0,0.0,0.0,0,0,0,0,0,0.20588235294117646,1
GEM/2026/B/7370733,565,Lost,0,outcome_labels_review_xlsx,,,IOCL,IOCL,,2026-01-01 00:00:00,2026-01-01 00:00:00,,1.0,,,No,,0.0,,No,,No,,No,,,No,,,,2026-08-31 08:30:53.330355,QUALIFIED,2026-01-01 00:00:00.000000,IOCL,1997657.14,True,1,14.507486122450072,120.0,0.0,0.0,0.0,0,0.0,0.0,0.0,0.0,0,0,0,0,1,0.3076923076923077,1
GEM/2026/B/7372499,108,Won,1,outcome_labels_review_xlsx,,,,,,2026-01-01 00:00:00,2026-01-01 00:00:00,,1.0,,,No,,0.0,,No,,No,,No,,,No,,,,2026-08-31 08:24:39.989048,QUALIFIED,2026-01-01 00:00:00.000000,UNKNOWN,4226894.0,True,1,15.256978238928124,120.0,0.0,0.0,0.0,0,0.0,0.0,0.0,0.0,0,0,0,0,0,0.20588235294117646,1
GEM/2026/B/7374263,566,Lost,0,outcome_labels_review_xlsx,,,HAL,HAL,,2026-01-01 00:00:00,2026-01-01 00:00:00,,1.0,,,No,,0.0,,No,,No,,No,,,No,,,,2026-08-31 08:30:45.163879,QUALIFIED,2026-01-01 00:00:00.000000,HAL,5398205.0,True,1,15.501577234114253,120.0,0.0,0.0,0.0,0,0.0,0.0,0.0,0.0,0,0,0,0,0,0.15789473684210525,1
GEM/2026/B/7377743,568,Lost,0,outcome_labels_review_xlsx,,,HAL,HAL,,2026-01-01 00:00:00,2026-01-01 00:00:00,,1.0,,,No,,0.0,,No,,No,,No,,,No,,,,2026-08-31 08:31:11.782057,QUALIFIED,2026-01-01 00:00:00.000000,HAL,5398205.0,True,1,15.501577234114253,120.0,0.0,0.0,0.0,0,0.0,0.0,0.0,0.0,0,0,0,0,0,0.15789473684210525,1
GEM/2026/B/7382492,109,Won,1,outcome_labels_review_xlsx,,,IOCL,IOCL,,2026-01-01 00:00:00,2026-01-01 00:00:00,,1.0,,,No,,0.0,,No,,No,,No,,,No,,,,2026-08-31 08:25:11.810445,QUALIFIED,2026-01-01 00:00:00.000000,IOCL,1997657.14,True,1,14.507486122450072,120.0,0.0,0.0,0.0,0,0.0,0.0,0.0,0.0,0,0,0,0,1,0.3076923076923077,1
GEM/2026/B/7409946,580,Lost,0,outcome_labels_review_xlsx,,,HAL,HAL,,2026-01-01 00:00:00,2026-01-01 00:00:00,,1.0,,,No,,0.0,,No,,No,,No,,,No,,,,2026-08-31 08:30:58.063385,QUALIFIED,2026-01-01 00:00:00.000000,HAL,5398205.0,True,1,15.501577234114253,120.0,0.0,0.0,0.0,0,0.0,0.0,0.0,0.0,0,0,0,0,0,0.15789473684210525,1
GEM/2026/B/7410181,581,Lost,0,outcome_labels_review_xlsx,,,,,,2026-01-01 00:00:00,2026-01-01 00:00:00,,1.0,,,No,,0.0,,No,,No,,No,,,No,,,,2026-08-31 08:30:51.300431,QUALIFIED,2026-01-01 00:00:00.000000,UNKNOWN,4226894.0,True,1,15.256978238928124,120.0,0.0,0.0,0.0,0,0.0,0.0,0.0,0.0,0,0,0,0,0,0.20588235294117646,1
GEM/2026/B/7421553,583,Lost,0,outcome_labels_review_xlsx,,,,,,2026-01-01 00:00:00,2026-01-01 00:00:00,90.0,,,,No,,0.0,,No,,No,,No,,,Yes,Yes,,,2026-08-31 08:30:57.521807,QUALIFIED,2026-01-01 00:00:00.000000,UNKNOWN,4226894.0,True,1,15.256978238928124,90.0,0.0,0.0,0.0,0,0.0,0.0,0.0,0.0,1,1,0,0,0,0.20588235294117646,1
GEM/2026/B/7427573,585,Lost,0,outcome_labels_review_xlsx,,,NTPC,NTPC,,2026-01-01 00:00:00,2026-01-01 00:00:00,,1.0,,,No,,0.0,,No,,No,,No,,90.0,No,,,,2026-08-31 08:31:02.378695,QUALIFIED,2026-01-01 00:00:00.000000,NTPC,4411760.0,True,1,15.299784487444017,120.0,0.0,0.0,0.0,0,0.0,0.0,0.0,90.0,0,0,0,0,1,0.0,0
GEM/2026/B/7436283,588,Lost,0,outcome_labels_review_xlsx,,,MES,MES,,2026-01-01 00:00:00,2026-01-01 00:00:00,,,,,No,,0.0,,No,,No,,No,,,No,,,,2026-08-31 08:30:55.707478,QUALIFIED,2026-01-01 00:00:00.000000,MES,4411760.0,True,1,15.299784487444017,120.0,0.0,0.0,0.0,0,0.0,0.0,0.0,0.0,0,0,0,0,0,0.3333333333333333,1
GEM/2026/B/7436632,589,Lost,0,outcome_labels_review_xlsx,,,CRIS,CRIS,,2026-01-01 00:00:00,2026-01-01 00:00:00,,1.0,,,No,,0.0,,No,,No,,No,,,No,,,,2026-08-31 08:30:56.457290,QUALIFIED,2026-01-01 00:00:00.000000,CRIS,137300.0,True,1,11.829930875050733,120.0,0.0,0.0,0.0,0,0.0,0.0,0.0,0.0,0,0,0,0,0,0.0,0
GEM/2026/B/7439031,590,Lost,0,outcome_labels_review_xlsx,,,GAIL,GAIL,,2026-01-01 00:00:00,2026-01-01 00:00:00,,1.0,,,No,,0.0,,No,,No,,No,,,No,,,,2026-08-31 08:30:57.970300,QUALIFIED,2026-01-01 00:00:00.000000,GAIL,4411760.0,True,1,15.299784487444017,120.0,0.0,0.0,0.0,0,0.0,0.0,0.0,0.0,0,0,0,0,1,0.5217391304347826,1
GEM/2026/B/7444844,592,Lost,0,outcome_labels_review_xlsx,,,ONGC,ONGC,,2026-01-01 00:00:00,2026-01-01 00:00:00,,1.0,,,No,,0.0,,No,,No,,No,,3.0,No,,,,2026-08-31 08:31:01.165821,QUALIFIED,2026-01-01 00:00:00.000000,ONGC,4411760.0,True,1,15.299784487444017,120.0,0.0,0.0,0.0,0,0.0,0.0,0.0,3.0,0,0,0,0,1,0.0,0
GEM/2026/B/7460642,595,Lost,0,outcome_labels_review_xlsx,,,,,,2026-01-01 00:00:00,2026-01-01 00:00:00,,1.0,,,No,,0.0,,No,,No,,No,,,No,,,,2026-08-31 08:30:58.271210,QUALIFIED,2026-01-01 00:00:00.000000,UNKNOWN,4226894.0,True,1,15.256978238928124,120.0,0.0,0.0,0.0,0,0.0,0.0,0.0,0.0,0,0,0,0,0,0.20588235294117646,1
GEM/2026/B/7461902,597,Lost,0,outcome_labels_review_xlsx,,,IOCL,IOCL,,2026-01-01 00:00:00,2026-01-01 00:00:00,,1.0,,,No,,0.0,,No,,No,,No,,,No,,,,2026-08-31 08:31:01.926327,QUALIFIED,2026-01-01 00:00:00.000000,IOCL,1997657.14,True,1,14.507486122450072,120.0,0.0,0.0,0.0,0,0.0,0.0,0.0,0.0,0,0,0,0,1,0.3076923076923077,1
GEM/2026/B/7465407,599,Lost,0,outcome_labels_review_xlsx,,,,,,2026-01-01 00:00:00,2026-01-01 00:00:00,,1.0,,,No,,0.0,,No,,No,,No,,,No,,,,2026-08-31 08:31:09.616108,QUALIFIED,2026-01-01 00:00:00.000000,UNKNOWN,4226894.0,True,1,15.256978238928124,120.0,0.0,0.0,0.0,0,0.0,0.0,0.0,0.0,0,0,0,0,0,0.20588235294117646,1
GEM/2026/B/7474271,603,Lost,0,outcome_labels_review_xlsx,,,,,,2026-01-01 00:00:00,2026-01-01 00:00:00,,1.0,,,No,,0.0,,No,,No,,No,,,No,,,,2026-08-31 08:31:03.269491,QUALIFIED,2026-01-01 00:00:00.000000,UNKNOWN,4226894.0,True,1,15.256978238928124,120.0,0.0,0.0,0.0,0,0.0,0.0,0.0,0.0,0,0,0,0,0,0.20588235294117646,1
GEM/2026/B/7475074,604,Lost,0,outcome_labels_review_xlsx,,,,,,2026-01-01 00:00:00,2026-01-01 00:00:00,,1.0,,,No,,0.0,,No,,No,,No,,,No,,,,2026-08-31 08:31:04.670447,QUALIFIED,2026-01-01 00:00:00.000000,UNKNOWN,4226894.0,True,1,15.256978238928124,120.0,0.0,0.0,0.0,0,0.0,0.0,0.0,0.0,0,0,0,0,0,0.20588235294117646,1
GEM/2026/B/7476234,605,Lost,0,outcome_labels_review_xlsx,,,GAIL,GAIL,,2026-01-01 00:00:00,2026-01-01 00:00:00,,1.0,,,No,,0.0,,No,,No,,No,,,No,,,,2026-08-31 08:31:03.698740,QUALIFIED,2026-01-01 00:00:00.000000,GAIL,4411760.0,True,1,15.299784487444017,120.0,0.0,0.0,0.0,0,0.0,0.0,0.0,0.0,0,0,0,0,1,0.5217391304347826,1
GEM/2026/B/7477976,607,Lost,0,outcome_labels_review_xlsx,,,HAL,HAL,,2026-01-01 00:00:00,2026-01-01 00:00:00,,1.0,,,No,,0.0,,No,,No,,No,,,No,,,,2026-08-31 08:31:04.617322,QUALIFIED,2026-01-01 00:00:00.000000,HAL,5398205.0,True,1,15.501577234114253,120.0,0.0,0.0,0.0,0,0.0,0.0,0.0,0.0,0,0,0,0,0,0.15789473684210525,1
GEM/2026/B/7478221,116,Won,1,outcome_labels_review_xlsx,,,,,,2026-01-01 00:00:00,2026-01-01 00:00:00,,1.0,,,No,,0.0,,No,,No,,No,,,No,,,,2026-08-31 08:24:56.480254,QUALIFIED,2026-01-01 00:00:00.000000,UNKNOWN,4226894.0,True,1,15.256978238928124,120.0,0.0,0.0,0.0,0,0.0,0.0,0.0,0.0,0,0,0,0,0,0.20588235294117646,1
GEM/2026/B/7481188,609,Lost,0,outcome_labels_review_xlsx,,,,,,2026-01-01 00:00:00,2026-01-01 00:00:00,,1.0,,,No,,0.0,,No,,No,,No,,,No,,,,2026-08-31 08:31:33.696640,QUALIFIED,2026-01-01 00:00:00.000000,UNKNOWN,4226894.0,True,1,15.256978238928124,120.0,0.0,0.0,0.0,0,0.0,0.0,0.0,0.0,0,0,0,0,0,0.20588235294117646,1
GEM/2026/B/7481582,610,Lost,0,outcome_labels_review_xlsx,,,,,,2026-01-01 00:00:00,2026-01-01 00:00:00,,1.0,,86000.0,Yes,86.0,0.0,,No,,No,,No,,,No,,,,2026-08-31 08:31:27.438059,QUALIFIED,2026-01-01 00:00:00.000000,UNKNOWN,4226894.0,True,1,15.256978238928124,120.0,86000.0,11.362114203075018,0.0004117078214911483,1,4.117078214911483e-07,0.0,0.0,0.0,0,0,0,0,0,0.20588235294117646,1
GEM/2026/B/7488600,612,Lost,0,outcome_labels_review_xlsx,,,,,,2026-01-01 00:00:00,2026-01-01 00:00:00,90.0,1012440.0,,,No,,0.0,,No,,No,,No,,4.0,No,,,,2026-08-31 08:31:10.881150,QUALIFIED,2026-01-01 00:00:00.000000,UNKNOWN,1012440.0,False,0,13.827874804660038,90.0,0.0,0.0,0.0,0,0.0,0.0,0.0,4.0,0,0,0,0,0,0.20588235294117646,1
GEM/2026/B/7489611,613,Lost,0,outcome_labels_review_xlsx,,,,,,2026-01-01 00:00:00,2026-01-01 00:00:00,,1.0,,,No,,0.0,,No,,No,,No,,,No,,,,2026-08-31 08:31:05.313358,QUALIFIED,2026-01-01 00:00:00.000000,UNKNOWN,4226894.0,True,1,15.256978238928124,120.0,0.0,0.0,0.0,0,0.0,0.0,0.0,0.0,0,0,0,0,0,0.20588235294117646,1
GEM/2026/B/7489915,614,Lost,0,outcome_labels_review_xlsx,,,AAI,AAI,,2026-01-01 00:00:00,2026-01-01 00:00:00,,1.0,,,No,,0.0,,No,,No,,No,,,No,,,,2026-08-31 08:31:07.071386,QUALIFIED,2026-01-01 00:00:00.000000,AAI,4798641.0,True,1,15.383843519182983,120.0,0.0,0.0,0.0,0,0.0,0.0,0.0,0.0,0,0,0,0,1,0.2,1
GEM/2026/B/7492468,615,Lost,0,outcome_labels_review_xlsx,,,,,,2026-01-01 00:00:00,2026-01-01 00:00:00,90.0,2022.0,,,No,2022.0,0.0,,No,,No,,No,,21.0,No,,,,2026-08-31 08:31:21.959227,QUALIFIED,2026-01-01 00:00:00.000000,UNKNOWN,4226894.0,True,1,15.256978238928124,90.0,0.0,0.0,0.0,1,9.679921105291882e-06,0.0,0.0,21.0,0,0,0,0,0,0.20588235294117646,1
GEM/2026/B/7493088,117,Won,1,outcome_labels_review_xlsx,,,,,,2026-01-01 00:00:00,2026-01-01 00:00:00,,1.0,,27700.0,Yes,,0.0,,No,,No,,No,,30.0,No,,,,2026-08-31 08:25:32.291769,QUALIFIED,2026-01-01 00:00:00.000000,UNKNOWN,4226894.0,True,1,15.256978238928124,120.0,27700.0,10.229223792606835,0.00013260821692214893,0,0.0,0.0,0.0,30.0,0,0,0,0,0,0.20588235294117646,1
GEM/2026/B/7493800,616,Lost,0,outcome_labels_review_xlsx,,,HAL,HAL,,2026-01-01 00:00:00,2026-01-01 00:00:00,,1.0,,,No,,0.0,,No,,No,,No,,,No,,,,2026-08-31 08:31:12.462436,QUALIFIED,2026-01-01 00:00:00.000000,HAL,5398205.0,True,1,15.501577234114253,120.0,0.0,0.0,0.0,0,0.0,0.0,0.0,0.0,0,0,0,0,0,0.15789473684210525,1
GEM/2026/B/7525385,624,Lost,0,outcome_labels_review_xlsx,,,HAL,HAL,,2026-01-01 00:00:00,2026-01-01 00:00:00,,1.0,,28.0,Yes,,0.0,,No,,No,,No,,,No,,,,2026-08-31 08:31:28.165559,QUALIFIED,2026-01-01 00:00:00.000000,HAL,5398205.0,True,1,15.501577234114253,120.0,28.0,3.367295829986474,1.3404440699711805e-07,0,0.0,0.0,0.0,0.0,0,0,0,0,0,0.15789473684210525,1
GEM/2026/B/7540518,627,Lost,0,outcome_labels_review_xlsx,,,HAL,HAL,,2026-01-01 00:00:00,2026-01-01 00:00:00,,1.0,,,No,,0.0,,No,,No,,No,,,No,,,,2026-08-31 08:31:15.853513,QUALIFIED,2026-01-01 00:00:00.000000,HAL,5398205.0,True,1,15.501577234114253,120.0,0.0,0.0,0.0,0,0.0,0.0,0.0,0.0,0,0,0,0,0,0.15789473684210525,1
GEM/2026/B/7542882,629,Lost,0,outcome_labels_review_xlsx,,,,,,2026-01-01 00:00:00,2026-01-01 00:00:00,,1.0,,,No,,0.0,,No,,No,,No,,,No,,,,2026-08-31 08:31:17.688068,QUALIFIED,2026-01-01 00:00:00.000000,UNKNOWN,4226894.0,True,1,15.256978238928124,120.0,0.0,0.0,0.0,0,0.0,0.0,0.0,0.0,0,0,0,0,0,0.20588235294117646,1
GEM/2026/B/7543091,630,Lost,0,outcome_labels_review_xlsx,,,INDIAN_AIR_FORCE,INDIAN_AIR_FORCE,,2026-01-01 00:00:00,2026-01-01 00:00:00,,1.0,,,No,,0.0,,No,,No,,No,,,No,,,,2026-08-31 08:31:18.257627,QUALIFIED,2026-01-01 00:00:00.000000,INDIAN_AIR_FORCE,4411760.0,True,1,15.299784487444017,120.0,0.0,0.0,0.0,0,0.0,0.0,0.0,0.0,0,0,0,0,0,0.2,1
GEM/2026/B/7588792,636,Lost,0,outcome_labels_review_xlsx,,,,,,2026-01-01 00:00:00,2026-01-01 00:00:00,,21.0,,,No,,0.0,,No,,No,,No,,,No,,,,2026-08-31 08:31:21.620183,QUALIFIED,2026-01-01 00:00:00.000000,UNKNOWN,4226894.0,True,1,15.256978238928124,120.0,0.0,0.0,0.0,0,0.0,0.0,0.0,0.0,0,0,0,0,0,0.20588235294117646,1
GEM/2026/B/7591613,120,Won,1,outcome_labels_review_xlsx,,,,,,2026-01-01 00:00:00,2026-01-01 00:00:00,3.0,,,,No,,0.0,3.0,No,,No,,No,,,No,,,,2026-08-31 08:25:18.665383,QUALIFIED,2026-01-01 00:00:00.000000,UNKNOWN,4226894.0,True,1,15.256978238928124,3.0,0.0,0.0,0.0,0,0.0,3.0,0.0,0.0,0,0,0,0,0,0.20588235294117646,1
GEM/2026/B/7593650,637,Lost,0,outcome_labels_review_xlsx,,,,,,2026-01-01 00:00:00,2026-01-01 00:00:00,,1.0,,,No,,0.0,,No,,No,,No,,,No,,,,2026-08-31 08:31:23.650268,QUALIFIED,2026-01-01 00:00:00.000000,UNKNOWN,4226894.0,True,1,15.256978238928124,120.0,0.0,0.0,0.0,0,0.0,0.0,0.0,0.0,0,0,0,0,0,0.20588235294117646,1
GEM/2026/B/7618002,639,Lost,0,outcome_labels_review_xlsx,,,,,,2026-01-01 00:00:00,2026-01-01 00:00:00,,1.0,,,No,,0.0,,No,,No,,No,,,No,,,,2026-08-31 08:31:23.928525,QUALIFIED,2026-01-01 00:00:00.000000,UNKNOWN,4226894.0,True,1,15.256978238928124,120.0,0.0,0.0,0.0,0,0.0,0.0,0.0,0.0,0,0,0,0,0,0.20588235294117646,1
GEM/2026/B/7633869,641,Lost,0,outcome_labels_review_xlsx,,,CRIS,CRIS,,2026-01-01 00:00:00,2026-01-01 00:00:00,,1.0,,,No,,0.0,,No,,No,,No,,,No,,,,2026-08-31 08:31:24.648751,QUALIFIED,2026-01-01 00:00:00.000000,CRIS,137300.0,True,1,11.829930875050733,120.0,0.0,0.0,0.0,0,0.0,0.0,0.0,0.0,0,0,0,0,0,0.0,0
GEM/2026/B/7640390,642,Lost,0,outcome_labels_review_xlsx,,,,,,2026-01-01 00:00:00,2026-01-01 00:00:00,,40.0,,,No,,0.0,,No,,No,,No,,,No,,,,2026-08-31 08:31:25.061905,QUALIFIED,2026-01-01 00:00:00.000000,UNKNOWN,4226894.0,True,1,15.256978238928124,120.0,0.0,0.0,0.0,0,0.0,0.0,0.0,0.0,0,0,0,0,0,0.20588235294117646,1
GEM/2026/B/7650339,643,Lost,0,outcome_labels_review_xlsx,,,HAL,HAL,,2026-01-01 00:00:00,2026-01-01 00:00:00,120.0,680304.0,,,No,,0.0,,No,,No,0.5,No,,45.0,No,,,,2026-08-31 08:31:42.090354,QUALIFIED,2026-01-01 00:00:00.000000,HAL,680304.0,False,0,13.430296506004806,120.0,0.0,0.0,0.0,0,0.0,0.0,0.5,45.0,0,0,0,0,0,0.15789473684210525,1
GEM/2026/B/7666650,644,Lost,0,outcome_labels_review_xlsx,,,,,,2026-01-01 00:00:00,2026-01-01 00:00:00,,,,,No,,0.0,,No,,No,,No,,,No,,,,2026-08-31 08:31:32.876633,QUALIFIED,2026-01-01 00:00:00.000000,UNKNOWN,4226894.0,True,1,15.256978238928124,120.0,0.0,0.0,0.0,0,0.0,0.0,0.0,0.0,0,0,0,0,0,0.20588235294117646,1
GEM/2026/B/7686004,646,Lost,0,outcome_labels_review_xlsx,,,,,,2026-01-01 00:00:00,2026-01-01 00:00:00,,1.0,,24000.0,Yes,,0.0,,No,,No,,No,,,No,,,,2026-08-31 08:31:46.558460,QUALIFIED,2026-01-01 00:00:00.000000,UNKNOWN,4226894.0,True,1,15.256978238928124,120.0,24000.0,10.085850775128717,0.00011489520599752975,0,0.0,0.0,0.0,0.0,0,0,0,0,0,0.20588235294117646,1
GEM/2026/B/7697159,647,Lost,0,outcome_labels_review_xlsx,,,HAL,HAL,,2026-01-01 00:00:00,2026-01-01 00:00:00,,4508520.0,,,No,1352556.0,0.0,,No,,No,,No,,,No,,,,2026-08-31 08:31:34.742604,QUALIFIED,2026-01-01 00:00:00.000000,HAL,4508520.0,False,0,15.321479719779722,120.0,0.0,0.0,0.0,1,0.006475091676799785,0.0,0.0,0.0,0,0,0,0,0,0.15789473684210525,1
GEM/2026/B/7701554,122,Won,1,outcome_labels_review_xlsx,,,AAI,AAI,,2026-01-01 00:00:00,2026-01-01 00:00:00,,,,5000000.0,Yes,,0.0,,No,,No,,No,,,No,,,,2026-08-31 08:25:25.769288,QUALIFIED,2026-01-01 00:00:00.000000,AAI,4798641.0,True,1,15.383843519182983,120.0,5000000.0,15.424948670398354,0.023936501249485365,0,0.0,0.0,0.0,0.0,0,0,0,0,1,0.2,1
GEM/2026/B/7704656,649,Lost,0,outcome_labels_review_xlsx,,,BPCL,BPCL,,2026-01-01 00:00:00,2026-01-01 00:00:00,,1.0,,,No,,0.0,,No,,No,,No,,,No,,,,2026-08-31 08:31:46.292337,QUALIFIED,2026-01-01 00:00:00.000000,BPCL,4411760.0,True,1,15.299784487444017,120.0,0.0,0.0,0.0,0,0.0,0.0,0.0,0.0,0,0,0,0,1,0.2857142857142857,1
GEM/2026/B/7713172,650,Lost,0,outcome_labels_review_xlsx,,,POWERGRID,POWERGRID,,2026-01-01 00:00:00,2026-01-01 00:00:00,,1.0,,,No,,0.0,,No,,No,,No,,,No,,,,2026-08-31 08:31:47.283557,QUALIFIED,2026-01-01 00:00:00.000000,POWERGRID,4411760.0,True,1,15.299784487444017,120.0,0.0,0.0,0.0,0,0.0,0.0,0.0,0.0,0,0,0,0,0,0.2727272727272727,1
GEM/2026/B/7720610,651,Lost,0,outcome_labels_review_xlsx,,,,,,2026-01-01 00:00:00,2026-01-01 00:00:00,,1.0,,,No,30.0,0.0,,No,,No,,No,,,No,,,,2026-08-31 08:31:28.089687,QUALIFIED,2026-01-01 00:00:00.000000,UNKNOWN,4226894.0,True,1,15.256978238928124,120.0,0.0,0.0,0.0,1,1.4361900749691218e-07,0.0,0.0,0.0,0,0,0,0,0,0.20588235294117646,1
GEM/2026/B/7736482,652,Lost,0,outcome_labels_review_xlsx,,,HAL,HAL,,2026-01-01 00:00:00,2026-01-01 00:00:00,,1.0,,,No,,0.0,,No,,No,,No,,,No,,,,2026-08-31 08:31:29.136986,QUALIFIED,2026-01-01 00:00:00.000000,HAL,5398205.0,True,1,15.501577234114253,120.0,0.0,0.0,0.0,0,0.0,0.0,0.0,0.0,0,0,0,0,0,0.15789473684210525,1
GEM/2025/B/6954250,453,Lost,0,outcome_labels_review_xlsx,,,RAILWAYS,Indian Railways,,2026-01-05 10:00:00,2026-01-05 10:00:00,180.0,,,25660.0,Yes,,0.0,,No,,No,,No,,,Yes,,,,2026-08-31 08:29:41.189304,QUALIFIED,2026-01-05 10:00:00.000000,RAILWAYS,45178264.0,True,1,17.626126666318992,180.0,25660.0,10.152727608571611,0.0001228421244123589,0,0.0,0.0,0.0,0.0,1,0,0,0,0,0.0,0
GEM/2025/B/7008506,462,Lost,0,outcome_labels_review_xlsx,,,,,,2026-01-06 15:00:00,2026-01-06 15:00:00,30.0,,,,No,100000000.0,0.0,,No,,No,,No,,,Yes,,,,2026-08-31 08:29:49.036976,QUALIFIED,2026-01-06 15:00:00.000000,UNKNOWN,4226894.0,True,1,15.256978238928124,30.0,0.0,0.0,0.0,1,0.4787300249897073,0.0,0.0,0.0,1,0,0,0,0,0.21100917431192662,1
GEM/2025/B/7043513,470,Lost,0,outcome_labels_review_xlsx,,,ALL  INSTITUTE OF SPEECH ,Department Of Health And Family Welfare,,2026-01-16 11:00:00,2026-01-16 11:00:00,180.0,,,122300.0,Yes,100000000.0,0.0,38.0,No,,No,,No,,,Yes,Yes,,,2026-08-31 08:29:57.383599,QUALIFIED,2026-01-16 11:00:00.000000,ALL  INSTITUTE OF SPEECH,4411760.0,True,1,15.299784487444017,180.0,122300.0,11.714240498256716,0.000585486820562412,1,0.4787300249897073,38.0,0.0,0.0,1,1,0,0,0,0.0,0
GEM/2025/B/7036365,469,Lost,0,outcome_labels_review_xlsx,,,INDIAN_AIR_FORCE,Department Of Military Affairs,,2026-01-19 12:00:00,2026-01-19 12:00:00,120.0,,,,No,,0.0,,No,,No,,No,,,No,Yes,,,2026-08-31 08:29:48.990466,QUALIFIED,2026-01-19 12:00:00.000000,INDIAN_AIR_FORCE,4411760.0,True,1,15.299784487444017,120.0,0.0,0.0,0.0,0,0.0,0.0,0.0,0.0,0,1,0,0,0,0.18181818181818182,1
GEM/2025/B/6985326,456,Lost,0,outcome_labels_review_xlsx,,,NTPC,Na,,2026-01-19 18:00:00,2026-01-19 18:00:00,120.0,,,,No,,0.0,,No,,No,,No,,,No,,,,2026-08-31 08:30:02.349441,QUALIFIED,2026-01-19 18:00:00.000000,NTPC,4411760.0,True,1,15.299784487444017,120.0,0.0,0.0,0.0,0,0.0,0.0,0.0,0.0,0,0,0,0,1,0.0,0
GEM/2026/B/7087324,481,Lost,0,outcome_labels_review_xlsx,,,IISCO STEEL PLANT,Steel Authority Of India Limited,,2026-01-23 13:00:00,2026-01-23 13:00:00,90.0,,,,No,,0.0,,No,,No,,No,,,Yes,Yes,,,2026-08-31 08:29:56.045188,QUALIFIED,2026-01-23 13:00:00.000000,IISCO STEEL PLANT,4411760.0,True,1,15.299784487444017,90.0,0.0,0.0,0.0,0,0.0,0.0,0.0,0.0,1,1,0,0,0,0.0,0
GEM/2026/B/7118257,490,Lost,0,outcome_labels_review_xlsx,,,HPCL,Na,,2026-01-28 15:00:00,2026-01-28 15:00:00,120.0,,,20000.0,Yes,,0.0,18.0,No,,No,,No,,,No,,,,2026-08-31 08:30:01.541633,QUALIFIED,2026-01-28 15:00:00.000000,HPCL,4411760.0,True,1,15.299784487444017,120.0,20000.0,9.90353755128617,9.574600499794146e-05,0,0.0,18.0,0.0,0.0,0,0,0,0,1,0.0,0
GEM/2026/B/7078031,476,Lost,0,outcome_labels_review_xlsx,,,POWERGRID,Power Grid Corporation Of India Limited,,2026-01-29 15:00:00,2026-01-29 15:00:00,180.0,,,22000.0,Yes,,0.0,19.0,No,,No,,No,,,No,,,,2026-08-31 08:29:52.103029,QUALIFIED,2026-01-29 15:00:00.000000,POWERGRID,4411760.0,True,1,15.299784487444017,180.0,22000.0,9.99884318585288,0.00010532060549773561,0,0.0,19.0,0.0,0.0,0,0,0,0,0,0.2857142857142857,1
GEM/2026/B/7123812,494,Lost,0,outcome_labels_review_xlsx,,,HAL,Department Of Defence Production,,2026-01-29 21:00:00,2026-01-29 21:00:00,180.0,,,,No,,0.0,,No,,No,,No,,,No,Yes,,,2026-08-31 08:30:03.508753,QUALIFIED,2026-01-29 21:00:00.000000,HAL,5398205.0,True,1,15.501577234114253,180.0,0.0,0.0,0.0,0,0.0,0.0,0.0,0.0,0,1,0,0,0,0.15384615384615385,1
GEM/2026/B/7078703,478,Lost,0,outcome_labels_review_xlsx,,,IOCL,Indian Oil Corporation Limited,,2026-01-30 13:00:00,2026-01-30 13:00:00,120.0,,,,No,,0.0,15.0,No,,No,,No,,,Yes,,,,2026-08-31 08:29:54.270195,QUALIFIED,2026-01-30 13:00:00.000000,IOCL,1997657.14,True,1,14.507486122450072,120.0,0.0,0.0,0.0,0,0.0,15.0,0.0,0.0,1,0,0,0,1,0.3125,1
GEM/2026/B/7091976,483,Lost,0,outcome_labels_review_xlsx,,,DEFENCE RESEARCH AND DEVE,Department Of Defence Research & Development,,2026-02-03 16:00:00,2026-02-03 16:00:00,120.0,,,57800.0,Yes,100000000.0,0.0,40.0,No,,No,,No,,,Yes,Yes,,,2026-08-31 08:29:58.625281,QUALIFIED,2026-02-03 16:00:00.000000,DEFENCE RESEARCH AND DEVE,4411760.0,True,1,15.299784487444017,120.0,57800.0,10.96476135554887,0.00027670595444405084,1,0.4787300249897073,40.0,0.0,0.0,1,1,0,0,0,0.0,0
GEM/2026/B/7111706,488,Lost,0,outcome_labels_review_xlsx,,,GARDEN REACH SHIP BUILDER,Department Of Defence Production,,2026-02-04 14:00:00,2026-02-04 14:00:00,180.0,,,25724.0,Yes,,0.0,18.0,No,,No,,No,,,No,Yes,,,2026-08-31 08:30:03.376387,QUALIFIED,2026-02-04 14:00:00.000000,GARDEN REACH SHIP BUILDER,4411760.0,True,1,15.299784487444017,180.0,25724.0,10.15521856070225,0.0001231485116283523,0,0.0,18.0,0.0,0.0,0,1,0,0,0,0.0,0
GEM/2026/B/7109027,487,Lost,0,outcome_labels_review_xlsx,,,BHARAT DYNAMICS,Department Of Defence Production,,2026-02-04 16:00:00,2026-02-04 16:00:00,180.0,,,,No,,0.0,,No,,No,,No,,,No,,,,2026-08-31 08:29:59.092049,QUALIFIED,2026-02-04 16:00:00.000000,BHARAT DYNAMICS,4411760.0,True,1,15.299784487444017,180.0,0.0,0.0,0.0,0,0.0,0.0,0.0,0.0,0,0,0,0,0,0.0,0
GEM/2025/B/7033473,467,Lost,0,outcome_labels_review_xlsx,,,POWERGRID,Power Grid Corporation Of India Limited,,2026-02-05 15:00:00,2026-02-05 15:00:00,180.0,,,,No,,0.0,27.0,No,,No,,No,,,Yes,,,,2026-08-31 08:29:48.727503,QUALIFIED,2026-02-05 15:00:00.000000,POWERGRID,4411760.0,True,1,15.299784487444017,180.0,0.0,0.0,0.0,0,0.0,27.0,0.0,0.0,1,0,0,0,0,0.2777777777777778,1
GEM/2026/B/7061036,474,Lost,0,outcome_labels_review_xlsx,,,NMDC,Nmdc Limited,,2026-02-06 18:00:00,2026-02-06 18:00:00,180.0,,,,No,,0.0,,No,,No,,No,,,No,,,,2026-08-31 08:29:56.528881,QUALIFIED,2026-02-06 18:00:00.000000,NMDC,4411760.0,True,1,15.299784487444017,180.0,0.0,0.0,0.0,0,0.0,0.0,0.0,0.0,0,0,0,0,0,0.0,0
GEM/2026/B/7137397,498,Lost,0,outcome_labels_review_xlsx,,,OFFICE OF DG (MSS),Department Of Defence Research & Development,,2026-02-09 10:00:00,2026-02-09 10:00:00,180.0,,,,No,,0.0,40.0,No,,No,,No,,,Yes,,,,2026-08-31 08:30:05.327427,QUALIFIED,2026-02-09 10:00:00.000000,OFFICE OF DG (MSS),4411760.0,True,1,15.299784487444017,180.0,0.0,0.0,0.0,0,0.0,40.0,0.0,0.0,1,0,0,0,0,0.0,0
GEM/2026/B/7120289,87,Won,1,outcome_labels_review_xlsx,,,WESTERN COALFIELDS,Coal India Limited,,2026-02-09 11:00:00,2026-02-09 11:00:00,120.0,,,20453.0,Yes,,0.0,,No,,No,,No,,,Yes,,,,2026-08-31 08:24:01.367368,QUALIFIED,2026-02-09 11:00:00.000000,WESTERN COALFIELDS,4411760.0,True,1,15.299784487444017,120.0,20453.0,9.925933741365958,9.791465201114483e-05,0,0.0,0.0,0.0,0.0,1,0,0,0,0,0.0,0
GEM/2026/B/7120158,491,Lost,0,outcome_labels_review_xlsx,,,DEDICATED FREIGHT CORRIDO,Railways Public Sector Undertakings,,2026-02-09 15:00:00,2026-02-09 15:00:00,90.0,,,100000000.0,Yes,100000000.0,0.0,50.0,No,,No,,No,,,Yes,,,,2026-08-31 08:30:05.725701,QUALIFIED,2026-02-09 15:00:00.000000,DEDICATED FREIGHT CORRIDO,4411760.0,True,1,15.299784487444017,90.0,100000000.0,18.420680753952364,0.4787300249897073,1,0.4787300249897073,50.0,0.0,0.0,1,0,0,0,0,0.0,0
GEM/2026/B/7154389,503,Lost,0,outcome_labels_review_xlsx,,,OFFICE OF DG (AERO),Department Of Defence Research & Development,,2026-02-10 10:00:00,2026-02-10 10:00:00,180.0,,,20000.0,Yes,,0.0,16.0,No,,No,,No,,,No,Yes,,,2026-08-31 08:30:09.074484,QUALIFIED,2026-02-10 10:00:00.000000,OFFICE OF DG (AERO),4411760.0,True,1,15.299784487444017,180.0,20000.0,9.90353755128617,9.574600499794146e-05,0,0.0,16.0,0.0,0.0,0,1,0,0,0,0.0,0
GEM/2026/B/7094896,484,Lost,0,outcome_labels_review_xlsx,,,POWERGRID,Power Grid Corporation Of India Limited,,2026-02-11 11:00:00,2026-02-11 11:00:00,180.0,,,17000.0,Yes,,0.0,15.0,No,,No,,No,,,Yes,,,,2026-08-31 08:30:02.817456,QUALIFIED,2026-02-11 11:00:00.000000,POWERGRID,4411760.0,True,1,15.299784487444017,180.0,17000.0,9.741027444837728,8.138410424825024e-05,0,0.0,15.0,0.0,0.0,1,0,0,0,0,0.2702702702702703,1
GEM/2026/B/7191657,519,Lost,0,outcome_labels_review_xlsx,,,,,,2026-02-14 16:00:00,2026-02-14 16:00:00,180.0,,,23000.0,Yes,,0.0,,No,,No,,No,,,Yes,Yes,,,2026-08-31 08:30:17.937476,QUALIFIED,2026-02-14 16:00:00.000000,UNKNOWN,4226894.0,True,1,15.256978238928124,180.0,23000.0,10.043292972227004,0.00011010790574763268,0,0.0,0.0,0.0,0.0,1,1,0,0,0,0.20909090909090908,1
GEM/2026/B/7106953,86,Won,1,outcome_labels_review_xlsx,,,INDIAN_AIR_FORCE,Department Of Military Affairs,,2026-02-17 14:00:00,2026-02-17 14:00:00,180.0,,,,No,,0.0,,No,,No,,No,,,No,,,,2026-08-31 08:23:59.022784,QUALIFIED,2026-02-17 14:00:00.000000,INDIAN_AIR_FORCE,4411760.0,True,1,15.299784487444017,180.0,0.0,0.0,0.0,0,0.0,0.0,0.0,0.0,0,0,0,0,0,0.16666666666666666,1
GEM/2026/B/7139798,499,Lost,0,outcome_labels_review_xlsx,,,N COUNCIL OF AGRICULTURAL,Department Of Agricultural Research And Education (dare),,2026-02-17 18:00:00,2026-02-17 18:00:00,105.0,,,100000000.0,Yes,100000000.0,0.0,15.0,No,,No,,No,,,Yes,Yes,,,2026-08-31 08:30:05.231790,QUALIFIED,2026-02-17 18:00:00.000000,N COUNCIL OF AGRICULTURAL,4411760.0,True,1,15.299784487444017,105.0,100000000.0,18.420680753952364,0.4787300249897073,1,0.4787300249897073,15.0,0.0,0.0,1,1,0,0,0,0.0,0
GEM/2026/B/7159149,506,Lost,0,outcome_labels_review_xlsx,,,,,,2026-02-18 15:00:00,2026-02-18 15:00:00,180.0,,,66900.0,Yes,,0.0,62.0,No,,No,,No,,,Yes,Yes,,,2026-08-31 08:30:09.711191,QUALIFIED,2026-02-18 15:00:00.000000,UNKNOWN,4226894.0,True,1,15.256978238928124,180.0,66900.0,11.110969193687714,0.0003202703867181142,0,0.0,62.0,0.0,0.0,1,1,0,0,0,0.2072072072072072,1
GEM/2026/B/7159493,507,Lost,0,outcome_labels_review_xlsx,,,HPCL,Na,,2026-02-18 15:00:00,2026-02-18 15:00:00,90.0,,,,No,,0.0,,No,,No,,No,,,Yes,,,,2026-08-31 08:30:09.552626,QUALIFIED,2026-02-18 15:00:00.000000,HPCL,4411760.0,True,1,15.299784487444017,90.0,0.0,0.0,0.0,0,0.0,0.0,0.0,0.0,1,0,0,0,1,0.0,0
GEM/2026/B/7163786,508,Lost,0,outcome_labels_review_xlsx,,,IOCL,Indian Oil Corporation Limited,,2026-02-19 13:00:00,2026-02-19 13:00:00,120.0,,,,No,,0.0,,No,,No,,No,,,No,,,,2026-08-31 08:30:10.812899,QUALIFIED,2026-02-19 13:00:00.000000,IOCL,1997657.14,True,1,14.507486122450072,120.0,0.0,0.0,0.0,0,0.0,0.0,0.0,0.0,0,0,0,0,1,0.29411764705882354,1
GEM/2026/B/7152902,501,Lost,0,outcome_labels_review_xlsx,,,NIT,Department Of Higher Education,,2026-02-19 18:00:00,2026-02-19 18:00:00,180.0,,,24800.0,Yes,100000000.0,0.0,38.0,No,,No,,No,,,Yes,Yes,,,2026-08-31 08:30:07.369282,QUALIFIED,2026-02-19 18:00:00.000000,NIT,4411760.0,True,1,15.299784487444017,180.0,24800.0,10.118639253920785,0.00011872504619744741,1,0.4787300249897073,38.0,0.0,0.0,1,1,0,0,0,0.0,0
GEM/2026/B/7157202,504,Lost,0,outcome_labels_review_xlsx,,,NHPC,Na,,2026-02-20 13:00:00,2026-02-20 13:00:00,120.0,,,24000.0,Yes,,0.0,15.0,No,,No,,No,,,Yes,Yes,,,2026-08-31 08:30:08.972420,QUALIFIED,2026-02-20 13:00:00.000000,NHPC,4411760.0,True,1,15.299784487444017,120.0,24000.0,10.085850775128717,0.00011489520599752975,0,0.0,15.0,0.0,0.0,1,1,0,0,0,0.0,0
GEM/2026/B/7201555,521,Lost,0,outcome_labels_review_xlsx,,,LIC - LIFE INSURANCE ORAT,Department Of Financial Services,,2026-02-20 14:00:00,2026-02-20 14:00:00,60.0,,,24000.0,Yes,100000000.0,0.0,15.0,No,,No,,No,,,Yes,,,,2026-08-31 08:30:18.725894,QUALIFIED,2026-02-20 14:00:00.000000,LIC - LIFE INSURANCE ORAT,4411760.0,True,1,15.299784487444017,60.0,24000.0,10.085850775128717,0.00011489520599752975,1,0.4787300249897073,15.0,0.0,0.0,1,0,0,0,0,0.0,0
GEM/2026/B/7220692,93,Won,1,outcome_labels_review_xlsx,,,INDIAN_AIR_FORCE,Department Of Military Affairs,,2026-02-21 12:00:00,2026-02-21 12:00:00,180.0,,,,No,,0.0,,No,,No,,No,,,No,Yes,,,2026-08-31 08:24:08.311596,QUALIFIED,2026-02-21 12:00:00.000000,INDIAN_AIR_FORCE,4411760.0,True,1,15.299784487444017,180.0,0.0,0.0,0.0,0,0.0,0.0,0.0,0.0,0,1,0,0,0,0.23076923076923078,1
GEM/2026/B/7201949,523,Lost,0,outcome_labels_review_xlsx,,,CENTRAL BANK OF,Department Of Financial Services,,2026-02-21 14:00:00,2026-02-21 14:00:00,30.0,,,,No,,0.0,,No,,No,,No,,,Yes,,,,2026-08-31 08:30:20.010589,QUALIFIED,2026-02-21 14:00:00.000000,CENTRAL BANK OF,4411760.0,True,1,15.299784487444017,30.0,0.0,0.0,0.0,0,0.0,0.0,0.0,0.0,1,0,0,0,0,0.0,0
GEM/2026/B/7178200,514,Lost,0,outcome_labels_review_xlsx,,,DEVELOPMENT COMMISSIONER ,Ministry Of Micro Small And Medium Enterprises,,2026-02-23 14:00:00,2026-02-23 14:00:00,180.0,,,,No,,0.0,14.0,No,,No,,No,,,Yes,Yes,,,2026-08-31 08:30:14.374961,QUALIFIED,2026-02-23 14:00:00.000000,DEVELOPMENT COMMISSIONER,4411760.0,True,1,15.299784487444017,180.0,0.0,0.0,0.0,0,0.0,14.0,0.0,0.0,1,1,0,0,0,0.0,0
GEM/2026/B/7175923,511,Lost,0,outcome_labels_review_xlsx,,,GAIL,Gail India Limited,,2026-02-23 15:00:00,2026-02-23 15:00:00,90.0,,,145468.0,Yes,,0.0,23.0,No,,No,,No,,,Yes,,,,2026-08-31 08:30:12.259238,QUALIFIED,2026-02-23 15:00:00.000000,GAIL,4411760.0,True,1,15.299784487444017,90.0,145468.0,11.887718284474271,0.0006963989927520274,0,0.0,23.0,0.0,0.0,1,0,0,0,1,0.46153846153846156,1
GEM/2026/B/7212671,91,Won,1,outcome_labels_review_xlsx,,,DELHI TRANSCO  (DTL),Delhi Transco Limited (dtl),,2026-02-23 17:00:00,2026-02-23 17:00:00,120.0,,,220.0,Yes,,0.0,62.0,No,,No,,No,,5.0,Yes,,,,2026-08-31 08:24:46.189577,QUALIFIED,2026-02-23 17:00:00.000000,DELHI TRANSCO  (DTL),4411760.0,True,1,15.299784487444017,120.0,220.0,5.3981627015177525,1.053206054977356e-06,0,0.0,62.0,0.0,5.0,1,0,0,0,0,0.0,0
GEM/2026/B/7171225,510,Lost,0,outcome_labels_review_xlsx,,,RAILWAYS,Indian Railways,,2026-02-23 18:00:00,2026-02-23 18:00:00,90.0,,,110330.0,Yes,,0.0,14.0,No,,No,,No,,,Yes,,,,2026-08-31 08:30:11.562824,QUALIFIED,2026-02-23 18:00:00.000000,RAILWAYS,45178264.0,True,1,17.626126666318992,90.0,110330.0,11.611240217431213,0.000528182836571144,0,0.0,14.0,0.0,0.0,1,0,0,0,0,0.0,0
GEM/2026/B/7185791,517,Lost,0,outcome_labels_review_xlsx,,,IOCL,Department Of Fertilizers,,2026-02-24 16:00:00,2026-02-24 16:00:00,90.0,,,100000000.0,Yes,100000000.0,0.0,20.0,No,,No,5.0,Yes,,,Yes,Yes,,,2026-08-31 08:30:17.482999,QUALIFIED,2026-02-24 16:00:00.000000,IOCL,1997657.14,True,1,14.507486122450072,90.0,100000000.0,18.420680753952364,0.4787300249897073,1,0.4787300249897073,20.0,5.0,0.0,1,1,0,0,1,0.2777777777777778,1
GEM/2026/B/7186555,518,Lost,0,outcome_labels_review_xlsx,,,DELHI UNIVERSITY,Department Of Higher Education,,2026-02-24 17:00:00,2026-02-24 17:00:00,180.0,,,100000000.0,Yes,100000000.0,0.0,14.0,No,,No,,No,,,Yes,,,,2026-08-31 08:30:16.466426,QUALIFIED,2026-02-24 17:00:00.000000,DELHI UNIVERSITY,4411760.0,True,1,15.299784487444017,180.0,100000000.0,18.420680753952364,0.4787300249897073,1,0.4787300249897073,14.0,0.0,0.0,1,0,0,0,0,0.0,0
GEM/2026/B/7101766,485,Lost,0,outcome_labels_review_xlsx,,,NIT,Department Of Higher Education,,2026-02-24 18:00:00,2026-02-24 18:00:00,90.0,,,53000.0,Yes,100000000.0,0.0,26.0,No,,No,,No,,,Yes,,,,2026-08-31 08:29:58.979793,QUALIFIED,2026-02-24 18:00:00.000000,NIT,4411760.0,True,1,15.299784487444017,90.0,53000.0,10.87806606028079,0.0002537269132445449,1,0.4787300249897073,26.0,0.0,0.0,1,0,0,0,0,0.0,0
GEM/2026/B/7201636,522,Lost,0,outcome_labels_review_xlsx,,,,,,2026-02-25 15:00:00,2026-02-25 15:00:00,120.0,,,126000.0,Yes,100000000.0,0.0,26.0,No,,No,5.0,Yes,,,Yes,,,,2026-08-31 08:30:20.306974,QUALIFIED,2026-02-25 15:00:00.000000,UNKNOWN,4226894.0,True,1,15.256978238928124,120.0,126000.0,11.744045122410057,0.0006031998314870313,1,0.4787300249897073,26.0,5.0,0.0,1,0,0,0,0,0.20535714285714285,1
GEM/2026/B/7124746,496,Lost,0,outcome_labels_review_xlsx,,,RAILWAYS,Indian Railways,,2026-02-26 09:00:00,2026-02-26 09:00:00,90.0,,,50949.0,Yes,,0.0,26.0,No,,No,,No,,,Yes,,,,2026-08-31 08:30:05.120221,QUALIFIED,2026-02-26 09:00:00.000000,RAILWAYS,45178264.0,True,1,17.626126666318992,90.0,50949.0,10.83860003865087,0.000243908160432006,0,0.0,26.0,0.0,0.0,1,0,0,0,0,0.0,0
GEM/2026/B/7191829,520,Lost,0,outcome_labels_review_xlsx,,,HAL,HAL,,2026-02-27 00:00:00,2026-02-27 00:00:00,,,,,No,,0.0,,No,,No,,No,,,No,,,,2026-08-31 08:30:16.128797,QUALIFIED,2026-02-27 00:00:00.000000,HAL,5398205.0,True,1,15.501577234114253,120.0,0.0,0.0,0.0,0,0.0,0.0,0.0,0.0,0,0,0,0,0,0.15151515151515152,1
GEM/2026/B/7066184,84,Won,1,outcome_labels_review_xlsx,,,POWERGRID,Power Grid Corporation Of India Limited,,2026-02-27 15:00:00,2026-02-27 15:00:00,180.0,,,,No,,0.0,15.0,No,,No,,No,,,Yes,,,,2026-08-31 08:24:01.706544,QUALIFIED,2026-02-27 15:00:00.000000,POWERGRID,4411760.0,True,1,15.299784487444017,180.0,0.0,0.0,0.0,0,0.0,15.0,0.0,0.0,1,0,0,0,0,0.2631578947368421,1
GEM/2026/B/7185310,516,Lost,0,outcome_labels_review_xlsx,,,BRAHMAPUTRA CRACKER AND P,Brahmaputra Cracker And Polymer Limited,,2026-02-27 15:00:00,2026-02-27 15:00:00,90.0,,,41300.0,Yes,,0.0,27.0,No,,No,,No,,,No,,,,2026-08-31 08:30:14.141952,QUALIFIED,2026-02-27 15:00:00.000000,BRAHMAPUTRA CRACKER AND P,4411760.0,True,1,15.299784487444017,90.0,41300.0,10.628641991731053,0.0001977155003207491,0,0.0,27.0,0.0,0.0,0,0,0,0,0,0.0,0
GEM/2026/B/7204444,524,Lost,0,outcome_labels_review_xlsx,,,GAIL,Gail India Limited,,2026-02-27 16:00:00,2026-02-27 16:00:00,120.0,,,50000.0,Yes,,0.0,28.0,No,,No,,No,,,No,,,,2026-08-31 08:30:19.218036,QUALIFIED,2026-02-27 16:00:00.000000,GAIL,4411760.0,True,1,15.299784487444017,120.0,50000.0,10.819798284210286,0.00023936501249485366,0,0.0,28.0,0.0,0.0,0,0,0,0,1,0.4444444444444444,1
GEM/2026/B/7135632,88,Won,1,outcome_labels_review_xlsx,,,POWERGRID,Power Grid Corporation Of India Limited,,2026-03-02 15:00:00,2026-03-02 15:00:00,180.0,,,213000.0,Yes,,0.0,27.0,No,,No,,No,,20.0,Yes,,,,2026-08-31 08:24:52.969456,QUALIFIED,2026-03-02 15:00:00.000000,POWERGRID,4411760.0,True,1,15.299784487444017,180.0,213000.0,12.269052139516223,0.0010196949532280766,0,0.0,27.0,0.0,20.0,1,0,0,0,0,0.28205128205128205,1
GEM/2026/B/7182755,515,Lost,0,outcome_labels_review_xlsx,,,RESEARCH & DEVELOPMENT CE,Indian Oil Corporation Limited,,2026-03-02 15:00:00,2026-03-02 15:00:00,120.0,,,,No,,0.0,18.0,No,,No,,No,,,Yes,,,,2026-08-31 08:30:15.779112,QUALIFIED,2026-03-02 15:00:00.000000,RESEARCH & DEVELOPMENT CE,4411760.0,True,1,15.299784487444017,120.0,0.0,0.0,0.0,0,0.0,18.0,0.0,0.0,1,0,0,0,0,0.0,0
GEM/2026/B/7236269,527,Lost,0,outcome_labels_review_xlsx,,,DELHI TRANSCO  (DTL),Delhi Transco Limited (dtl),,2026-03-06 16:00:00,2026-03-06 16:00:00,120.0,,,57000.0,Yes,,0.0,20.0,No,,No,,No,,,Yes,,,,2026-08-31 08:30:20.894367,QUALIFIED,2026-03-06 16:00:00.000000,DELHI TRANSCO  (DTL),4411760.0,True,1,15.299784487444017,120.0,57000.0,10.950824090522445,0.00027287611424413316,0,0.0,20.0,0.0,0.0,1,0,0,0,0,0.5,1
GEM/2026/B/7216295,92,Won,1,outcome_labels_review_xlsx,,,POWERGRID,Power Grid Corporation Of India Limited,,2026-03-06 17:00:00,2026-03-06 17:00:00,180.0,,,163000.0,Yes,,0.0,44.0,No,,No,,No,,,No,,,,2026-08-31 08:24:15.214858,QUALIFIED,2026-03-06 17:00:00.000000,POWERGRID,4411760.0,True,1,15.299784487444017,180.0,163000.0,12.001511614739405,0.0007803299407332229,0,0.0,44.0,0.0,0.0,0,0,0,0,0,0.3,1
GEM/2026/B/7236393,94,Won,1,outcome_labels_review_xlsx,,,V. V. GIRI NATIONAL LABOU,Na,,2026-03-06 17:00:00,2026-03-06 17:00:00,90.0,,,138000.0,Yes,,0.0,36.0,No,,No,,No,,,Yes,,,,2026-08-31 08:24:11.392950,QUALIFIED,2026-03-06 17:00:00.000000,V. V. GIRI NATIONAL LABOU,4411760.0,True,1,15.299784487444017,90.0,138000.0,11.835016210489899,0.0006606474344857961,0,0.0,36.0,0.0,0.0,1,0,0,0,0,0.0,0
GEM/2026/B/7247375,530,Lost,0,outcome_labels_review_xlsx,,,N BANK,Department Of Financial Services,,2026-03-07 14:00:00,2026-03-07 14:00:00,90.0,,,50000.0,Yes,100000000.0,0.0,,No,,No,,No,,,Yes,,,,2026-08-31 08:30:23.197873,QUALIFIED,2026-03-07 14:00:00.000000,N BANK,4411760.0,True,1,15.299784487444017,90.0,50000.0,10.819798284210286,0.00023936501249485366,1,0.4787300249897073,0.0,0.0,0.0,1,0,0,0,0,0.0,0
GEM/2026/B/7268179,537,Lost,0,outcome_labels_review_xlsx,,,NIT,Department Of Higher Education,,2026-03-07 17:00:00,2026-03-07 17:00:00,90.0,,,88000.0,Yes,100000000.0,0.0,38.0,No,,No,,No,,,Yes,,,,2026-08-31 08:30:27.918691,QUALIFIED,2026-03-07 17:00:00.000000,NIT,4411760.0,True,1,15.299784487444017,90.0,88000.0,11.385103457032141,0.00042128242199094244,1,0.4787300249897073,38.0,0.0,0.0,1,0,0,0,0,0.0,0
GEM/2026/B/7297091,545,Lost,0,outcome_labels_review_xlsx,,,RAILWAYS,Indian Railways,,2026-03-09 18:00:00,2026-03-09 18:00:00,60.0,,,,No,,0.0,,No,,No,,No,,,Yes,,,,2026-08-31 08:30:31.653251,QUALIFIED,2026-03-09 18:00:00.000000,RAILWAYS,45178264.0,True,1,17.626126666318992,60.0,0.0,0.0,0.0,0,0.0,0.0,0.0,0.0,1,0,0,0,0,0.0,0
GEM/2026/B/7178138,513,Lost,0,outcome_labels_review_xlsx,,,POWERGRID,Power Grid Corporation Of India Limited,,2026-03-10 11:00:00,2026-03-10 11:00:00,120.0,,,51000.0,Yes,,0.0,17.0,No,,No,,No,,,Yes,,,,2026-08-31 08:30:14.212750,QUALIFIED,2026-03-10 11:00:00.000000,POWERGRID,4411760.0,True,1,15.299784487444017,120.0,51000.0,10.839600519357369,0.0002441523127447507,0,0.0,17.0,0.0,0.0,1,0,0,0,0,0.3170731707317073,1
GEM/2026/B/7246666,529,Lost,0,outcome_labels_review_xlsx,,,DELHI TRANSCO  (DTL),Delhi Transco Limited (dtl),,2026-03-10 16:00:00,2026-03-10 16:00:00,120.0,,,69854.0,Yes,,0.0,20.0,No,,No,,No,,,Yes,,,,2026-08-31 08:30:19.043979,QUALIFIED,2026-03-10 16:00:00.000000,DELHI TRANSCO  (DTL),4411760.0,True,1,15.299784487444017,120.0,69854.0,11.154176944084588,0.00033441207165631014,0,0.0,20.0,0.0,0.0,1,0,0,0,0,0.3333333333333333,1
GEM/2026/B/7177131,512,Lost,0,outcome_labels_review_xlsx,,,POWERGRID,Power Grid Corporation Of India Limited,,2026-03-11 11:00:00,2026-03-11 11:00:00,180.0,,,229000.0,Yes,,0.0,44.0,No,,No,,No,,,No,,,,2026-08-31 08:30:14.997424,QUALIFIED,2026-03-11 11:00:00.000000,POWERGRID,4411760.0,True,1,15.299784487444017,180.0,229000.0,12.34148164933907,0.0010962917572264297,0,0.0,44.0,0.0,0.0,0,0,0,0,0,0.30952380952380953,1
GEM/2026/B/7257289,533,Lost,0,outcome_labels_review_xlsx,,,GAIL,Gail India Limited,,2026-03-12 18:00:00,2026-03-12 18:00:00,90.0,,,,No,,0.0,65.0,No,,No,,No,,,Yes,,,,2026-08-31 08:30:24.014747,QUALIFIED,2026-03-12 18:00:00.000000,GAIL,4411760.0,True,1,15.299784487444017,90.0,0.0,0.0,0.0,0,0.0,65.0,0.0,0.0,1,0,0,0,1,0.42857142857142855,1
GEM/2026/B/7316065,547,Lost,0,outcome_labels_review_xlsx,,,V. V. GIRI NATIONAL LABOU,Na,,2026-03-13 18:00:00,2026-03-13 18:00:00,90.0,,,26000.0,Yes,100000000.0,0.0,12.0,No,,No,,No,,,Yes,Yes,,,2026-08-31 08:30:34.317918,QUALIFIED,2026-03-13 18:00:00.000000,V. V. GIRI NATIONAL LABOU,4411760.0,True,1,15.299784487444017,90.0,26000.0,10.165890277802454,0.0001244698064973239,1,0.4787300249897073,12.0,0.0,0.0,1,1,0,0,0,1.0,1
GEM/2026/B/7263111,534,Lost,0,outcome_labels_review_xlsx,,,NTPC,Na,,2026-03-14 20:00:00,2026-03-14 20:00:00,120.0,,,50000.0,Yes,,0.0,,No,,No,,No,,,No,,,,2026-08-31 08:30:38.491774,QUALIFIED,2026-03-14 20:00:00.000000,NTPC,4411760.0,True,1,15.299784487444017,120.0,50000.0,10.819798284210286,0.00023936501249485366,0,0.0,0.0,0.0,0.0,0,0,0,0,1,0.0,0
GEM/2026/B/7277920,539,Lost,0,outcome_labels_review_xlsx,,,NTPC,Ntpc Sail Power Company Ltd,,2026-03-16 14:00:00,2026-03-16 14:00:00,90.0,,,,No,,0.0,,No,,No,,No,,,Yes,,,,2026-08-31 08:30:28.631720,QUALIFIED,2026-03-16 14:00:00.000000,NTPC,4411760.0,True,1,15.299784487444017,90.0,0.0,0.0,0.0,0,0.0,0.0,0.0,0.0,1,0,0,0,1,0.0,0
GEM/2026/B/7171222,89,Won,1,outcome_labels_review_xlsx,,,RAILWAYS,Indian Railways,,2026-03-16 18:00:00,2026-03-16 18:00:00,90.0,,,48650.0,Yes,,0.0,21.0,No,,No,,No,,,Yes,,,,2026-08-31 08:24:02.015843,QUALIFIED,2026-03-16 18:00:00.000000,RAILWAYS,45178264.0,True,1,17.626126666318992,90.0,48650.0,10.792427642387484,0.00023290215715749261,0,0.0,21.0,0.0,0.0,1,0,0,0,0,0.0,0
GEM/2026/B/7282515,540,Lost,0,outcome_labels_review_xlsx,,,CENTRAL WATER COMMISSION ,Na,,2026-03-17 12:00:00,2026-03-17 12:00:00,120.0,,,60312.0,Yes,100000000.0,0.0,18.0,No,,No,,No,,,No,,,,2026-08-31 08:30:31.247199,QUALIFIED,2026-03-17 12:00:00.000000,CENTRAL WATER COMMISSION,4411760.0,True,1,15.299784487444017,120.0,60312.0,11.007302948202419,0.0002887316526717923,1,0.4787300249897073,18.0,0.0,0.0,0,0,0,0,0,0.0,0
GEM/2026/B/7276965,96,Won,1,outcome_labels_review_xlsx,,,BRAHMAPUTRA CRACKER AND P,Brahmaputra Cracker And Polymer Limited,,2026-03-17 15:00:00,2026-03-17 15:00:00,90.0,,,23200.0,Yes,,0.0,27.0,No,,No,5.0,Yes,,,No,,,,2026-08-31 08:25:12.135971,QUALIFIED,2026-03-17 15:00:00.000000,BRAHMAPUTRA CRACKER AND P,4411760.0,True,1,15.299784487444017,90.0,23200.0,10.05195066017375,0.0001110653657976121,0,0.0,27.0,5.0,0.0,0,0,0,0,0,0.0,0
GEM/2026/B/7277203,538,Lost,0,outcome_labels_review_xlsx,,,ONGC,Na,,2026-03-17 15:00:00,2026-03-17 15:00:00,90.0,,,91000.0,Yes,,0.0,16.0,No,,No,,No,,,No,,,,2026-08-31 08:30:29.603464,QUALIFIED,2026-03-17 15:00:00.000000,ONGC,4411760.0,True,1,15.299784487444017,90.0,91000.0,11.418625774449598,0.00043564432274063365,0,0.0,16.0,0.0,0.0,0,0,0,0,1,0.0,0
GEM/2026/B/7245081,528,Lost,0,outcome_labels_review_xlsx,,,NORTHERN COALFIELDS,Coal India Limited,,2026-03-18 13:00:00,2026-03-18 13:00:00,120.0,,,162007.0,Yes,,0.0,6.0,No,,No,,No,,,Yes,Yes,,,2026-08-31 08:30:21.549766,QUALIFIED,2026-03-18 13:00:00.000000,NORTHERN COALFIELDS,4411760.0,True,1,15.299784487444017,120.0,162007.0,11.995400995711284,0.0007755761515850752,0,0.0,6.0,0.0,0.0,1,1,0,0,0,0.0,0
GEM/2026/B/7287927,543,Lost,0,outcome_labels_review_xlsx,,,HAL,Department Of Defence Production,,2026-03-18 13:00:00,2026-03-18 13:00:00,180.0,,,,No,,0.0,,No,,No,,No,,,Yes,Yes,,,2026-08-31 08:30:34.790243,QUALIFIED,2026-03-18 13:00:00.000000,HAL,5398205.0,True,1,15.501577234114253,180.0,0.0,0.0,0.0,0,0.0,0.0,0.0,0.0,1,1,0,0,0,0.14925373134328357,1
GEM/2026/B/7283092,541,Lost,0,outcome_labels_review_xlsx,,,GAIL,Gail India Limited,,2026-03-20 14:00:00,2026-03-20 14:00:00,90.0,,,20300.0,Yes,,0.0,48.0,No,,No,,No,,,No,,,,2026-08-31 08:30:31.872316,QUALIFIED,2026-03-20 14:00:00.000000,GAIL,4411760.0,True,1,15.299784487444017,90.0,20300.0,9.918425424900335,9.718219507291059e-05,0,0.0,48.0,0.0,0.0,0,0,0,0,1,0.41379310344827586,1
GEM/2026/B/7339598,553,Lost,0,outcome_labels_review_xlsx,,,BHEL,Department Of Heavy Industry,,2026-03-21 14:00:00,2026-03-21 14:00:00,120.0,,,200000.0,Yes,,0.0,62.0,No,,No,,No,,,No,Yes,,,2026-08-31 08:30:38.496627,QUALIFIED,2026-03-21 14:00:00.000000,BHEL,4411760.0,True,1,15.299784487444017,120.0,200000.0,12.206077645517674,0.0009574600499794146,0,0.0,62.0,0.0,0.0,0,1,0,0,0,0.0,0
GEM/2026/B/7341672,104,Won,1,outcome_labels_review_xlsx,,,IOC RLO KOLKATA,Indian Oil Corporation Limited,,2026-03-21 17:00:00,2026-03-21 17:00:00,120.0,,,,No,,0.0,20.0,No,,No,5.0,Yes,,,No,,,,2026-08-31 08:25:08.338954,QUALIFIED,2026-03-21 17:00:00.000000,IOC RLO KOLKATA,4411760.0,True,1,15.299784487444017,120.0,0.0,0.0,0.0,0,0.0,20.0,5.0,0.0,0,0,0,0,0,0.0,0
GEM/2026/B/7263353,535,Lost,0,outcome_labels_review_xlsx,,,POWERGRID,Power Grid Corporation Of India Limited,,2026-03-24 15:00:00,2026-03-24 15:00:00,180.0,,,42000.0,Yes,,0.0,39.0,No,,No,,No,,,Yes,,,,2026-08-31 08:30:26.317720,QUALIFIED,2026-03-24 15:00:00.000000,POWERGRID,4411760.0,True,1,15.299784487444017,180.0,42000.0,10.645448706505872,0.00020106661049567706,0,0.0,39.0,0.0,0.0,1,0,0,0,0,0.3023255813953488,1
GEM/2026/B/7321189,550,Lost,0,outcome_labels_review_xlsx,,,GAIL,Gail India Limited,,2026-03-27 14:00:00,2026-03-27 14:00:00,90.0,,,,No,,0.0,,No,,No,,No,,,Yes,,,,2026-08-31 08:30:36.330634,QUALIFIED,2026-03-27 14:00:00.000000,GAIL,4411760.0,True,1,15.299784487444017,90.0,0.0,0.0,0.0,0,0.0,0.0,0.0,0.0,1,0,0,0,1,0.4,1
GEM/2026/B/7310341,99,Won,1,outcome_labels_review_xlsx,,,,,,2026-03-28 15:00:00,2026-03-28 15:00:00,120.0,,,37000.0,Yes,100000000.0,0.0,15.0,No,,No,,No,7.0,45.0,Yes,Yes,,,2026-08-31 08:24:28.479386,QUALIFIED,2026-03-28 15:00:00.000000,UNKNOWN,4226894.0,True,1,15.256978238928124,120.0,37000.0,10.518700218288165,0.0001771301092461917,1,0.4787300249897073,15.0,0.0,45.0,1,1,0,0,0,0.20353982300884957,1
GEM/2026/B/7353963,557,Lost,0,outcome_labels_review_xlsx,,,NTPC,Na,,2026-03-28 15:00:00,2026-03-28 15:00:00,120.0,,,,No,,0.0,,No,,No,,No,,,No,,,,2026-08-31 08:30:39.606801,QUALIFIED,2026-03-28 15:00:00.000000,NTPC,4411760.0,True,1,15.299784487444017,120.0,0.0,0.0,0.0,0,0.0,0.0,0.0,0.0,0,0,0,0,1,0.0,0
GEM/2026/B/7306631,98,Won,1,outcome_labels_review_xlsx,,,GAIL,Gail India Limited,,2026-03-30 14:00:00,2026-03-30 14:00:00,90.0,,,194177.0,Yes,0.0,0.0,21.0,No,,No,5.0,Yes,,,Yes,,,,2026-08-31 08:25:09.211591,QUALIFIED,2026-03-30 14:00:00.000000,GAIL,4411760.0,True,1,15.299784487444017,90.0,194177.0,12.176530543149186,0.000929583600624264,0,0.0,21.0,5.0,0.0,1,0,0,0,1,0.3870967741935484,1
GEM/2026/B/7317018,548,Lost,0,outcome_labels_review_xlsx,,,GAIL,Gail India Limited,,2026-03-30 16:00:00,2026-03-30 16:00:00,120.0,,,50000.0,Yes,,0.0,28.0,No,,No,,No,,,No,,,,2026-08-31 08:30:32.534951,QUALIFIED,2026-03-30 16:00:00.000000,GAIL,4411760.0,True,1,15.299784487444017,120.0,50000.0,10.819798284210286,0.00023936501249485366,0,0.0,28.0,0.0,0.0,0,0,0,0,1,0.40625,1
GEM/2026/B/7266004,95,Won,1,outcome_labels_review_xlsx,,,NATIONAL ALUMINIUM COMPAN,Materials,,2026-03-31 17:00:00,2026-03-31 17:00:00,120.0,,,,No,,0.0,,No,,No,,No,,,No,Yes,,,2026-08-31 08:24:20.800370,QUALIFIED,2026-03-31 17:00:00.000000,NATIONAL ALUMINIUM COMPAN,4411760.0,True,1,15.299784487444017,120.0,0.0,0.0,0.0,0,0.0,0.0,0.0,0.0,0,1,0,0,0,0.0,0
GEM/2026/B/7357339,560,Lost,0,outcome_labels_review_xlsx,,,GAIL,Gail India Limited,,2026-04-02 15:00:00,2026-04-02 15:00:00,90.0,,,42000.0,Yes,,0.0,19.0,No,,No,,No,,,No,,,,2026-08-31 08:30:45.644168,QUALIFIED,2026-04-02 15:00:00.000000,GAIL,4411760.0,True,1,15.299784487444017,90.0,42000.0,10.645448706505872,0.00020106661049567706,0,0.0,19.0,0.0,0.0,0,0,0,0,1,0.3939393939393939,1
GEM/2026/B/7393344,575,Lost,0,outcome_labels_review_xlsx,,,RAILWAYS,Indian Railways,,2026-04-06 14:00:00,2026-04-06 14:00:00,90.0,,,,No,,0.0,,No,,No,,No,,,Yes,,,,2026-08-31 08:30:52.209562,QUALIFIED,2026-04-06 14:00:00.000000,RAILWAYS,45178264.0,True,1,17.626126666318992,90.0,0.0,0.0,0.0,0,0.0,0.0,0.0,0.0,1,0,0,0,0,0.09090909090909091,1
GEM/2026/B/7368897,564,Lost,0,outcome_labels_review_xlsx,,,REGIONAL CENTRE FOR BIOTE,Department Of Biotechnology (dbt),,2026-04-07 17:00:00,2026-04-07 17:00:00,30.0,,,,No,,0.0,15.0,No,,No,,No,,,Yes,,,,2026-08-31 08:30:47.435871,QUALIFIED,2026-04-07 17:00:00.000000,REGIONAL CENTRE FOR BIOTE,4411760.0,True,1,15.299784487444017,30.0,0.0,0.0,0.0,0,0.0,15.0,0.0,0.0,1,0,0,0,0,0.0,0
GEM/2026/B/7252146,532,Lost,0,outcome_labels_review_xlsx,,,GRID CONTROLLER OF,Grid Controller Of India Limited,,2026-04-08 11:00:00,2026-04-08 11:00:00,180.0,,,30000.0,Yes,,0.0,39.0,No,,No,,No,,,Yes,,,,2026-08-31 08:30:25.341912,QUALIFIED,2026-04-08 11:00:00.000000,GRID CONTROLLER OF,4411760.0,True,1,15.299784487444017,180.0,30000.0,10.308985993422082,0.00014361900749691218,0,0.0,39.0,0.0,0.0,1,0,0,0,0,0.0,0
GEM/2026/B/7392251,574,Lost,0,outcome_labels_review_xlsx,,,HAL,Department Of Defence Production,,2026-04-08 21:00:00,2026-04-08 21:00:00,120.0,,,40000.0,Yes,,0.0,,No,,No,,No,,,No,,,,2026-08-31 08:30:51.206279,QUALIFIED,2026-04-08 21:00:00.000000,HAL,5398205.0,True,1,15.501577234114253,120.0,40000.0,10.596659732783579,0.00019149200999588292,0,0.0,0.0,0.0,0.0,0,0,0,0,0,0.14705882352941177,1
GEM/2026/B/7376855,567,Lost,0,outcome_labels_review_xlsx,,,GAIL,Gail India Limited,,2026-04-10 15:00:00,2026-04-10 15:00:00,90.0,,,30150.0,Yes,,0.0,24.0,No,,No,,No,,,No,,,,2026-08-31 08:30:46.255861,QUALIFIED,2026-04-10 15:00:00.000000,GAIL,4411760.0,True,1,15.299784487444017,90.0,30150.0,10.313973369101156,0.00014433710253439674,0,0.0,24.0,0.0,0.0,0,0,0,0,1,0.38235294117647056,1
GEM/2026/B/7385358,572,Lost,0,outcome_labels_review_xlsx,,,BHARAT COKING COAL,Coal India Limited,,2026-04-14 11:00:00,2026-04-14 11:00:00,105.0,,,47680.0,Yes,,0.0,3.0,No,,No,,No,,,Yes,,,,2026-08-31 08:30:49.788751,QUALIFIED,2026-04-14 11:00:00.000000,BHARAT COKING COAL,4411760.0,True,1,15.299784487444017,105.0,47680.0,10.77228827467366,0.00022825847591509245,0,0.0,3.0,0.0,0.0,1,0,0,0,0,0.0,0
GEM/2026/B/7416872,582,Lost,0,outcome_labels_review_xlsx,,,RAILWAYS,Indian Railways,,2026-04-15 11:00:00,2026-04-15 11:00:00,90.0,,,,No,,0.0,,No,,No,,No,,,Yes,,,,2026-08-31 08:30:55.317440,QUALIFIED,2026-04-15 11:00:00.000000,RAILWAYS,45178264.0,True,1,17.626126666318992,90.0,0.0,0.0,0.0,0,0.0,0.0,0.0,0.0,1,0,0,0,0,0.08333333333333333,1
GEM/2026/B/7406421,578,Lost,0,outcome_labels_review_xlsx,,,NMDC STEEL,Nmdc Steel Limited,,2026-04-16 14:00:00,2026-04-16 14:00:00,120.0,,,12320.0,Yes,,0.0,,No,,No,,No,,,No,Yes,,,2026-08-31 08:30:52.535394,QUALIFIED,2026-04-16 14:00:00.000000,NMDC STEEL,4411760.0,True,1,15.299784487444017,120.0,12320.0,9.419060402624668,5.897953907873194e-05,0,0.0,0.0,0.0,0.0,0,1,0,0,0,0.0,0
GEM/2026/B/7383132,569,Lost,0,outcome_labels_review_xlsx,,,RAILWAYS,Indian Railways,,2026-04-20 18:00:00,2026-04-20 18:00:00,180.0,,,25600.0,Yes,,0.0,,No,,No,,No,,,Yes,,,,2026-08-31 08:30:46.417585,QUALIFIED,2026-04-20 18:00:00.000000,RAILWAYS,45178264.0,True,1,17.626126666318992,180.0,25600.0,10.150386692204734,0.00012255488639736507,0,0.0,0.0,0.0,0.0,1,0,0,0,0,0.07692307692307693,1
GEM/2026/B/7430373,586,Lost,0,outcome_labels_review_xlsx,,,IOCL,Department Of Fertilizers,,2026-04-20 18:00:00,2026-04-20 18:00:00,90.0,,,35408.0,Yes,100000000.0,0.0,19.0,No,,No,,No,,,No,Yes,,,2026-08-31 08:31:01.137969,QUALIFIED,2026-04-20 18:00:00.000000,IOCL,1997657.14,True,1,14.507486122450072,90.0,35408.0,10.474721304097178,0.00016950872724835558,1,0.4787300249897073,19.0,0.0,0.0,0,1,0,0,1,0.2631578947368421,1
GEM/2026/B/7436131,587,Lost,0,outcome_labels_review_xlsx,,,INTEGRAL COACH FACTORY,Indian Railways,,2026-04-21 16:00:00,2026-04-21 16:00:00,60.0,,,,No,,0.0,,No,,No,,No,,,Yes,,,,2026-08-31 08:30:57.709330,QUALIFIED,2026-04-21 16:00:00.000000,INTEGRAL COACH FACTORY,4411760.0,True,1,15.299784487444017,60.0,0.0,0.0,0.0,0,0.0,0.0,0.0,0.0,1,0,0,0,0,0.0,0
GEM/2026/B/7392197,573,Lost,0,outcome_labels_review_xlsx,,,RAILWAYS,Indian Railways,,2026-04-22 09:00:00,2026-04-22 09:00:00,90.0,,,18900.0,Yes,,0.0,32.0,No,,No,,No,,,Yes,,,,2026-08-31 08:30:50.098067,QUALIFIED,2026-04-22 09:00:00.000000,RAILWAYS,45178264.0,True,1,17.626126666318992,90.0,18900.0,9.846970109700957,9.047997472305468e-05,0,0.0,32.0,0.0,0.0,1,0,0,0,0,0.07142857142857142,1
GEM/2026/B/7225600,526,Lost,0,outcome_labels_review_xlsx,,,BSF,Central Armed Police Forces,,2026-04-23 10:00:00,2026-04-23 10:00:00,180.0,,,58950.0,Yes,100000000.0,0.0,26.0,No,,No,5.0,Yes,,,Yes,Yes,,,2026-08-31 08:30:23.315314,QUALIFIED,2026-04-23 10:00:00.000000,BSF,10599000.0,True,1,16.17627030935791,180.0,58950.0,10.984461869350051,0.00028221134973143244,1,0.4787300249897073,26.0,5.0,0.0,1,1,0,0,0,0.25,1
GEM/2026/B/7356871,559,Lost,0,outcome_labels_review_xlsx,,,INDIAN_AIR_FORCE,Department Of Military Affairs,,2026-04-23 15:00:00,2026-04-23 15:00:00,180.0,,,,No,,0.0,13.0,No,,No,,No,,,No,,,,2026-08-31 08:30:40.407905,QUALIFIED,2026-04-23 15:00:00.000000,INDIAN_AIR_FORCE,4411760.0,True,1,15.299784487444017,180.0,0.0,0.0,0.0,0,0.0,13.0,0.0,0.0,0,0,0,0,0,0.2857142857142857,1
GEM/2026/B/7402039,576,Lost,0,outcome_labels_review_xlsx,,,BSF,Central Armed Police Forces,,2026-04-28 12:00:00,2026-04-28 12:00:00,180.0,,,103500.0,Yes,100000000.0,0.0,26.0,No,,No,5.0,Yes,,,Yes,Yes,,,2026-08-31 08:30:53.823835,QUALIFIED,2026-04-28 12:00:00.000000,BSF,10599000.0,True,1,16.17627030935791,180.0,103500.0,11.547336553476635,0.000495485575864347,1,0.4787300249897073,26.0,5.0,0.0,1,1,0,0,0,0.2,1
GEM/2026/B/7418391,111,Won,1,outcome_labels_review_xlsx,,,NTPC,Na,,2026-04-28 14:00:00,2026-04-28 14:00:00,120.0,,,,No,,0.0,,No,,No,,No,,,No,,,,2026-08-31 08:24:48.019568,QUALIFIED,2026-04-28 14:00:00.000000,NTPC,4411760.0,True,1,15.299784487444017,120.0,0.0,0.0,0.0,0,0.0,0.0,0.0,0.0,0,0,0,0,1,0.0,0
GEM/2026/B/7456652,593,Lost,0,outcome_labels_review_xlsx,,,RAILWAYS,Indian Railways,,2026-04-30 13:00:00,2026-04-30 13:00:00,60.0,,,,No,,0.0,,No,,No,,No,,,Yes,,,,2026-08-31 08:30:59.673179,QUALIFIED,2026-04-30 13:00:00.000000,RAILWAYS,45178264.0,True,1,17.626126666318992,60.0,0.0,0.0,0.0,0,0.0,0.0,0.0,0.0,1,0,0,0,0,0.06666666666666667,1
GEM/2026/B/7415066,110,Won,1,outcome_labels_review_xlsx,,,GAIL,Gail India Limited,,2026-04-30 14:00:00,2026-04-30 14:00:00,90.0,,,2026.0,Yes,0.0,0.0,27.0,No,,No,5.0,Yes,,,Yes,,,,2026-08-31 08:25:30.746758,QUALIFIED,2026-04-30 14:00:00.000000,GAIL,4411760.0,True,1,15.299784487444017,90.0,2026.0,7.614312146452,9.69907030629147e-06,0,0.0,27.0,5.0,0.0,1,0,0,0,1,0.37142857142857144,1
GEM/2026/B/7361761,562,Lost,0,outcome_labels_review_xlsx,,,POWERGRID,Power Grid Corporation Of India Limited,,2026-05-01 11:00:00,2026-05-01 11:00:00,180.0,,,47000.0,Yes,,0.0,21.0,No,,No,,No,,,Yes,,,,2026-08-31 08:30:48.494284,QUALIFIED,2026-05-01 11:00:00.000000,POWERGRID,4411760.0,True,1,15.299784487444017,180.0,47000.0,10.757924157061597,0.00022500311174516243,0,0.0,21.0,0.0,0.0,1,0,0,0,0,0.29545454545454547,1
GEM/2026/B/7439958,113,Won,1,outcome_labels_review_xlsx,,,NIT,Department Of Higher Education,,2026-05-01 13:00:00,2026-05-01 13:00:00,180.0,,,180000.0,Yes,100000000.0,0.0,14.0,No,,No,,No,,,Yes,,,,2026-08-31 08:25:01.497243,QUALIFIED,2026-05-01 13:00:00.000000,NIT,4411760.0,True,1,15.299784487444017,180.0,180000.0,12.100717685412471,0.0008617140449814732,1,0.4787300249897073,14.0,0.0,0.0,1,0,0,0,0,0.0,0
GEM/2026/B/7463649,598,Lost,0,outcome_labels_review_xlsx,,,HPCL,Na,,2026-05-02 14:00:00,2026-05-02 14:00:00,120.0,,,100000000.0,Yes,100000000.0,0.0,15.0,No,,No,,No,,,No,,,,2026-08-31 08:31:05.861528,QUALIFIED,2026-05-02 14:00:00.000000,HPCL,4411760.0,True,1,15.299784487444017,120.0,100000000.0,18.420680753952364,0.4787300249897073,1,0.4787300249897073,15.0,0.0,0.0,0,0,0,0,1,0.0,0
GEM/2026/B/7456705,594,Lost,0,outcome_labels_review_xlsx,,,NTPC,Ntpc Sail Power Company Ltd,,2026-05-04 15:00:00,2026-05-04 15:00:00,120.0,,,,No,,0.0,,No,,No,,No,,,No,,,,2026-08-31 08:31:01.721338,QUALIFIED,2026-05-04 15:00:00.000000,NTPC,4411760.0,True,1,15.299784487444017,120.0,0.0,0.0,0.0,0,0.0,0.0,0.0,0.0,0,0,0,0,1,0.07692307692307693,1
GEM/2026/B/7473486,602,Lost,0,outcome_labels_review_xlsx,,,ALL  RADIO,Ministry Of Information And Broadcasting,,2026-05-04 16:00:00,2026-05-04 16:00:00,120.0,,,76013.0,Yes,100000000.0,0.0,2.0,No,,No,,No,,,Yes,Yes,,,2026-08-31 08:31:07.366051,QUALIFIED,2026-05-04 16:00:00.000000,ALL  RADIO,4411760.0,True,1,15.299784487444017,120.0,76013.0,11.238672812830108,0.0003638970538954262,1,0.4787300249897073,2.0,0.0,0.0,1,1,0,0,0,0.0,0
GEM/2026/B/7477054,606,Lost,0,outcome_labels_review_xlsx,,,AAI,Airports Authority Of India (aai),,2026-05-05 18:00:00,2026-05-05 18:00:00,90.0,,,42444.0,Yes,100000000.0,0.0,,No,,No,,No,,,No,,,,2026-08-31 08:31:11.558127,QUALIFIED,2026-05-05 18:00:00.000000,AAI,4798641.0,True,1,15.383843519182983,90.0,42444.0,10.655964399172069,0.00020319217180663136,1,0.4787300249897073,0.0,0.0,0.0,0,0,0,0,1,0.2857142857142857,1
GEM/2026/B/7439409,112,Won,1,outcome_labels_review_xlsx,,,N INSTITUTE OF ASTROPHYSI,Department Of Science And Technology (dst),,2026-05-06 11:00:00,2026-05-06 11:00:00,90.0,,,,No,,0.0,31.0,No,,No,,No,,,Yes,Yes,,,2026-08-31 08:24:55.642933,QUALIFIED,2026-05-06 11:00:00.000000,N INSTITUTE OF ASTROPHYSI,4411760.0,True,1,15.299784487444017,90.0,0.0,0.0,0.0,0,0.0,31.0,0.0,0.0,1,1,0,0,0,0.0,0
GEM/2026/B/7461802,596,Lost,0,outcome_labels_review_xlsx,,,IOCL,Indian Oil Corporation Limited,,2026-05-06 15:00:00,2026-05-06 15:00:00,180.0,,,,No,,0.0,31.0,No,,No,,No,,,Yes,,,,2026-08-31 08:31:02.413779,QUALIFIED,2026-05-06 15:00:00.000000,IOCL,1997657.14,True,1,14.507486122450072,180.0,0.0,0.0,0.0,0,0.0,31.0,0.0,0.0,1,0,0,0,1,0.25,1
GEM/2026/B/7480475,608,Lost,0,outcome_labels_review_xlsx,,,STATE BANK OF  (SBI),Department Of Financial Services,,2026-05-07 16:00:00,2026-05-07 16:00:00,30.0,,,100000000.0,Yes,100000000.0,0.0,,No,,No,,No,,,No,,,,2026-08-31 08:31:07.408191,QUALIFIED,2026-05-07 16:00:00.000000,STATE BANK OF  (SBI),4411760.0,True,1,15.299784487444017,30.0,100000000.0,18.420680753952364,0.4787300249897073,1,0.4787300249897073,0.0,0.0,0.0,0,0,0,0,0,0.0,0
GEM/2026/B/7441654,114,Won,1,outcome_labels_review_xlsx,,,,,,2026-05-07 17:00:00,2026-05-07 17:00:00,90.0,,,191704.0,Yes,100000000.0,0.0,,No,,No,,No,,,Yes,,,,2026-08-31 08:25:33.616589,QUALIFIED,2026-05-07 17:00:00.000000,UNKNOWN,4226894.0,True,1,15.256978238928124,90.0,191704.0,12.163713011114044,0.0009177446071062685,1,0.4787300249897073,0.0,0.0,0.0,1,0,0,0,0,0.21052631578947367,1
GEM/2026/B/7451571,115,Won,1,outcome_labels_review_xlsx,,,AAI,Airports Authority Of India (aai),,2026-05-08 18:00:00,2026-05-08 18:00:00,90.0,,,60000.0,Yes,100000000.0,0.0,,No,,No,,No,,,Yes,,,,2026-08-31 08:25:25.117185,QUALIFIED,2026-05-08 18:00:00.000000,AAI,4798641.0,True,1,15.383843519182983,90.0,60000.0,11.002116507732017,0.00028723801499382437,1,0.4787300249897073,0.0,0.0,0.0,1,0,0,0,1,0.25,1
GEM/2026/B/7473248,601,Lost,0,outcome_labels_review_xlsx,,,,,,2026-05-11 11:00:00,2026-05-11 11:00:00,180.0,,,85500.0,Yes,,0.0,39.0,No,,No,,No,,,Yes,,,,2026-08-31 08:31:04.073206,QUALIFIED,2026-05-11 11:00:00.000000,UNKNOWN,4226894.0,True,1,15.256978238928124,180.0,85500.0,11.356283350762888,0.00040931417136619975,0,0.0,39.0,0.0,0.0,1,0,0,0,0,0.21739130434782608,1
GEM/2026/B/7385011,571,Lost,0,outcome_labels_review_xlsx,,,ODISHA MINING ORATION  (O,Steel And Mines Department Odisha,,2026-05-14 13:00:00,2026-05-14 13:00:00,180.0,,,216000.0,Yes,,0.0,62.0,No,,No,,No,,,Yes,Yes,,,2026-08-31 08:30:47.369490,QUALIFIED,2026-05-14 13:00:00.000000,ODISHA MINING ORATION  (O,4411760.0,True,1,15.299784487444017,180.0,216000.0,12.283038316285214,0.0010340568539777678,0,0.0,62.0,0.0,0.0,1,1,0,0,0,0.0,0
GEM/2026/B/7502638,617,Lost,0,outcome_labels_review_xlsx,,,RAILWAYS,Indian Railways,,2026-05-16 11:00:00,2026-05-16 11:00:00,90.0,,,23170.0,Yes,,0.0,,No,,No,,No,,,Yes,,,,2026-08-31 08:31:12.048887,QUALIFIED,2026-05-16 11:00:00.000000,RAILWAYS,45178264.0,True,1,17.626126666318992,90.0,23170.0,10.05065677575275,0.00011092174679011518,0,0.0,0.0,0.0,0.0,1,0,0,0,0,0.0625,1
GEM/2026/B/7404959,577,Lost,0,outcome_labels_review_xlsx,,,OFFICE OF DG (MSS),Department Of Defence Research & Development,,2026-05-16 16:00:00,2026-05-16 16:00:00,180.0,,,149000.0,Yes,,0.0,41.0,No,,No,,No,,,Yes,Yes,,,2026-08-31 08:30:53.846313,QUALIFIED,2026-05-16 16:00:00.000000,OFFICE OF DG (MSS),4411760.0,True,1,15.299784487444017,180.0,149000.0,11.91170829631447,0.0007133077372346639,0,0.0,41.0,0.0,0.0,1,1,0,0,0,0.0,0
GEM/2026/B/7508122,620,Lost,0,outcome_labels_review_xlsx,,,RAILWAYS,Indian Railways,,2026-05-18 09:00:00,2026-05-18 09:00:00,90.0,,,,No,,0.0,,No,,No,,No,,,Yes,,,,2026-08-31 08:31:12.003947,QUALIFIED,2026-05-18 09:00:00.000000,RAILWAYS,45178264.0,True,1,17.626126666318992,90.0,0.0,0.0,0.0,0,0.0,0.0,0.0,0.0,1,0,0,0,0,0.058823529411764705,1
GEM/2026/B/7504426,618,Lost,0,outcome_labels_review_xlsx,,,RAILWAYS,Indian Railways,,2026-05-18 11:00:00,2026-05-18 11:00:00,60.0,,,,No,,0.0,,No,,No,,No,,,Yes,,,,2026-08-31 08:31:12.421591,QUALIFIED,2026-05-18 11:00:00.000000,RAILWAYS,45178264.0,True,1,17.626126666318992,60.0,0.0,0.0,0.0,0,0.0,0.0,0.0,0.0,1,0,0,0,0,0.05555555555555555,1
GEM/2026/B/7472686,600,Lost,0,outcome_labels_review_xlsx,,,RAILWAYS,Indian Railways,,2026-05-19 10:00:00,2026-05-19 10:00:00,60.0,,,,No,,0.0,,No,,No,,No,,,No,,,,2026-08-31 08:31:02.618475,QUALIFIED,2026-05-19 10:00:00.000000,RAILWAYS,45178264.0,True,1,17.626126666318992,60.0,0.0,0.0,0.0,0,0.0,0.0,0.0,0.0,0,0,0,0,0,0.05263157894736842,1
GEM/2026/B/7486750,611,Lost,0,outcome_labels_review_xlsx,,,,,,2026-05-21 11:00:00,2026-05-21 11:00:00,120.0,,,19000.0,Yes,,0.0,14.0,No,,No,,No,,,No,,,,2026-08-31 08:31:07.661278,QUALIFIED,2026-05-21 11:00:00.000000,UNKNOWN,4226894.0,True,1,15.256978238928124,120.0,19000.0,9.852246888342531,9.095870474804439e-05,0,0.0,14.0,0.0,0.0,0,0,0,0,0,0.21551724137931033,1
GEM/2026/B/7441042,591,Lost,0,outcome_labels_review_xlsx,,,"DIRECTOR,HEALTH SERVICES,",Health And Family Welfare Department Odisha,,2026-05-22 16:00:00,2026-05-22 16:00:00,180.0,,,235000.0,Yes,,0.0,26.0,No,,No,,No,,,Yes,Yes,,,2026-08-31 08:30:59.621604,QUALIFIED,2026-05-22 16:00:00.000000,"DIRECTOR,HEALTH SERVICES,",4411760.0,True,1,15.299784487444017,180.0,235000.0,12.367345048436391,0.0011250155587258122,0,0.0,26.0,0.0,0.0,1,1,0,0,0,0.0,0
GEM/2026/B/7502555,118,Won,1,outcome_labels_review_xlsx,,,AAI,Airports Authority Of India (aai),,2026-05-26 12:00:00,2026-05-26 12:00:00,90.0,,,49563.0,Yes,500000.0,0.0,,No,,No,,No,,,Yes,,,,2026-08-31 08:25:27.666593,QUALIFIED,2026-05-26 12:00:00.000000,AAI,4798641.0,True,1,15.383843519182983,90.0,49563.0,10.811020042736384,0.00023727296228564864,1,0.0023936501249485365,0.0,0.0,0.0,1,0,0,0,1,0.3333333333333333,1
GEM/2026/B/7519376,622,Lost,0,outcome_labels_review_xlsx,,,AAI,Airports Authority Of India (aai),,2026-05-29 16:00:00,2026-05-29 16:00:00,90.0,,,125012.0,Yes,100000000.0,0.0,,No,,No,,No,,,Yes,,,,2026-08-31 08:31:18.865839,QUALIFIED,2026-05-29 16:00:00.000000,AAI,4798641.0,True,1,15.383843519182983,90.0,125012.0,11.736173010876813,0.0005984699788401329,1,0.4787300249897073,0.0,0.0,0.0,1,0,0,0,1,0.4,1
GEM/2026/B/7521977,623,Lost,0,outcome_labels_review_xlsx,,,,,,2026-05-30 21:00:00,2026-05-30 21:00:00,90.0,,,316607.0,Yes,,0.0,,No,,No,,No,,,No,,,,2026-08-31 08:31:17.913298,QUALIFIED,2026-05-30 21:00:00.000000,UNKNOWN,4226894.0,True,1,15.256978238928124,90.0,316607.0,12.66541969458738,0.0015156927702191627,0,0.0,0.0,0.0,0.0,0,0,0,0,0,0.21367521367521367,1
GEM/2026/B/7528599,625,Lost,0,outcome_labels_review_xlsx,,,INDIAN_AIR_FORCE,Department Of Military Affairs,,2026-06-04 11:00:00,2026-06-04 11:00:00,180.0,,,118122.0,Yes,100000000.0,0.0,14.0,No,,No,,No,,,Yes,Yes,,,2026-08-31 08:31:18.843014,QUALIFIED,2026-06-04 11:00:00.000000,INDIAN_AIR_FORCE,4411760.0,True,1,15.299784487444017,180.0,118122.0,11.679481733435779,0.000565485480118342,1,0.4787300249897073,14.0,0.0,0.0,1,1,0,0,0,0.26666666666666666,1
GEM/2026/B/7542430,628,Lost,0,outcome_labels_review_xlsx,,,NATIONAL AUTOMOTIVE BOARD,Department Of Heavy Industry,,2026-06-04 19:00:00,2026-06-04 19:00:00,180.0,,,52500.0,Yes,,0.0,18.0,No,,No,,No,,,Yes,Yes,,,2026-08-31 08:31:17.811839,QUALIFIED,2026-06-04 19:00:00.000000,NATIONAL AUTOMOTIVE BOARD,4411760.0,True,1,15.299784487444017,180.0,52500.0,10.868587496017359,0.00025133326311959633,0,0.0,18.0,0.0,0.0,1,1,0,0,0,0.0,0
GEM/2026/B/7532561,626,Lost,0,outcome_labels_review_xlsx,,,INDO TIBETAN BORDER POLIC,Central Armed Police Forces,,2026-06-05 20:00:00,2026-06-05 20:00:00,180.0,,,137625.0,Yes,,0.0,27.0,No,,No,5.0,Yes,,,Yes,Yes,,,2026-08-31 08:31:17.809017,QUALIFIED,2026-06-05 20:00:00.000000,INDO TIBETAN BORDER POLIC,4411760.0,True,1,15.299784487444017,180.0,137625.0,11.83229514012029,0.0006588521968920847,0,0.0,27.0,5.0,0.0,1,1,0,0,0,0.0,0
GEM/2026/B/7561066,634,Lost,0,outcome_labels_review_xlsx,,,INDIAN_ARMY,Department Of Military Affairs,,2026-06-05 20:00:00,2026-06-05 20:00:00,75.0,,,128000.0,Yes,100000000.0,0.0,26.0,No,,No,5.0,Yes,,,Yes,Yes,,,2026-08-31 08:31:24.457928,QUALIFIED,2026-06-05 20:00:00.000000,INDIAN_ARMY,4411760.0,True,1,15.299784487444017,75.0,128000.0,11.759793355371237,0.0006127744319868254,1,0.4787300249897073,26.0,5.0,0.0,1,1,0,0,0,0.0,0
GEM/2026/B/7549616,632,Lost,0,outcome_labels_review_xlsx,,,N BANK,Department Of Financial Services,,2026-06-06 15:00:00,2026-06-06 15:00:00,180.0,,,144000.0,Yes,100000000.0,0.0,36.0,No,,No,5.0,Yes,,,Yes,Yes,,,2026-08-31 08:31:24.060485,QUALIFIED,2026-06-06 15:00:00.000000,N BANK,4411760.0,True,1,15.299784487444017,180.0,144000.0,11.87757552297847,0.0006893712359851785,1,0.4787300249897073,36.0,5.0,0.0,1,1,0,0,0,0.0,0
GEM/2026/B/7518913,621,Lost,0,outcome_labels_review_xlsx,,,INDIAN_ARMY,Department Of Military Affairs,,2026-06-06 18:00:00,2026-06-06 18:00:00,60.0,,,85000.0,Yes,,0.0,14.0,No,,No,,No,,,Yes,Yes,,,2026-08-31 08:31:17.560669,QUALIFIED,2026-06-06 18:00:00.000000,INDIAN_ARMY,4411760.0,True,1,15.299784487444017,60.0,85000.0,11.350418300109132,0.0004069205212412512,0,0.0,14.0,0.0,0.0,1,1,0,0,0,0.0,0
GEM/2026/B/7504911,619,Lost,0,outcome_labels_review_xlsx,,,RAILWAYS,Indian Railways,,2026-06-08 11:00:00,2026-06-08 11:00:00,90.0,,,20110.0,Yes,,0.0,,No,,No,,No,,,Yes,,,,2026-08-31 08:31:13.444389,QUALIFIED,2026-06-08 11:00:00.000000,RAILWAYS,45178264.0,True,1,17.626126666318992,90.0,20110.0,9.909022208034603,9.627260802543014e-05,0,0.0,0.0,0.0,0.0,1,0,0,0,0,0.05,1
GEM/2026/B/7426610,584,Lost,0,outcome_labels_review_xlsx,,,EMPLOYEES STATE INSURANCE,Na,,2026-06-08 16:00:00,2026-06-08 16:00:00,180.0,,,49130.0,Yes,,0.0,,No,,No,,No,,,Yes,,,,2026-08-31 08:30:55.439485,QUALIFIED,2026-06-08 16:00:00.000000,EMPLOYEES STATE INSURANCE,4411760.0,True,1,15.299784487444017,180.0,49130.0,10.802245479117977,0.0002352000612774432,0,0.0,0.0,0.0,0.0,1,0,0,0,0,0.0,0
GEM/2026/B/7556348,633,Lost,0,outcome_labels_review_xlsx,,,OIL,Oil India Limited,,2026-06-09 14:00:00,2026-06-09 14:00:00,90.0,,,,No,,0.0,39.0,No,,No,,No,,,No,,,,2026-08-31 08:31:22.323839,QUALIFIED,2026-06-09 14:00:00.000000,OIL,4411760.0,True,1,15.299784487444017,90.0,0.0,0.0,0.0,0,0.0,39.0,0.0,0.0,0,0,0,0,0,0.5,1
GEM/2026/B/7564900,635,Lost,0,outcome_labels_review_xlsx,,,RASHTRIYA CHEMICALS AND F,Department Of Fertilizers,,2026-06-10 17:00:00,2026-06-10 17:00:00,90.0,,,,No,,0.0,20.0,No,,No,,No,,,No,,,,2026-08-31 08:31:23.257932,QUALIFIED,2026-06-10 17:00:00.000000,RASHTRIYA CHEMICALS AND F,4411760.0,True,1,15.299784487444017,90.0,0.0,0.0,0.0,0,0.0,20.0,0.0,0.0,0,0,0,0,0,0.0,0
GEM/2026/B/7547799,631,Lost,0,outcome_labels_review_xlsx,,,INDIAN_ARMY,Department Of Military Affairs,,2026-06-10 19:00:00,2026-06-10 19:00:00,90.0,,,55000.0,Yes,100000000.0,0.0,36.0,No,,No,,No,,,Yes,Yes,,,2026-08-31 08:31:23.790665,QUALIFIED,2026-06-10 19:00:00.000000,INDIAN_ARMY,4411760.0,True,1,15.299784487444017,90.0,55000.0,10.915106645867503,0.000263301513744339,1,0.4787300249897073,36.0,0.0,0.0,1,1,0,0,0,0.0,0
GEM/2026/B/7408092,579,Lost,0,outcome_labels_review_xlsx,,,NATIONAL CRIME RECORDS BU,Department Of States,,2026-06-11 11:00:00,2026-06-11 11:00:00,120.0,,,19519.0,Yes,100000000.0,0.0,26.0,No,,No,,No,,,Yes,Yes,,,2026-08-31 08:30:53.402236,QUALIFIED,2026-06-11 11:00:00.000000,NATIONAL CRIME RECORDS BU,4411760.0,True,1,15.299784487444017,120.0,19519.0,9.879194859967084,9.344331357774097e-05,1,0.4787300249897073,26.0,0.0,0.0,1,1,0,0,0,0.0,0
GEM/2026/B/7602006,638,Lost,0,outcome_labels_review_xlsx,,,INDIAN_ARMY,Department Of Military Affairs,,2026-06-16 13:00:00,2026-06-16 13:00:00,90.0,,,55438.0,Yes,100000000.0,0.0,26.0,No,,No,,No,,,Yes,Yes,,,2026-08-31 08:31:24.464243,QUALIFIED,2026-06-16 13:00:00.000000,INDIAN_ARMY,4411760.0,True,1,15.299784487444017,90.0,55438.0,10.92303859618307,0.0002653983512537939,1,0.4787300249897073,26.0,0.0,0.0,1,1,0,0,0,0.0,0
GEM/2026/B/7626870,121,Won,1,outcome_labels_review_xlsx,,,NTPC,Ntpc Sail Power Company Ltd,,2026-06-16 14:00:00,2026-06-16 14:00:00,90.0,,,,No,,0.0,,No,,No,,No,,,Yes,,,,2026-08-31 08:25:48.946461,QUALIFIED,2026-06-16 14:00:00.000000,NTPC,4411760.0,True,1,15.299784487444017,90.0,0.0,0.0,0.0,0,0.0,0.0,0.0,0.0,1,0,0,0,1,0.07142857142857142,1
GEM/2026/B/7625322,640,Lost,0,outcome_labels_review_xlsx,,,OFFICE OF DG ( MED & COS),Department Of Defence Research & Development,,2026-06-17 16:00:00,2026-06-17 16:00:00,180.0,,,35000.0,Yes,,0.0,,No,,No,,No,,,Yes,Yes,,,2026-08-31 08:31:25.945609,QUALIFIED,2026-06-17 16:00:00.000000,OFFICE OF DG ( MED & COS),4411760.0,True,1,15.299784487444017,180.0,35000.0,10.463131911491967,0.00016755550874639755,0,0.0,0.0,0.0,0.0,1,1,0,0,0,0.0,0
GEM/2026/B/7552760,119,Won,1,outcome_labels_review_xlsx,,,INSTITUTE OF LIVER AND BI,Health And Family Welfare Department Delhi,,2026-06-20 11:00:00,2026-06-20 11:00:00,180.0,,,357000.0,Yes,,0.0,14.0,No,,No,,No,,,Yes,Yes,,,2026-08-31 08:25:22.055018,QUALIFIED,2026-06-20 11:00:00.000000,INSTITUTE OF LIVER AND BI,4411760.0,True,1,15.299784487444017,180.0,357000.0,12.785493861878301,0.001709066189213255,0,0.0,14.0,0.0,0.0,1,1,0,0,0,0.0,0
GEM/2026/B/7677100,645,Lost,0,outcome_labels_review_xlsx,,,RAILWAYS,Indian Railways,,2026-06-29 10:00:00,2026-06-29 10:00:00,120.0,,,,No,,0.0,,No,,No,,No,,,No,,,,2026-08-31 08:31:27.553006,QUALIFIED,2026-06-29 10:00:00.000000,RAILWAYS,45178264.0,True,1,17.626126666318992,120.0,0.0,0.0,0.0,0,0.0,0.0,0.0,0.0,0,0,0,0,0,0.047619047619047616,1
GEM/2026/B/7763054,123,Won,1,outcome_labels_review_xlsx,,,INDIAN_AIR_FORCE,Department Of Military Affairs,,2026-07-20 10:00:00,2026-07-20 10:00:00,180.0,,,,No,,0.0,,No,,No,,No,,,No,Yes,,,2026-08-31 08:25:14.359262,QUALIFIED,2026-07-20 10:00:00.000000,INDIAN_AIR_FORCE,4411760.0,True,1,15.299784487444017,180.0,0.0,0.0,0.0,0,0.0,0.0,0.0,0.0,0,1,0,0,0,0.25,1
GEM/2026/B/7697351,648,Lost,0,outcome_labels_review_xlsx,,,NHPC,Na,,2026-07-24 17:00:00,2026-07-24 17:00:00,120.0,,,26000.0,Yes,100000000.0,0.0,,No,,No,,No,,,No,,,,2026-08-31 08:31:29.220910,QUALIFIED,2026-07-24 17:00:00.000000,NHPC,4411760.0,True,1,15.299784487444017,120.0,26000.0,10.165890277802454,0.0001244698064973239,1,0.4787300249897073,0.0,0.0,0.0,0,0,0,0,0,0.0,0
GEM/2026/B/7788328,654,Lost,0,outcome_labels_review_xlsx,,,BHARAT ELECTRONICS  (BEL),Department Of Defence Production,,2026-08-05 16:00:00,2026-08-05 16:00:00,90.0,,,,No,,0.0,39.0,No,,No,,No,,,Yes,Yes,,,2026-08-31 08:31:31.823637,QUALIFIED,2026-08-05 16:00:00.000000,BHARAT ELECTRONICS  (BEL),4411760.0,True,1,15.299784487444017,90.0,0.0,0.0,0.0,0,0.0,39.0,0.0,0.0,1,1,0,0,0,0.0,0
GEM/2026/B/7816670,655,Lost,0,outcome_labels_review_xlsx,,,IIT,Department Of Higher Education,,2026-08-11 18:00:00,2026-08-11 18:00:00,90.0,,,55915.0,Yes,100000000.0,0.0,18.0,No,,No,,No,,,Yes,,,,2026-08-31 08:31:33.537954,QUALIFIED,2026-08-11 18:00:00.000000,IIT,4411760.0,True,1,15.299784487444017,90.0,55915.0,10.931605843591019,0.00026768189347299484,1,0.4787300249897073,18.0,0.0,0.0,1,0,0,0,0,0.0,0
GEM/2026/B/7785938,653,Lost,0,outcome_labels_review_xlsx,,,NATIONAL ALUMINIUM COMPAN,Materials,,2026-08-22 09:00:00,2026-08-22 09:00:00,120.0,,,,No,,0.0,14.0,No,,No,,No,,,Yes,Yes,,,2026-08-31 08:31:32.014299,QUALIFIED,2026-08-22 09:00:00.000000,NATIONAL ALUMINIUM COMPAN,4411760.0,True,1,15.299784487444017,120.0,0.0,0.0,0.0,0,0.0,14.0,0.0,0.0,1,1,0,0,0,0.5,1
0326D0043A,2,Won,1,outcome_labels_review_xlsx,,,HAL,HAL,,,,,53057129.0,,,No,,0.0,,No,,No,,No,,45.0,No,,,,2026-08-31 08:15:52.887550,QUALIFIED,2026-08-31 08:15:52.887550,HAL,53057129.0,False,0,17.786879815501205,120.0,0.0,0.0,0.0,0,0.0,0.0,0.0,45.0,0,0,0,0,0,0.14492753623188406,1
2025_ONGC_257559_1,12,Won,1,outcome_labels_review_xlsx,,,,,,,,,1.0,,,No,,0.0,,No,,No,,No,,,No,,,,2026-08-31 08:22:10.430406,QUALIFIED,2026-08-31 08:22:10.430406,UNKNOWN,4226894.0,True,1,15.256978238928124,120.0,0.0,0.0,0.0,0,0.0,0.0,0.0,0.0,0,0,0,0,0,0.211864406779661,1
2024_IPGCL_266724_1,6,Won,1,outcome_labels_review_xlsx,,,,,,,,,1.0,,,No,,0.0,,No,,No,,No,,,No,,,,2026-08-31 08:22:10.540913,QUALIFIED,2026-08-31 08:22:10.540913,UNKNOWN,4226894.0,True,1,15.256978238928124,120.0,0.0,0.0,0.0,0,0.0,0.0,0.0,0.0,0,0,0,0,0,0.2184873949579832,1
130118,4,Won,1,outcome_labels_review_xlsx,,,,,,,,,1.0,,,No,,0.0,,No,,No,,No,,,No,,,,2026-08-31 08:22:10.588727,QUALIFIED,2026-08-31 08:22:10.588727,UNKNOWN,4226894.0,True,1,15.256978238928124,120.0,0.0,0.0,0.0,0,0.0,0.0,0.0,0.0,0,0,0,0,0,0.225,1
2025_NTPC_98145_1,11,Won,1,outcome_labels_review_xlsx,,,,,,,,,,,,No,,0.0,,No,,No,,No,,,No,,,,2026-08-31 08:22:14.344714,QUALIFIED,2026-08-31 08:22:14.344714,UNKNOWN,4226894.0,True,1,15.256978238928124,120.0,0.0,0.0,0.0,0,0.0,0.0,0.0,0.0,0,0,0,0,0,0.23140495867768596,1
2026_CRIS_ELECT_01,16,Won,1,outcome_labels_review_xlsx,,,CRIS,CRIS,,,,,,,,No,,0.0,,No,,No,,No,,,No,,,,2026-08-31 08:22:15.950841,QUALIFIED,2026-08-31 08:22:15.950841,CRIS,137300.0,True,1,11.829930875050733,120.0,0.0,0.0,0.0,0,0.0,0.0,0.0,0.0,0,0,0,0,0,0.0,0
AC PURCHASE NOTE 2026-27,19,Won,1,outcome_labels_review_xlsx,,,,,,,,,1.0,,,No,,0.0,,No,,No,,No,,,No,,,,2026-08-31 08:22:17.730918,QUALIFIED,2026-08-31 08:22:17.730918,UNKNOWN,4226894.0,True,1,15.256978238928124,120.0,0.0,0.0,0.0,0,0.0,0.0,0.0,0.0,0,0,0,0,0,0.23770491803278687,1
Air HQ/CMC/99822/12/07/AFBBS,20,Won,1,outcome_labels_review_xlsx,,,,,,,,,1.0,,,No,,0.0,,No,,No,,No,,,No,,,,2026-08-31 08:22:18.964899,QUALIFIED,2026-08-31 08:22:18.964899,UNKNOWN,4226894.0,True,1,15.256978238928124,120.0,0.0,0.0,0.0,0,0.0,0.0,0.0,0.0,0,0,0,0,0,0.24390243902439024,1
02252518B,3,Won,1,outcome_labels_review_xlsx,,,RAILWAYS,RAILWAYS,,,,,45178264.0,,88320.0,Yes,,0.0,,No,,No,,No,,60.0,No,,,,2026-08-31 08:22:21.848144,QUALIFIED,2026-08-31 08:22:21.848144,RAILWAYS,45178264.0,False,0,17.626126666318992,120.0,88320.0,11.388733183910592,0.0004228143580709095,0,0.0,0.0,0.0,60.0,0,0,0,0,0,0.045454545454545456,1
2025_CRIS_ELECT_11,9,Won,1,outcome_labels_review_xlsx,,,CRIS,CRIS,,,,,137300.0,,137300.0,Yes,,0.0,,No,,No,,No,,,No,,,,2026-08-31 08:22:21.939950,QUALIFIED,2026-08-31 08:22:21.939950,CRIS,137300.0,False,0,11.829930875050733,120.0,137300.0,11.829930875050733,0.0006572963243108681,0,0.0,0.0,0.0,0.0,0,0,0,0,0,0.25,1
56256192A,17,Won,1,outcome_labels_review_xlsx,,,HAL,HAL,,,,,45178264.0,,58880.0,Yes,,0.0,,No,,No,,No,,,No,,,,2026-08-31 08:22:22.322774,QUALIFIED,2026-08-31 08:22:22.322774,HAL,45178264.0,False,0,17.626126666318992,120.0,58880.0,10.983273736954189,0.00028187623871393964,0,0.0,0.0,0.0,0.0,0,0,0,0,0,0.15714285714285714,1
2025_AAI_248919_1,7,Won,1,outcome_labels_review_xlsx,,,AAI,AAI,,,,,1.0,,137453.0,Yes,1621940.0,0.0,,No,,No,,No,,,No,,,,2026-08-31 08:22:22.620582,QUALIFIED,2026-08-31 08:22:22.620582,AAI,4798641.0,True,1,15.383843519182983,120.0,137453.0,11.831044594661403,0.0006580287812491024,1,0.007764713767318058,0.0,0.0,0.0,0,0,0,0,1,0.36363636363636365,1
95265099,18,Won,1,outcome_labels_review_xlsx,,,HAL,HAL,,,,,508300290030.0,,57820.0,Yes,,0.0,,No,,No,,No,,60.0,No,,,,2026-08-31 08:22:23.105992,QUALIFIED,2026-08-31 08:22:23.105992,HAL,5398205.0,True,1,15.501577234114253,120.0,57820.0,10.965107310474394,0.0002768017004490488,0,0.0,0.0,0.0,60.0,0,0,0,0,0,0.16901408450704225,1
2026_AAI_267728_1,15,Won,1,outcome_labels_review_xlsx,,,AAI,AAI,,,,,3356719.0,,100702.0,Yes,,0.0,,No,,No,,No,,,No,,,,2026-08-31 08:22:24.950840,QUALIFIED,2026-08-31 08:22:24.950840,AAI,3356719.0,False,0,15.02647486467896,120.0,100702.0,11.519930869722678,0.000482090709765135,0,0.0,0.0,0.0,0.0,0,0,0,0,1,0.4166666666666667,1
19265155,5,Won,1,outcome_labels_review_xlsx,,,HAL,HAL,,,,,451786911739.0,,42610.0,Yes,,0.0,,No,,No,,No,,60.0,No,,,,2026-08-31 08:22:26.632504,QUALIFIED,2026-08-31 08:22:26.632504,HAL,5398205.0,True,1,15.501577234114253,120.0,42610.0,10.659867714887898,0.00020398686364811428,0,0.0,0.0,0.0,60.0,0,0,0,0,0,0.18055555555555555,1
CMG/ISRO-HQ/AC/AMC/03/P/DEL/2025-26,21,Won,1,outcome_labels_review_xlsx,,,ISRO,ISRO,,,,,17.47,,34940.0,Yes,,0.0,,No,,No,,No,,,No,,,,2026-08-31 08:22:27.905358,QUALIFIED,2026-08-31 08:22:27.905358,ISRO,4411760.0,True,1,15.299784487444017,120.0,34940.0,10.461416203770762,0.00016726827073140372,0,0.0,0.0,0.0,0.0,0,0,0,0,0,0.0,0
2025_AAI_251587_1,8,Won,1,outcome_labels_review_xlsx,,,AAI,AAI,,,,,1.0,,60859.0,Yes,718140.0,0.0,,No,,No,,No,,,No,,,,2026-08-31 08:22:28.088587,QUALIFIED,2026-08-31 08:22:28.088587,AAI,4798641.0,True,1,15.383843519182983,120.0,60859.0,11.016331423450962,0.00029135030590848594,1,0.003437951801461084,0.0,0.0,0.0,0,0,0,0,1,0.46153846153846156,1
2025_UPTCL_1060055_1,13,Won,1,outcome_labels_review_xlsx,,,,,,,,,1.0,,100.0,Yes,32.0,0.0,,No,,No,,No,,,No,,,,2026-08-31 08:22:40.671923,QUALIFIED,2026-08-31 08:22:40.671923,UNKNOWN,4226894.0,True,1,15.256978238928124,120.0,100.0,4.61512051684126,4.787300249897073e-07,1,1.5319360799670633e-07,0.0,0.0,0.0,0,0,0,0,0,0.25,1
2026_AAI_262791_1,14,Won,1,outcome_labels_review_xlsx,,,,,,,,,1961.0,,201810.0,Yes,2381000.0,0.0,,No,,No,,No,,2.0,No,,,,2026-08-31 08:22:50.914057,QUALIFIED,2026-08-31 08:22:50.914057,UNKNOWN,4226894.0,True,1,15.256978238928124,120.0,201810.0,12.215086894831325,0.0009661250634317283,1,0.011398561895004931,0.0,0.0,2.0,0,0,0,0,0,0.256,1
GGB/02,124,Won,1,outcome_labels_review_xlsx,,,,,,,,,1.0,,,No,,0.0,,No,,No,,No,,,No,,,,2026-08-31 08:25:14.327980,QUALIFIED,2026-08-31 08:25:14.327980,UNKNOWN,4226894.0,True,1,15.256978238928124,120.0,0.0,0.0,0.0,0,0.0,0.0,0.0,0.0,0,0,0,0,0,0.2619047619047619,1
HAL-ADL/CWA-25AC/2,125,Won,1,outcome_labels_review_xlsx,,,HAL,HAL,,,,90.0,4246829.44,,,No,10000000.0,0.0,,No,,No,,No,,90.0,No,,,,2026-08-31 08:25:15.826644,QUALIFIED,2026-08-31 08:25:15.826644,HAL,4246829.44,False,0,15.261683483845703,90.0,0.0,0.0,0.0,1,0.04787300249897073,0.0,0.0,90.0,0,0,0,0,0,0.1917808219178082,1
RVU2425GLOB01712,127,Won,1,outcome_labels_review_xlsx,,,,,,,,,1.0,,,No,,0.0,,No,,No,,No,,,No,,,,2026-08-31 08:25:16.761482,QUALIFIED,2026-08-31 08:25:16.761482,UNKNOWN,4226894.0,True,1,15.256978238928124,120.0,0.0,0.0,0.0,0,0.0,0.0,0.0,0.0,0,0,0,0,0,0.2677165354330709,1
01/2026-27,134,Lost,0,outcome_labels_review_xlsx,,,HAL,HAL,,,,,1.0,,,No,,0.0,,No,,No,,No,,,No,,,,2026-08-31 08:25:27.709990,QUALIFIED,2026-08-31 08:25:27.709990,HAL,5398205.0,True,1,15.501577234114253,120.0,0.0,0.0,0.0,0,0.0,0.0,0.0,0.0,0,0,0,0,0,0.20270270270270271,1
02265013,136,Lost,0,outcome_labels_review_xlsx,,,HAL,HAL,,,,,,,,No,,0.0,,No,,No,,No,,,No,,,,2026-08-31 08:25:30.203974,QUALIFIED,2026-08-31 08:25:30.203974,HAL,5398205.0,True,1,15.501577234114253,120.0,0.0,0.0,0.0,0,0.0,0.0,0.0,0.0,0,0,0,0,0,0.2,1
02/SEE/NGP/CCW/NIT/2026-27,135,Lost,0,outcome_labels_review_xlsx,,,HAL,HAL,,,,,10.0,,,No,,0.0,,No,,No,,No,,,No,,,,2026-08-31 08:25:30.539805,QUALIFIED,2026-08-31 08:25:30.539805,HAL,5398205.0,True,1,15.501577234114253,120.0,0.0,0.0,0.0,0,0.0,0.0,0.0,0.0,0,0,0,0,0,0.19736842105263158,1
07-01/EITC/Tr-403/456,138,Lost,0,outcome_labels_review_xlsx,,,,,,,,,1.0,,,No,,0.0,,No,,No,,No,,,No,,,,2026-08-31 08:25:31.053470,QUALIFIED,2026-08-31 08:25:31.053470,UNKNOWN,4226894.0,True,1,15.256978238928124,120.0,0.0,0.0,0.0,0,0.0,0.0,0.0,0.0,0,0,0,0,0,0.2734375,1
New Delhi/ GK /25-26,126,Won,1,outcome_labels_review_xlsx,,,,,,,,,1.0,,40000.0,Yes,,0.0,,No,,No,,No,,,No,,,,2026-08-31 08:25:32.356704,QUALIFIED,2026-08-31 08:25:32.356704,UNKNOWN,4226894.0,True,1,15.256978238928124,120.0,40000.0,10.596659732783579,0.00019149200999588292,0,0.0,0.0,0.0,0.0,0,0,0,0,0,0.2713178294573643,1
09/NIT/SEE/CCE/NGP/2025-26,140,Lost,0,outcome_labels_review_xlsx,,,HAL,HAL,,,,,10.0,,,No,,0.0,,No,,No,,No,,,No,,,,2026-08-31 08:25:33.017807,QUALIFIED,2026-08-31 08:25:33.017807,HAL,5398205.0,True,1,15.501577234114253,120.0,0.0,0.0,0.0,0,0.0,0.0,0.0,0.0,0,0,0,0,0,0.19480519480519481,1
03/NIT/SEE/CCW/NGP/2026-27,137,Lost,0,outcome_labels_review_xlsx,,,HAL,HAL,,,,,10.0,,,No,,0.0,,No,,No,,No,,,No,,,,2026-08-31 08:25:33.241548,QUALIFIED,2026-08-31 08:25:33.241548,HAL,5398205.0,True,1,15.501577234114253,120.0,0.0,0.0,0.0,0,0.0,0.0,0.0,0.0,0,0,0,0,0,0.19230769230769232,1
08245531A,139,Lost,0,outcome_labels_review_xlsx,,,,,,,,,1.0,,,No,,0.0,,No,,No,,No,,,No,,,,2026-08-31 08:25:35.157120,QUALIFIED,2026-08-31 08:25:35.157120,UNKNOWN,4226894.0,True,1,15.256978238928124,120.0,0.0,0.0,0.0,0,0.0,0.0,0.0,0.0,0,0,0,0,0,0.27692307692307694,1
1000013712,141,Lost,0,outcome_labels_review_xlsx,,,,,,,,,1.0,,,No,,0.0,,No,,No,,No,,,No,,,,2026-08-31 08:25:35.709492,QUALIFIED,2026-08-31 08:25:35.709492,UNKNOWN,4226894.0,True,1,15.256978238928124,120.0,0.0,0.0,0.0,0,0.0,0.0,0.0,0.0,0,0,0,0,0,0.2748091603053435,1
TPDDL/ENGG/ENQ/200001741/24-25,132,Won,1,outcome_labels_review_xlsx,,,,,,,,,1.0,,202000.0,Yes,10000000.0,0.0,,No,,No,,No,,15.0,No,,,,2026-08-31 08:25:36.644038,QUALIFIED,2026-08-31 08:25:36.644038,UNKNOWN,4226894.0,True,1,15.256978238928124,120.0,202000.0,12.216027926866138,0.0009670346504792088,1,0.04787300249897073,0.0,0.0,15.0,0,0,0,0,0,0.2727272727272727,1
1000439344,142,Lost,0,outcome_labels_review_xlsx,,,BPCL,BPCL,,,,,1.0,,,No,,0.0,,No,,No,,No,,,No,,,,2026-08-31 08:25:37.962823,QUALIFIED,2026-08-31 08:25:37.962823,BPCL,4411760.0,True,1,15.299784487444017,120.0,0.0,0.0,0.0,0,0.0,0.0,0.0,0.0,0,0,0,0,1,0.2222222222222222,1
2024_AEGCL_40002_1,146,Lost,0,outcome_labels_review_xlsx,,,,,,,,,1.0,,,No,,0.0,,No,,No,,No,,,No,,,,2026-08-31 08:25:38.765830,QUALIFIED,2026-08-31 08:25:38.765830,UNKNOWN,4226894.0,True,1,15.256978238928124,120.0,0.0,0.0,0.0,0,0.0,0.0,0.0,0.0,0,0,0,0,0,0.2781954887218045,1
2024_BSF_830752_1,147,Lost,0,outcome_labels_review_xlsx,,,,,,,,,1.0,,,No,,0.0,,No,,No,,No,,,No,,,,2026-08-31 08:25:39.505386,QUALIFIED,2026-08-31 08:25:39.505386,UNKNOWN,4226894.0,True,1,15.256978238928124,120.0,0.0,0.0,0.0,0,0.0,0.0,0.0,0.0,0,0,0,0,0,0.27611940298507465,1
TPCODL/CCG/1000002120/ 2024-25,130,Won,1,outcome_labels_review_xlsx,,,,,,,,,1.0,,,No,20000000.0,0.0,,No,,No,,No,,,No,,,,2026-08-31 08:25:39.571816,QUALIFIED,2026-08-31 08:25:39.571816,UNKNOWN,4226894.0,True,1,15.256978238928124,120.0,0.0,0.0,0.0,1,0.09574600499794146,0.0,0.0,0.0,0,0,0,0,0,0.2740740740740741,1
2024_BSF_830754_1,148,Lost,0,outcome_labels_review_xlsx,,,,,,,,,1.0,,,No,,0.0,,No,,No,,No,,,No,,,,2026-08-31 08:25:39.755672,QUALIFIED,2026-08-31 08:25:39.755672,UNKNOWN,4226894.0,True,1,15.256978238928124,120.0,0.0,0.0,0.0,0,0.0,0.0,0.0,0.0,0,0,0,0,0,0.27941176470588236,1
2024_BSF_832922_1,149,Lost,0,outcome_labels_review_xlsx,,,,,,,,,1.0,,,No,,0.0,,No,,No,,No,,,No,,,,2026-08-31 08:25:40.210829,QUALIFIED,2026-08-31 08:25:40.210829,UNKNOWN,4226894.0,True,1,15.256978238928124,120.0,0.0,0.0,0.0,0,0.0,0.0,0.0,0.0,0,0,0,0,0,0.2773722627737226,1
2024_ICD_41788_1,151,Lost,0,outcome_labels_review_xlsx,,,,,,,,,1.0,,,No,,0.0,,No,,No,,No,,,No,,,,2026-08-31 08:25:40.565229,QUALIFIED,2026-08-31 08:25:40.565229,UNKNOWN,4226894.0,True,1,15.256978238928124,120.0,0.0,0.0,0.0,0,0.0,0.0,0.0,0.0,0,0,0,0,0,0.2753623188405797,1
2024_OIDB_838963_1,153,Lost,0,outcome_labels_review_xlsx,,,,,,,,,1.0,,,No,,0.0,,No,,No,,No,,,No,,,,2026-08-31 08:25:41.425972,QUALIFIED,2026-08-31 08:25:41.425972,UNKNOWN,4226894.0,True,1,15.256978238928124,120.0,0.0,0.0,0.0,0,0.0,0.0,0.0,0.0,0,0,0,0,0,0.2733812949640288,1
2024_BSF_840644_1,150,Lost,0,outcome_labels_review_xlsx,,,,,,,,,1.0,,,No,,0.0,,No,,No,,No,,,No,,,,2026-08-31 08:25:41.817110,QUALIFIED,2026-08-31 08:25:41.817110,UNKNOWN,4226894.0,True,1,15.256978238928124,120.0,0.0,0.0,0.0,0,0.0,0.0,0.0,0.0,0,0,0,0,0,0.2714285714285714,1
STQ-5172,128,Won,1,outcome_labels_review_xlsx,,,HAL,HAL,,,,120.0,10.0,,100.0,Yes,,0.0,,No,,No,,No,,,No,,,,2026-08-31 08:25:45.889583,QUALIFIED,2026-08-31 08:25:45.889583,HAL,5398205.0,True,1,15.501577234114253,120.0,100.0,4.61512051684126,4.787300249897073e-07,0,0.0,0.0,0.0,0.0,0,0,0,0,0,0.189873417721519,1
2024_PDD_265098_1,154,Lost,0,outcome_labels_review_xlsx,,,,,,,,,1.0,,,No,,0.0,,No,,No,,No,,,No,,,,2026-08-31 08:25:46.148956,QUALIFIED,2026-08-31 08:25:46.148956,UNKNOWN,4226894.0,True,1,15.256978238928124,120.0,0.0,0.0,0.0,0,0.0,0.0,0.0,0.0,0,0,0,0,0,0.2695035460992908,1
2025_AAI_246253_1,157,Lost,0,outcome_labels_review_xlsx,,,AAI,AAI,,,,,1.0,,,No,,0.0,,No,,No,,No,,,No,,,,2026-08-31 08:25:46.296664,QUALIFIED,2026-08-31 08:25:46.296664,AAI,4798641.0,True,1,15.383843519182983,120.0,0.0,0.0,0.0,0,0.0,0.0,0.0,0.0,0,0,0,0,1,0.5,1
19265228,144,Lost,0,outcome_labels_review_xlsx,,,HAL,HAL,,,,,522002120024.0,,123670.0,Yes,,0.0,,No,,No,,No,,60.0,No,,,,2026-08-31 08:25:46.393252,QUALIFIED,2026-08-31 08:25:46.393252,HAL,5398205.0,True,1,15.501577234114253,120.0,123670.0,11.725380092738828,0.000592045421904771,0,0.0,0.0,0.0,60.0,0,0,0,0,0,0.2,1
2024_NTPC_93031_1,152,Lost,0,outcome_labels_review_xlsx,,,NTPC,NTPC,,,,,1.0,,50000.0,Yes,,0.0,,No,,No,,No,,,No,,,,2026-08-31 08:25:54.077210,QUALIFIED,2026-08-31 08:25:54.077210,NTPC,4411760.0,True,1,15.299784487444017,120.0,50000.0,10.819798284210286,0.00023936501249485366,0,0.0,0.0,0.0,0.0,0,0,0,0,1,0.13333333333333333,1
2025_AAI_250001_1,158,Lost,0,outcome_labels_review_xlsx,,,AAI,AAI,,,,,1.0,,38300.0,Yes,451999.99999999994,0.0,,No,,No,,No,,,No,,,,2026-08-31 08:25:54.247680,QUALIFIED,2026-08-31 08:25:54.247680,AAI,4798641.0,True,1,15.383843519182983,120.0,38300.0,10.55323128448846,0.0001833535995710579,1,0.002163859712953477,0.0,0.0,0.0,0,0,0,0,1,0.4666666666666667,1
TPDDL/ENGG/ENQ/200001896 /25-26,133,Won,1,outcome_labels_review_xlsx,,,,,,,,,1.0,,4.23,Yes,50000000.0,0.0,,No,,No,,No,,,No,,,,2026-08-31 08:25:55.601358,QUALIFIED,2026-08-31 08:25:55.601358,UNKNOWN,4226894.0,True,1,15.256978238928124,120.0,4.23,1.6544112780768316,2.0250280057064622e-08,1,0.23936501249485365,0.0,0.0,0.0,0,0,0,0,0,0.2676056338028169,1
2025_AAI_234581_1,155,Lost,0,outcome_labels_review_xlsx,,,AAI,AAI,,,,,1.0,,145031.0,Yes,1711362.0,0.0,,No,,No,,No,,,No,,,,2026-08-31 08:25:55.620168,QUALIFIED,2026-08-31 08:25:55.620168,AAI,4798641.0,True,1,15.383843519182983,120.0,145031.0,11.884709686709504,0.0006943069425428224,1,0.008192803730264354,0.0,0.0,0.0,0,0,0,0,1,0.4375,1
2025_HBC_441098_1,166,Lost,0,outcome_labels_review_xlsx,,,,,,,,,1.0,,,No,,0.0,,No,,No,,No,,,No,,,,2026-08-31 08:25:56.069560,QUALIFIED,2026-08-31 08:25:56.069560,UNKNOWN,4226894.0,True,1,15.256978238928124,120.0,0.0,0.0,0.0,0,0.0,0.0,0.0,0.0,0,0,0,0,0,0.2727272727272727,1
TPCODL/CCG/2025-26/1000008023,131,Won,1,outcome_labels_review_xlsx,,,,,,,,,1.0,,,No,20000000.0,0.0,,No,,No,,No,,,No,,,,2026-08-31 08:25:56.543994,QUALIFIED,2026-08-31 08:25:56.543994,UNKNOWN,4226894.0,True,1,15.256978238928124,120.0,0.0,0.0,0.0,1,0.09574600499794146,0.0,0.0,0.0,0,0,0,0,0,0.2708333333333333,1
2025_HBC_478698_1,167,Lost,0,outcome_labels_review_xlsx,,,,,,,,,1.0,,,No,,0.0,,No,,No,,No,,,No,,,,2026-08-31 08:25:57.249529,QUALIFIED,2026-08-31 08:25:57.249529,UNKNOWN,4226894.0,True,1,15.256978238928124,120.0,0.0,0.0,0.0,0,0.0,0.0,0.0,0.0,0,0,0,0,0,0.27586206896551724,1
2025_CHD_84132_1,165,Lost,0,outcome_labels_review_xlsx,,,,,,,,,1.0,,,No,,0.0,,No,,No,,No,,,No,,,,2026-08-31 08:25:57.455921,QUALIFIED,2026-08-31 08:25:57.455921,UNKNOWN,4226894.0,True,1,15.256978238928124,120.0,0.0,0.0,0.0,0,0.0,0.0,0.0,0.0,0,0,0,0,0,0.273972602739726,1
19265556,145,Lost,0,outcome_labels_review_xlsx,,,HAL,HAL,,,,,469076820379.0,,25670.0,Yes,,0.0,,No,,No,,No,,90.0,No,,,,2026-08-31 08:25:58.835778,QUALIFIED,2026-08-31 08:25:58.835778,HAL,5398205.0,True,1,15.501577234114253,120.0,25670.0,10.153117229086165,0.00012288999741485787,0,0.0,0.0,0.0,90.0,0,0,0,0,0,0.19753086419753085,1
2025_IAF_736481_1,170,Lost,0,outcome_labels_review_xlsx,,,,,,,,,1.0,,,No,,0.0,,No,,No,,No,,,No,,,,2026-08-31 08:25:58.918125,QUALIFIED,2026-08-31 08:25:58.918125,UNKNOWN,4226894.0,True,1,15.256978238928124,120.0,0.0,0.0,0.0,0,0.0,0.0,0.0,0.0,0,0,0,0,0,0.272108843537415,1
2025_MKVVC_463511_1,173,Lost,0,outcome_labels_review_xlsx,,,,,,,,,1.0,,,No,,0.0,,No,,No,,No,,,No,,,,2026-08-31 08:25:59.783543,QUALIFIED,2026-08-31 08:25:59.783543,UNKNOWN,4226894.0,True,1,15.256978238928124,120.0,0.0,0.0,0.0,0,0.0,0.0,0.0,0.0,0,0,0,0,0,0.2702702702702703,1
2025_MPPKV_467119_1,175,Lost,0,outcome_labels_review_xlsx,,,,,,,,,1.0,,,No,,0.0,,No,,No,,No,,,No,,,,2026-08-31 08:26:00.722743,QUALIFIED,2026-08-31 08:26:00.722743,UNKNOWN,4226894.0,True,1,15.256978238928124,120.0,0.0,0.0,0.0,0,0.0,0.0,0.0,0.0,0,0,0,0,0,0.2684563758389262,1
2025_MKVVC_465448_1,174,Lost,0,outcome_labels_review_xlsx,,,,,,,,,1.0,,,No,,0.0,,No,,No,,No,,,No,,,,2026-08-31 08:26:01.197194,QUALIFIED,2026-08-31 08:26:01.197194,UNKNOWN,4226894.0,True,1,15.256978238928124,120.0,0.0,0.0,0.0,0,0.0,0.0,0.0,0.0,0,0,0,0,0,0.26666666666666666,1
2025_NRB_887232_1,178,Lost,0,outcome_labels_review_xlsx,,,,,,,,,1.0,,,No,,0.0,,No,,No,,No,,,No,,,,2026-08-31 08:26:02.144690,QUALIFIED,2026-08-31 08:26:02.144690,UNKNOWN,4226894.0,True,1,15.256978238928124,120.0,0.0,0.0,0.0,0,0.0,0.0,0.0,0.0,0,0,0,0,0,0.26490066225165565,1
2025_BBMB_236016_1,163,Lost,0,outcome_labels_review_xlsx,,,MES,MES,,,,,1.0,,40000.0,Yes,,0.0,,No,,No,,No,,,No,,,,2026-08-31 08:26:02.353212,QUALIFIED,2026-08-31 08:26:02.353212,MES,4411760.0,True,1,15.299784487444017,120.0,40000.0,10.596659732783579,0.00019149200999588292,0,0.0,0.0,0.0,0.0,0,0,0,0,0,0.25,1
2025_NTPC_100459_1,179,Lost,0,outcome_labels_review_xlsx,,,,,,,,,1.0,,,No,,0.0,,No,,No,,No,,,No,,,,2026-08-31 08:26:02.408881,QUALIFIED,2026-08-31 08:26:02.408881,UNKNOWN,4226894.0,True,1,15.256978238928124,120.0,0.0,0.0,0.0,0,0.0,0.0,0.0,0.0,0,0,0,0,0,0.2631578947368421,1
2025_PDD_277871_1,182,Lost,0,outcome_labels_review_xlsx,,,,,,,,,1.0,,,No,,0.0,,No,,No,,No,,,No,,,,2026-08-31 08:26:04.498382,QUALIFIED,2026-08-31 08:26:04.498382,UNKNOWN,4226894.0,True,1,15.256978238928124,120.0,0.0,0.0,0.0,0,0.0,0.0,0.0,0.0,0,0,0,0,0,0.26143790849673204,1
2025_AAI_257985_1,159,Lost,0,outcome_labels_review_xlsx,,,AAI,AAI,,,,,1.0,,193.0,Yes,,0.0,,No,,No,,No,,,No,,,,2026-08-31 08:26:05.491018,QUALIFIED,2026-08-31 08:26:05.491018,AAI,4798641.0,True,1,15.383843519182983,120.0,193.0,5.267858159063328,9.239489482301351e-07,0,0.0,0.0,0.0,0.0,0,0,0,0,1,0.4117647058823529,1
2025_RRVUN_466471_1,184,Lost,0,outcome_labels_review_xlsx,,,,,,,,,1.0,,,No,,0.0,,No,,No,,No,,,No,,,,2026-08-31 08:26:07.249781,QUALIFIED,2026-08-31 08:26:07.249781,UNKNOWN,4226894.0,True,1,15.256978238928124,120.0,0.0,0.0,0.0,0,0.0,0.0,0.0,0.0,0,0,0,0,0,0.2597402597402597,1
2025_HOCL_845588_1,169,Lost,0,outcome_labels_review_xlsx,,,HAL,HAL,,,,,1.0,,18700.0,Yes,,0.0,,No,,No,,No,,,No,,,,2026-08-31 08:26:07.708670,QUALIFIED,2026-08-31 08:26:07.708670,HAL,5398205.0,True,1,15.501577234114253,120.0,18700.0,9.83633227734872,8.952251467307526e-05,0,0.0,0.0,0.0,0.0,0,0,0,0,0,0.1951219512195122,1
2025_RRVUN_44336_1,183,Lost,0,outcome_labels_review_xlsx,,,,,,,,,1.0,,,No,,0.0,,No,,No,,No,,,No,,,,2026-08-31 08:26:08.748242,QUALIFIED,2026-08-31 08:26:08.748242,UNKNOWN,4226894.0,True,1,15.256978238928124,120.0,0.0,0.0,0.0,0,0.0,0.0,0.0,0.0,0,0,0,0,0,0.25806451612903225,1
2025_IISER_887363_1,171,Lost,0,outcome_labels_review_xlsx,,,,,,,,120.0,500.0,,,No,,0.0,,No,,No,,No,,,No,,,,2026-08-31 08:26:09.245800,QUALIFIED,2026-08-31 08:26:09.245800,UNKNOWN,4226894.0,True,1,15.256978238928124,120.0,0.0,0.0,0.0,0,0.0,0.0,0.0,0.0,0,0,0,0,0,0.2564102564102564,1
2025_NTPC_96663_1,180,Lost,0,outcome_labels_review_xlsx,,,AAI,AAI,,,,,1.0,,72981.0,Yes,861177.0,0.0,,No,,No,,No,,,No,,,,2026-08-31 08:26:09.406031,QUALIFIED,2026-08-31 08:26:09.406031,AAI,4798641.0,True,1,15.383843519182983,120.0,72981.0,11.197968114383364,0.0003493819595377383,1,0.004122712867305612,0.0,0.0,0.0,0,0,0,0,1,0.3888888888888889,1
2025_RRVUN_486763_1,185,Lost,0,outcome_labels_review_xlsx,,,,,,,,,1.0,,,No,,0.0,,No,,No,,No,,,No,,,,2026-08-31 08:26:09.615075,QUALIFIED,2026-08-31 08:26:09.615075,UNKNOWN,4226894.0,True,1,15.256978238928124,120.0,0.0,0.0,0.0,0,0.0,0.0,0.0,0.0,0,0,0,0,0,0.25477707006369427,1
2025_AAI_259097_1,160,Lost,0,outcome_labels_review_xlsx,,,AAI,AAI,,,,,1.0,,193.0,Yes,,0.0,,No,,No,,No,,,No,,,,2026-08-31 08:26:10.125782,QUALIFIED,2026-08-31 08:26:10.125782,AAI,4798641.0,True,1,15.383843519182983,120.0,193.0,5.267858159063328,9.239489482301351e-07,0,0.0,0.0,0.0,0.0,0,0,0,0,1,0.3684210526315789,1
2025_AIMSJ_887015_2,162,Lost,0,outcome_labels_review_xlsx,,,,,,,,,5725000.0,,114500.0,Yes,,0.0,,No,,No,,No,,,No,,,,2026-08-31 08:26:16.891576,QUALIFIED,2026-08-31 08:26:16.891576,UNKNOWN,5725000.0,False,0,15.56035328207705,120.0,114500.0,11.648338835562747,0.0005481458786132148,0,0.0,0.0,0.0,0.0,0,0,0,0,0,0.25316455696202533,1
2025_HBC_493298_1,168,Lost,0,outcome_labels_review_xlsx,,,NTPC,NTPC,,,,,1.0,,18600.0,Yes,2022.0,0.0,,No,,No,,No,,,No,,,,2026-08-31 08:26:17.294590,QUALIFIED,2026-08-31 08:26:17.294590,NTPC,4411760.0,True,1,15.299784487444017,120.0,18600.0,9.83097062169695,8.904378464808555e-05,1,9.679921105291882e-06,0.0,0.0,0.0,0,0,0,0,1,0.125,1
2026_AAI_261302_1,191,Lost,0,outcome_labels_review_xlsx,,,,,,,,,7582767.0,,227483.0,Yes,,0.0,,No,,No,,No,,,No,,,,2026-08-31 08:26:18.026837,QUALIFIED,2026-08-31 08:26:18.026837,UNKNOWN,7582767.0,False,0,15.841388862463626,120.0,227483.0,12.334835185229565,0.0010890294227473359,0,0.0,0.0,0.0,0.0,0,0,0,0,0,0.25157232704402516,1
2025_AEGCL_46991_1,161,Lost,0,outcome_labels_review_xlsx,,,,,,,,180.0,1.0,,781001.0,Yes,3000000.0,0.0,,No,,No,,No,,,No,,,,2026-08-31 08:26:18.873491,QUALIFIED,2026-08-31 08:26:18.873491,UNKNOWN,4226894.0,True,1,15.256978238928124,180.0,781001.0,13.568332989638007,0.0037388862824698638,1,0.01436190074969122,0.0,0.0,0.0,0,0,0,0,0,0.25,1
2026_AAI_270103_1,193,Lost,0,outcome_labels_review_xlsx,,,AAI,AAI,,,,,4798641.0,,406664.0,Yes,,0.0,,No,,No,,No,,,No,,,,2026-08-31 08:26:22.989987,QUALIFIED,2026-08-31 08:26:22.989987,AAI,4798641.0,False,0,15.383843519182983,120.0,406664.0,12.915745029672276,0.0019468226688241434,0,0.0,0.0,0.0,0.0,0,0,0,0,1,0.35,1
2025_UPTCL_1025149_2,187,Lost,0,outcome_labels_review_xlsx,,,,,,,,,4153788.0,,42000.0,Yes,,0.0,,No,,No,,No,,,No,,,,2026-08-31 08:26:23.198876,QUALIFIED,2026-08-31 08:26:23.198876,UNKNOWN,4153788.0,False,0,15.239531487713093,120.0,42000.0,10.645448706505872,0.00020106661049567706,0,0.0,0.0,0.0,0.0,0,0,0,0,0,0.2484472049689441,1
2025_UPMRC_227179_1,186,Lost,0,outcome_labels_review_xlsx,,,,,,,,,1.0,,419000.0,Yes,,0.0,,No,,No,,No,,,No,,,,2026-08-31 08:26:23.776613,QUALIFIED,2026-08-31 08:26:23.776613,UNKNOWN,4226894.0,True,1,15.256978238928124,120.0,419000.0,12.945628585536271,0.0020058788047068736,0,0.0,0.0,0.0,0.0,0,0,0,0,0,0.24691358024691357,1
2025_UPTCL_1070827_1,188,Lost,0,outcome_labels_review_xlsx,,,,,,,,,1.0,,11000.0,Yes,,0.0,,No,,No,,No,,45.0,No,,,,2026-08-31 08:26:27.443565,QUALIFIED,2026-08-31 08:26:27.443565,UNKNOWN,4226894.0,True,1,15.256978238928124,120.0,11000.0,9.305741456739435,5.2660302748867805e-05,0,0.0,0.0,0.0,45.0,0,0,0,0,0,0.24539877300613497,1
2026_BSF_913644_1,199,Lost,0,outcome_labels_review_xlsx,,,BSF,BSF,,,,,10599000.0,,211980.0,Yes,,0.0,,No,,No,,No,,,No,,,,2026-08-31 08:26:27.495835,QUALIFIED,2026-08-31 08:26:27.495835,BSF,10599000.0,False,0,16.17627030935791,120.0,211980.0,12.264251926996291,0.0010148119069731815,0,0.0,0.0,0.0,0.0,0,0,0,0,0,0.16666666666666666,1
2026_AAI_275564_1,196,Lost,0,outcome_labels_review_xlsx,,,,,,,,,4714043.0,,,No,,0.0,,No,,No,,No,,,No,,,,2026-08-31 08:26:29.542398,QUALIFIED,2026-08-31 08:26:29.542398,UNKNOWN,4714043.0,False,0,15.366056696333677,120.0,0.0,0.0,0.0,0,0.0,0.0,0.0,0.0,0,0,0,0,0,0.24390243902439024,1
2025_NCSM_874784_1,177,Lost,0,outcome_labels_review_xlsx,,,,,,,,,4300000.0,,268000.0,Yes,4000000.0,0.0,,No,,No,0.5,No,,120.0,No,,,,2026-08-31 08:26:32.945416,QUALIFIED,2026-08-31 08:26:32.945416,UNKNOWN,4300000.0,False,0,15.274125813221904,120.0,268000.0,12.498745990829315,0.0012829964669724156,1,0.019149200999588292,0.0,0.5,120.0,0,0,0,0,0,0.24242424242424243,1
2025_NCSM_866466_1,176,Lost,0,outcome_labels_review_xlsx,,,,,,,,,5099919.99,,127500.0,Yes,,0.0,,No,,No,,No,,,No,,,,2026-08-31 08:26:33.628047,QUALIFIED,2026-08-31 08:26:33.628047,UNKNOWN,5099919.99,False,0,15.444735605417687,120.0,127500.0,11.755879486687116,0.0006103807818618768,0,0.0,0.0,0.0,0.0,0,0,0,0,0,0.24096385542168675,1
2025_NVVN_98240_1,181,Lost,0,outcome_labels_review_xlsx,,,NTPC,NTPC,,,,,2023.0,,,No,,0.0,,No,,No,,No,,,No,,,,2026-08-31 08:26:33.645420,QUALIFIED,2026-08-31 08:26:33.645420,NTPC,4411760.0,True,1,15.299784487444017,120.0,0.0,0.0,0.0,0,0.0,0.0,0.0,0.0,0,0,0,0,1,0.11764705882352941,1
2026_DHE_158452_1,202,Lost,0,outcome_labels_review_xlsx,,,MES,MES,,,,,1.0,,,No,,0.0,,No,,No,,No,,,No,,,,2026-08-31 08:26:34.479174,QUALIFIED,2026-08-31 08:26:34.479174,MES,4411760.0,True,1,15.299784487444017,120.0,0.0,0.0,0.0,0,0.0,0.0,0.0,0.0,0,0,0,0,0,0.2,1
2025_WRDMN_1139266_1,190,Lost,0,outcome_labels_review_xlsx,,,,,,,,60.0,976939.0,,19000.0,Yes,,0.0,,No,,No,,No,,,No,,,,2026-08-31 08:26:36.364501,QUALIFIED,2026-08-31 08:26:36.364501,UNKNOWN,976939.0,False,0,13.79218051665189,60.0,19000.0,9.852246888342531,9.095870474804439e-05,0,0.0,0.0,0.0,0.0,0,0,0,0,0,0.23952095808383234,1
2025_WRDMN_1139013_1,189,Lost,0,outcome_labels_review_xlsx,,,,,,,,60.0,977583.0,,10000.0,Yes,,0.0,,No,,No,,No,,,No,,,,2026-08-31 08:26:36.377231,QUALIFIED,2026-08-31 08:26:36.377231,UNKNOWN,977583.0,False,0,13.792839500653422,60.0,10000.0,9.210440366976517,4.787300249897073e-05,0,0.0,0.0,0.0,0.0,0,0,0,0,0,0.23809523809523808,1
2026_KPT_826389_1,206,Lost,0,outcome_labels_review_xlsx,,,,,,,,,1.0,,,No,,0.0,,No,,No,,No,,,No,,,,2026-08-31 08:26:40.071067,QUALIFIED,2026-08-31 08:26:40.071067,UNKNOWN,4226894.0,True,1,15.256978238928124,120.0,0.0,0.0,0.0,0,0.0,0.0,0.0,0.0,0,0,0,0,0,0.23668639053254437,1
2026_NTPC_104030_1,209,Lost,0,outcome_labels_review_xlsx,,,NTPC,NTPC,,,,,1.0,,,No,,0.0,,No,,No,,No,,,No,,,,2026-08-31 08:26:45.554224,QUALIFIED,2026-08-31 08:26:45.554224,NTPC,4411760.0,True,1,15.299784487444017,120.0,0.0,0.0,0.0,0,0.0,0.0,0.0,0.0,0,0,0,0,1,0.1111111111111111,1
2026_AAI_273524_1,195,Lost,0,outcome_labels_review_xlsx,,,AAI,AAI,,,,,7182896.0,,215487.0,Yes,2542745.0,0.0,,No,,No,,No,,5.0,No,,,,2026-08-31 08:26:46.569472,QUALIFIED,2026-08-31 08:26:46.569472,AAI,7182896.0,False,0,15.787213341541626,120.0,215487.0,12.280660502520746,0.0010316009689495707,1,0.012172883773924533,0.0,0.0,5.0,0,0,0,0,1,0.3333333333333333,1
2026_BSF_904581_1,198,Lost,0,outcome_labels_review_xlsx,,,,,,,,,10599000.0,,,No,,0.0,,No,,No,,No,,,No,,,,2026-08-31 08:26:48.136812,QUALIFIED,2026-08-31 08:26:48.136812,UNKNOWN,10599000.0,False,0,16.17627030935791,120.0,0.0,0.0,0.0,0,0.0,0.0,0.0,0.0,0,0,0,0,0,0.23529411764705882,1
2026_AAI_263851_1,192,Lost,0,outcome_labels_review_xlsx,,,AAI,AAI,,,,,1961.0,,69506.0,Yes,8.2,0.0,,No,,No,,No,,,No,,,,2026-08-31 08:26:48.934597,QUALIFIED,2026-08-31 08:26:48.934597,AAI,4798641.0,True,1,15.383843519182983,120.0,69506.0,11.149182745905483,0.000332746091169346,1,3.9255862049155995e-08,0.0,0.0,0.0,0,0,0,0,1,0.3181818181818182,1
2026_PDD_312061_1,210,Lost,0,outcome_labels_review_xlsx,,,HAL,HAL,,,,,1.0,,,No,,0.0,,No,,No,,No,,,No,,,,2026-08-31 08:26:49.606487,QUALIFIED,2026-08-31 08:26:49.606487,HAL,5398205.0,True,1,15.501577234114253,120.0,0.0,0.0,0.0,0,0.0,0.0,0.0,0.0,0,0,0,0,0,0.1927710843373494,1
23519 | CRFQ No. : 1000447501,212,Lost,0,outcome_labels_review_xlsx,,,HAL,HAL,,,,,1.0,,2.5,Yes,2.0,0.0,,No,,No,,No,7.0,,No,,,,2026-08-31 08:26:51.059560,QUALIFIED,2026-08-31 08:26:51.059560,HAL,5398205.0,True,1,15.501577234114253,120.0,2.5,1.252762968495368,1.1968250624742683e-08,1,9.574600499794146e-09,0.0,0.0,0.0,0,0,0,0,0,0.19047619047619047,1
25-26/G/PE/Patna/01,213,Lost,0,outcome_labels_review_xlsx,,,MES,MES,,,,,1.0,,48000.0,Yes,835215.0,0.0,,No,,No,,No,,,No,,,,2026-08-31 08:26:51.646038,QUALIFIED,2026-08-31 08:26:51.646038,MES,4411760.0,True,1,15.299784487444017,120.0,48000.0,10.778977123006351,0.0002297904119950595,1,0.003998424978217784,0.0,0.0,0.0,0,0,0,0,0,0.16666666666666666,1
77920392,217,Lost,0,outcome_labels_review_xlsx,,,,,,,,,1.0,,,No,,0.0,,No,,No,,No,,,No,,,,2026-08-31 08:26:52.389791,QUALIFIED,2026-08-31 08:26:52.389791,UNKNOWN,4226894.0,True,1,15.256978238928124,120.0,0.0,0.0,0.0,0,0.0,0.0,0.0,0.0,0,0,0,0,0,0.23391812865497075,1
81256140,218,Lost,0,outcome_labels_review_xlsx,,,HAL,HAL,,,,,501028200085.0,,,No,,0.0,,No,,No,,No,,30.0,No,,,,2026-08-31 08:26:57.086024,QUALIFIED,2026-08-31 08:26:57.086024,HAL,5398205.0,True,1,15.501577234114253,120.0,0.0,0.0,0.0,0,0.0,0.0,0.0,30.0,0,0,0,0,0,0.18823529411764706,1
2026_HBC_520122_1,205,Lost,0,outcome_labels_review_xlsx,,,,,,,,,1.0,,,No,9012000.0,0.0,,No,,No,,No,7.0,,No,,,,2026-08-31 08:26:57.499345,QUALIFIED,2026-08-31 08:26:57.499345,UNKNOWN,4226894.0,True,1,15.256978238928124,120.0,0.0,0.0,0.0,1,0.043143149852072425,0.0,0.0,0.0,0,0,0,0,0,0.23255813953488372,1
54255186B,215,Lost,0,outcome_labels_review_xlsx,,,HAL,HAL,,,,,570129940014.0,,,No,,0.0,,No,,No,,No,,60.0,No,,,,2026-08-31 08:26:57.715600,QUALIFIED,2026-08-31 08:26:57.715600,HAL,5398205.0,True,1,15.501577234114253,120.0,0.0,0.0,0.0,0,0.0,0.0,0.0,60.0,0,0,0,0,0,0.18604651162790697,1
2026_HBC_494531_1,204,Lost,0,outcome_labels_review_xlsx,,,,,,,,,1.0,,,No,9012000.0,0.0,,No,,No,,No,7.0,,No,,,,2026-08-31 08:26:57.816617,QUALIFIED,2026-08-31 08:26:57.816617,UNKNOWN,4226894.0,True,1,15.256978238928124,120.0,0.0,0.0,0.0,1,0.043143149852072425,0.0,0.0,0.0,0,0,0,0,0,0.23121387283236994,1
2026_NCSM_897903_1,207,Lost,0,outcome_labels_review_xlsx,,,HAL,HAL,,,,,1.0,,43100.0,Yes,,0.0,,No,,No,0.5,No,,,No,,,,2026-08-31 08:26:58.043555,QUALIFIED,2026-08-31 08:26:58.043555,HAL,5398205.0,True,1,15.501577234114253,120.0,43100.0,10.67130147767883,0.00020633264077056385,0,0.0,0.0,0.5,0.0,0,0,0,0,0,0.1839080459770115,1
2026_CSIR_282340_1,200,Lost,0,outcome_labels_review_xlsx,,,,,,,,,4569765.0,,,No,,0.0,,No,,No,,No,,,No,,,,2026-08-31 08:26:59.330341,QUALIFIED,2026-08-31 08:26:59.330341,UNKNOWN,4569765.0,False,0,15.334972558058348,120.0,0.0,0.0,0.0,0,0.0,0.0,0.0,0.0,0,0,0,0,0,0.22988505747126436,1
71261026,216,Lost,0,outcome_labels_review_xlsx,,,HAL,HAL,,,,,56158026.0,,,No,,0.0,,No,,No,,No,,,No,,,,2026-08-31 08:26:59.457523,QUALIFIED,2026-08-31 08:26:59.457523,HAL,56158026.0,False,0,17.843680185298314,120.0,0.0,0.0,0.0,0,0.0,0.0,0.0,0.0,0,0,0,0,0,0.18181818181818182,1
2026_AAI_273341_1,194,Lost,0,outcome_labels_review_xlsx,,,AAI,AAI,,,,,1961.0,,287696.0,Yes,3394808.0,0.0,,No,,No,,No,,,No,,,,2026-08-31 08:26:59.888778,QUALIFIED,2026-08-31 08:26:59.888778,AAI,4798641.0,True,1,15.383843519182983,120.0,287696.0,12.569663121956596,0.0013772871326943883,1,0.016251965186752582,0.0,0.0,0.0,0,0,0,0,1,0.30434782608695654,1
2026_CURAJ_898030_1,201,Lost,0,outcome_labels_review_xlsx,,,,,,,,,4315000.0,,86300.0,Yes,,0.0,,No,,No,,No,,,No,,,,2026-08-31 08:26:59.892621,QUALIFIED,2026-08-31 08:26:59.892621,UNKNOWN,4315000.0,False,0,15.277608114249349,120.0,86300.0,11.3655964644899,0.0004131440115661174,0,0.0,0.0,0.0,0.0,0,0,0,0,0,0.22857142857142856,1
AEGCL/MD/Tech-343/O&M(LAR)/2024/Battery Bank/Bid(R),224,Lost,0,outcome_labels_review_xlsx,,,,,,,,,1.0,,,No,,0.0,,No,,No,,No,,,No,,,,2026-08-31 08:26:59.917190,QUALIFIED,2026-08-31 08:26:59.917190,UNKNOWN,4226894.0,True,1,15.256978238928124,120.0,0.0,0.0,0.0,0,0.0,0.0,0.0,0.0,0,0,0,0,0,0.22727272727272727,1
AIL/EM/ACs/98,225,Lost,0,outcome_labels_review_xlsx,,,,,,,,,1.0,,,No,,0.0,,No,,No,,No,,,No,,,,2026-08-31 08:27:01.099049,QUALIFIED,2026-08-31 08:27:01.099049,UNKNOWN,4226894.0,True,1,15.256978238928124,120.0,0.0,0.0,0.0,0,0.0,0.0,0.0,0.0,0,0,0,0,0,0.22598870056497175,1
2026_ESIC_892267_1,203,Lost,0,outcome_labels_review_xlsx,,,,,,,,,6641134.0,,,No,2021.0,0.0,,No,,No,,No,,120.0,No,,,,2026-08-31 08:27:01.340402,QUALIFIED,2026-08-31 08:27:01.340402,UNKNOWN,6641134.0,False,0,15.70879344058005,120.0,0.0,0.0,0.0,1,9.675133805041985e-06,0.0,0.0,120.0,0,0,0,0,0,0.2247191011235955,1
DMRCTR13008496,230,Lost,0,outcome_labels_review_xlsx,,,CRIS,CRIS,,,,,1.0,,,No,,0.0,,No,,No,,No,,,No,,,,2026-08-31 08:27:02.442145,QUALIFIED,2026-08-31 08:27:02.442145,CRIS,137300.0,True,1,11.829930875050733,120.0,0.0,0.0,0.0,0,0.0,0.0,0.0,0.0,0,0,0,0,0,0.4,1
BHOPAL/MHX/341547327,226,Lost,0,outcome_labels_review_xlsx,,,,,,,,,1.0,,,No,,0.0,,No,,No,,No,,,No,,,,2026-08-31 08:27:03.038278,QUALIFIED,2026-08-31 08:27:03.038278,UNKNOWN,4226894.0,True,1,15.256978238928124,120.0,0.0,0.0,0.0,0,0.0,0.0,0.0,0.0,0,0,0,0,0,0.22346368715083798,1
2026_SEDC_486814_1,211,Lost,0,outcome_labels_review_xlsx,,,,,,,,,1.0,,45000.0,Yes,2022.0,0.0,,No,,No,,No,,,No,,,,2026-08-31 08:27:05.976709,QUALIFIED,2026-08-31 08:27:05.976709,UNKNOWN,4226894.0,True,1,15.256978238928124,120.0,45000.0,10.714439990727769,0.0002154285112453683,1,9.679921105291882e-06,0.0,0.0,0.0,0,0,0,0,0,0.2222222222222222,1
97265500,223,Lost,0,outcome_labels_review_xlsx,,,HAL,HAL,,,,,472200011007.0,,45760.0,Yes,,0.0,,No,,No,,No,,60.0,No,,,,2026-08-31 08:27:06.547294,QUALIFIED,2026-08-31 08:27:06.547294,HAL,5398205.0,True,1,15.501577234114253,120.0,45760.0,10.731187478961756,0.00021906685943529007,0,0.0,0.0,0.0,60.0,0,0,0,0,0,0.1797752808988764,1
82256320A,219,Lost,0,outcome_labels_review_xlsx,,,HAL,HAL,,,,,500000000.0,,,No,,0.0,,No,,No,,No,,,No,,,,2026-08-31 08:27:06.588291,QUALIFIED,2026-08-31 08:27:06.588291,HAL,500000000.0,False,0,20.030118658386467,120.0,0.0,0.0,0.0,0,0.0,0.0,0.0,0.0,0,0,0,0,0,0.17777777777777778,1
E0925O0266,233,Lost,0,outcome_labels_review_xlsx,,,HAL,HAL,,,,,1.0,,,No,,0.0,,No,,No,,No,,,No,,,,2026-08-31 08:27:07.912766,QUALIFIED,2026-08-31 08:27:07.912766,HAL,5398205.0,True,1,15.501577234114253,120.0,0.0,0.0,0.0,0,0.0,0.0,0.0,0.0,0,0,0,0,0,0.17582417582417584,1
DMRCTR13008496A,231,Lost,0,outcome_labels_review_xlsx,,,HAL,HAL,,,,,120.0,,24710.0,Yes,,0.0,,No,,No,,No,,,No,,,,2026-08-31 08:27:08.774083,QUALIFIED,2026-08-31 08:27:08.774083,HAL,5398205.0,True,1,15.501577234114253,120.0,24710.0,10.115003767609359,0.00011829418917495668,0,0.0,0.0,0.0,0.0,0,0,0,0,0,0.17391304347826086,1
94265105,221,Lost,0,outcome_labels_review_xlsx,,,HAL,HAL,,,,,10.0,,57090.0,Yes,,0.0,,No,,No,,No,,90.0,No,,,,2026-08-31 08:27:09.925699,QUALIFIED,2026-08-31 08:27:09.925699,HAL,5398205.0,True,1,15.501577234114253,120.0,57090.0,10.952401765007385,0.0002733069712666239,0,0.0,0.0,0.0,90.0,0,0,0,0,0,0.17204301075268819,1
2026_NCSM_904840_1,208,Lost,0,outcome_labels_review_xlsx,,,,,,,,,4064752.0,,1.0,Yes,,0.0,,No,,No,,No,,,No,,,,2026-08-31 08:27:10.210616,QUALIFIED,2026-08-31 08:27:10.210616,UNKNOWN,4064752.0,False,0,15.2178635365103,120.0,1.0,0.6931471805599453,4.787300249897073e-09,0,0.0,0.0,0.0,0.0,0,0,0,0,0,0.22099447513812154,1
ET-6140,235,Lost,0,outcome_labels_review_xlsx,,,,,,,,,1.0,,,No,,0.0,,No,,No,,No,,,No,,,,2026-08-31 08:27:13.646076,QUALIFIED,2026-08-31 08:27:13.646076,UNKNOWN,4226894.0,True,1,15.256978238928124,120.0,0.0,0.0,0.0,0,0.0,0.0,0.0,0.0,0,0,0,0,0,0.21978021978021978,1
EH265006A,234,Lost,0,outcome_labels_review_xlsx,,,HAL,HAL,,,,,1.0,,,No,,0.0,,No,,No,,No,,30.0,No,,,,2026-08-31 08:27:14.475179,QUALIFIED,2026-08-31 08:27:14.475179,HAL,5398205.0,True,1,15.501577234114253,120.0,0.0,0.0,0.0,0,0.0,0.0,0.0,30.0,0,0,0,0,0,0.1702127659574468,1
ETELCONBBST-377E,236,Lost,0,outcome_labels_review_xlsx,,,HAL,HAL,,,,60.0,209600.0,,209600.0,Yes,,0.0,,No,,No,,No,5.0,,No,,,,2026-08-31 08:27:18.460909,QUALIFIED,2026-08-31 08:27:18.460909,HAL,209600.0,False,0,12.252961002410009,60.0,209600.0,12.252961002410009,0.0010034181323784264,0,0.0,0.0,0.0,0.0,0,0,0,0,0,0.16842105263157894,1
DNH/ELE/TRANS/2024/01/257,232,Lost,0,outcome_labels_review_xlsx,,,,,,,,,1.0,,41500.0,Yes,,0.0,,No,,No,,No,,60.0,No,,,,2026-08-31 08:27:22.548826,QUALIFIED,2026-08-31 08:27:22.548826,UNKNOWN,4226894.0,True,1,15.256978238928124,120.0,41500.0,10.633472802314019,0.00019867296037072852,0,0.0,0.0,0.0,60.0,0,0,0,0,0,0.2185792349726776,1
97256124,222,Lost,0,outcome_labels_review_xlsx,,,HAL,HAL,,,,,45178835.0,,110.0,Yes,,0.0,,No,,No,,No,,30.0,No,,,,2026-08-31 08:27:23.738386,QUALIFIED,2026-08-31 08:27:23.738386,HAL,45178835.0,False,0,17.626139305060025,120.0,110.0,4.709530201312334,5.26603027488678e-07,0,0.0,0.0,0.0,30.0,0,0,0,0,0,0.16666666666666666,1
89/EE(E)/DED-51/NIT/2025-26,220,Lost,0,outcome_labels_review_xlsx,,,,,,,,,1962953.0,,2000000.0,Yes,,0.0,,No,,No,,No,,,No,,,,2026-08-31 08:27:30.406672,QUALIFIED,2026-08-31 08:27:30.406672,UNKNOWN,1962953.0,False,0,14.489961039463907,120.0,2000000.0,14.508658238524095,0.009574600499794146,0,0.0,0.0,0.0,0.0,0,0,0,0,0,0.21739130434782608,1
BNPM/NCB/407/2024-25,228,Lost,0,outcome_labels_review_xlsx,,,,,,,,120.0,1.0,,407.0,Yes,,0.0,,No,,No,,No,,,No,,,,2026-08-31 08:27:51.648566,QUALIFIED,2026-08-31 08:27:51.648566,UNKNOWN,4226894.0,True,1,15.256978238928124,120.0,407.0,6.0112671744041615,1.948431201708109e-06,0,0.0,0.0,0.0,0.0,0,0,0,0,0,0.21621621621621623,1
BNPM/NCB/090/2025-26,227,Lost,0,outcome_labels_review_xlsx,,,,,,,,,1.0,,120.0,Yes,,0.0,,No,,No,,No,,,No,,,,2026-08-31 08:27:53.567717,QUALIFIED,2026-08-31 08:27:53.567717,UNKNOWN,4226894.0,True,1,15.256978238928124,120.0,120.0,4.795790545596741,5.744760299876487e-07,0,0.0,0.0,0.0,0.0,0,0,0,0,0,0.21505376344086022,1
HAL-ADL/CWA-25AC/9/1,656,Lost,0,outcome_labels_review_xlsx,,,HAL,HAL,,,,90.0,5398205.0,,,No,10000000.0,0.0,,No,,No,,No,,90.0,No,,,,2026-08-31 08:31:31.990267,QUALIFIED,2026-08-31 08:31:31.990267,HAL,5398205.0,False,0,15.501577234114253,90.0,0.0,0.0,0.0,1,0.04787300249897073,0.0,0.0,90.0,0,0,0,0,0,0.16494845360824742,1
HAL/SLRDC/CE/T/25-26/4,658,Lost,0,outcome_labels_review_xlsx,,,HAL,HAL,,,,,1.0,,,No,,0.0,,No,,No,,No,,,No,,,,2026-08-31 08:31:37.313128,QUALIFIED,2026-08-31 08:31:37.313128,HAL,5398205.0,True,1,15.501577234114253,120.0,0.0,0.0,0.0,0,0.0,0.0,0.0,0.0,0,0,0,0,0,0.16326530612244897,1
IF265452,660,Lost,0,outcome_labels_review_xlsx,,,HAL,HAL,,,,,479041410010.0,,485.0,Yes,,0.0,,No,,No,,No,,60.0,No,,,,2026-08-31 08:31:38.875669,QUALIFIED,2026-08-31 08:31:38.875669,HAL,5398205.0,True,1,15.501577234114253,120.0,485.0,6.186208623900494,2.3218406212000804e-06,0,0.0,0.0,0.0,60.0,0,0,0,0,0,0.16161616161616163,1
L8257105,663,Lost,0,outcome_labels_review_xlsx,,,HAL,HAL,,,,,509000349533.0,,3100158011.0,Yes,,0.0,,No,,No,,No,,,No,,,,2026-08-31 08:31:39.137369,QUALIFIED,2026-08-31 08:31:39.137369,HAL,5398205.0,True,1,15.501577234114253,120.0,100000000.0,18.420680753952364,0.4787300249897073,0,0.0,0.0,0.0,0.0,0,0,0,0,0,0.16,1
LT256241,664,Lost,0,outcome_labels_review_xlsx,,,HAL,HAL,,,,,508312870100.0,,,No,,0.0,,No,,No,,No,,45.0,No,,,,2026-08-31 08:31:39.225841,QUALIFIED,2026-08-31 08:31:39.225841,HAL,5398205.0,True,1,15.501577234114253,120.0,0.0,0.0,0.0,0,0.0,0.0,0.0,45.0,0,0,0,0,0,0.15841584158415842,1
HO/GSAD CELL/Ductable AC/2026-27,659,Lost,0,outcome_labels_review_xlsx,,,,,,,,,1.0,,10000.0,Yes,,0.0,,No,,No,,No,,,No,,,,2026-08-31 08:31:39.993557,QUALIFIED,2026-08-31 08:31:39.993557,UNKNOWN,4226894.0,True,1,15.256978238928124,120.0,10000.0,9.210440366976517,4.787300249897073e-05,0,0.0,0.0,0.0,0.0,0,0,0,0,0,0.21390374331550802,1
IF265759,661,Lost,0,outcome_labels_review_xlsx,,,HAL,HAL,,,,,571603700012.0,,8702.0,Yes,,0.0,,No,,No,0.5,No,,45.0,No,,,,2026-08-31 08:31:40.284339,QUALIFIED,2026-08-31 08:31:40.284339,HAL,5398205.0,True,1,15.501577234114253,120.0,8702.0,9.071423072789514,4.165908677460433e-05,0,0.0,0.0,0.5,45.0,0,0,0,0,0,0.1568627450980392,1
NR2/NT/W-MISC/DOM/J01/25/01603,668,Lost,0,outcome_labels_review_xlsx,,,HAL,HAL,,,,,1.0,,,No,,0.0,,No,,No,,No,,,No,,,,2026-08-31 08:31:42.574873,QUALIFIED,2026-08-31 08:31:42.574873,HAL,5398205.0,True,1,15.501577234114253,120.0,0.0,0.0,0.0,0,0.0,0.0,0.0,0.0,0,0,0,0,0,0.1553398058252427,1
TPDDL/ENGG/ENQ/200001724/2024-25,672,Lost,0,outcome_labels_review_xlsx,,,,,,,,,1.0,,,No,,0.0,,No,,No,,No,,,No,,,,2026-08-31 08:31:43.047740,QUALIFIED,2026-08-31 08:31:43.047740,UNKNOWN,4226894.0,True,1,15.256978238928124,120.0,0.0,0.0,0.0,0,0.0,0.0,0.0,0.0,0,0,0,0,0,0.2127659574468085,1
MW/AC/228/RT1,666,Lost,0,outcome_labels_review_xlsx,,,HAL,HAL,,,,,1.0,,,No,,0.0,,No,,No,,No,,,No,,,,2026-08-31 08:31:43.317677,QUALIFIED,2026-08-31 08:31:43.317677,HAL,5398205.0,True,1,15.501577234114253,120.0,0.0,0.0,0.0,0,0.0,0.0,0.0,0.0,0,0,0,0,0,0.15384615384615385,1
LX255677A,665,Lost,0,outcome_labels_review_xlsx,,,HAL,HAL,,,,,1.0,,72570.0,Yes,,0.0,,No,,No,,No,,45.0,No,,,,2026-08-31 08:31:44.801773,QUALIFIED,2026-08-31 08:31:44.801773,HAL,5398205.0,True,1,15.501577234114253,120.0,72570.0,11.192320671976058,0.0003474143791350306,0,0.0,0.0,0.0,45.0,0,0,0,0,0,0.1523809523809524,1
HAL/HD/MT/CT/25-26/25,657,Lost,0,outcome_labels_review_xlsx,,,HAL,HAL,,,,120.0,1.0,,,No,10000000.0,0.0,,No,,No,,No,,,No,,,,2026-08-31 08:31:46.780309,QUALIFIED,2026-08-31 08:31:46.780309,HAL,5398205.0,True,1,15.501577234114253,120.0,0.0,0.0,0.0,1,0.04787300249897073,0.0,0.0,0.0,0,0,0,0,0,0.1509433962264151,1
IIMK/ ELE/e18/2025-26,662,Lost,0,outcome_labels_review_xlsx,,,,,,,,30.0,275000.0,,275000.0,Yes,,0.0,,No,,No,,No,,,No,,,,2026-08-31 08:31:48.376703,QUALIFIED,2026-08-31 08:31:48.376703,UNKNOWN,275000.0,False,0,12.524530013005734,30.0,275000.0,12.524530013005734,0.0013165075687216951,0,0.0,0.0,0.0,0.0,0,0,0,0,0,0.21164021164021163,1
OEM-1829,670,Lost,0,outcome_labels_review_xlsx,,,,,,,,,2019.0,,,No,,0.0,,No,,No,,No,,,No,,,,2026-08-31 08:31:49.324364,QUALIFIED,2026-08-31 08:31:49.324364,UNKNOWN,4226894.0,True,1,15.256978238928124,120.0,0.0,0.0,0.0,0,0.0,0.0,0.0,0.0,0,0,0,0,0,0.21052631578947367,1
RFQ/BIAL/E&M/HVAC/2025-26/3561,671,Lost,0,outcome_labels_review_xlsx,,,,,,,,,1.0,,,No,,0.0,,No,,No,,No,,45.0,No,,,,2026-08-31 08:31:50.357553,QUALIFIED,2026-08-31 08:31:50.357553,UNKNOWN,4226894.0,True,1,15.256978238928124,120.0,0.0,0.0,0.0,0,0.0,0.0,0.0,45.0,0,0,0,0,0,0.2094240837696335,1
NSCD/15014/1/E-Tender/11/25-26,669,Lost,0,outcome_labels_review_xlsx,,,,,,,,,1451783.0,,36300.0,Yes,,0.0,,No,,No,,No,,,No,,,,2026-08-31 08:31:53.299194,QUALIFIED,2026-08-31 08:31:53.299194,UNKNOWN,1451783.0,False,0,14.188303702970385,120.0,36300.0,10.499600568082863,0.00017377899907126376,0,0.0,0.0,0.0,0.0,0,0,0,0,0,0.20833333333333334,1
